channel,message_id,timestamp_utc,text,captured_at_utc,edited_at,deleted_detected_at
@wolfxsignals,170,2022-04-08T21:37:13Z,My investors now,2026-09-03T14:43:05Z,,
@wolfxsignals,171,2022-04-08T21:37:43Z,"Cover #BTCUSDT  at 43194.910
Percent change from entry price is: -1.14%
Lets move on to next Good trade!

Get 25USDT Bonus & trade now : https://bit.ly/3lVqgfY",2026-09-03T14:43:05Z,,
@wolfxsignals,173,2022-04-08T21:38:31Z,"Hello,👋  
We are introducing the CORNIX AUTOMATED SALARY SCHEME of the Year

Deposit $1,000
Earn 2,000 every week 
for 4weeks
Total $8000

Deposit $2,000
Earn 4,000 every week 
For 4weeks
Total $16000

 Deposit $3,000
Earn $6,000 every week for 4weeks 
Total $24,000

 Deposit $5,000
Earn $10,000 every week for 4weeks 
Total $40,000

Deposit $10,000
Earn $20,000 every week for 4weeks 
Total $80,000

Deposit $20,000
Earn $40,000 every week for 4weeks 
Total $160,000

Deposit $40,000
Earn $120,000 every week for 4weeks
Total $480,000

You can invest more and get higher profit percentage 💵💵💵

As always,  we are strictly on first come first serve basis.

Note!! Offers are created to consolidate supremacy and accuracy of our innovative tools for our esteem investors 📀

Contact admin on WhatsApp to know how it works.     👇


          +1 (205) 762‑8883",2026-09-03T14:43:05Z,2022-04-09T16:12:18Z,
@wolfxsignals,174,2022-04-08T21:38:48Z,"PAYOUT PROOFS TO INVESTORS FOR APRIL 7TH, 2022.
💵💵💵💵💵💵💵
👇🏻👇🏻👇🏻👇🏻👇🏻👇🏻👇🏻



✅✅$293,535.07
https://www.blockchain.com/btc/tx/a4f06bfff2af751e3b5eae980bd9272a544ac80c279c4b3de9fc8e74921ac0e5


✅✅$196,186.14
https://www.blockchain.com/btc/tx/58d9bfa093e5e74ebc98ef9ad34a610128759488cf246fd4b94bfd462449f2f7


✅✅$64,966.55
https://www.blockchain.com/btc/tx/94a8dce7bcba5865a6425f5df425d5857e64e5f93863e4d36d323192e25d69b3


✅✅$22,227.57
https://www.blockchain.com/btc/tx/29b99c4331d502bc3cdaa0be795866d7a7ee75a2023b0779792dfb4f86e747ba


✅✅$11,702.78
https://www.blockchain.com/btc/tx/6d20e0aeedd3217b1ea26c6465872b73601c6bede322b5c63e7b9a3fdcff85a8


✅✅$741,498.55
https://www.blockchain.com/btc/tx/c36e5f18f095b34b70320b95c6f0bf09eda9d6ccf656f0c0c973708a26c52d11


✅✅$10,594.72
https://www.blockchain.com/btc/tx/da3ce9ffffb7e540fe7ff1a9677d76665a27098cf0635ac89cde94dd407ea8a4


✅✅$10,835.77
https://www.blockchain.com/btc/tx/e65b1cdd7b11e484705f55d10388802405024712829e2693fb00fb4283dc08a8


✅✅$11,039.23
https://www.blockchain.com/btc/tx/6d2b95078807720032888f239352559bb081f2d26c66dd9a0979491e69445c98


✅✅$19,483.36
https://www.blockchain.com/btc/tx/b9b4124dce30a646959686e0f8fc6e08de9b0161f6ef82c0162b5084f485006b


✅✅$53,714.55
https://www.blockchain.com/btc/tx/00ac092407f26ba5fff8daac4266d21a80c4fdbd145c137cf8b8416098e2264f


✅✅$45,529.86
https://www.blockchain.com/btc/tx/d7a9ee310efa773570fb68a7a4193176cd62af2b5f053a1ea2c172d2fb2ae957


✅✅$256,615.95
https://www.blockchain.com/btc/tx/f50683ac8282cd5a86565d32ec2c29c4f3799efe52ec879c7e2624da2a1db57a


✅✅$94,335.15
https://www.blockchain.com/btc/tx/deece543a6ec7143d137ea99d86645c12d15d0cb9d529157feeb0ca135da9f80


✅✅$24,139.58
https://www.blockchain.com/btc/tx/b6610f9be0a6f96c9bcdbe04c53653c3b43fd769af6f535f9d97f680a6b5f35d


✅✅$33,873,58
https://www.blockchain.com/btc/tx/8bc6b340e3c773fa7daa75fd6bc8bfdca1d7f8050d9000cb520eb1fd9a2b839c


✅✅$67,105.62
https://www.blockchain.com/btc/tx/872e52c9e3d6c2a77a0e2f0603f113dc0e9338269884115e52f19325e14cfad1


✅✅$86,397.21
https://www.blockchain.com/btc/tx/3f72687f240ed4c3e95526ed2e8889894dcbfbc4ab71dedff44e62f04f77ebc6


✅✅$9,388,183.41
https://www.blockchain.com/btc/tx/de1ef1c5c2cc707aa2262cd397cd79b3246800770dc4751ab529bddc5223cebd


✅✅$45,671.24
https://www.blockchain.com/btc/tx/5da35f673bfc4fac7cc00789a454ac6e3aa34e956f46a6a23c5d0cdc48f94d0e


✅✅$40,129.33
https://www.blockchain.com/btc/tx/743309645cb77735dc69ea630fda91ed32554f33b775a6f4905a5dc912934e54


✅✅$16,174.43
https://www.blockchain.com/btc/tx/c4e776bc5b269764e02c21cd1c5d01834018ed7ed6288bed2222166181a1375a


✅✅$42,315.19
https://www.blockchain.com/btc/tx/ed9ce28f2f0e36188989a16c3fdc5e899a8ffa11082c406a41f727cc677bc0d1


✅✅$13,049,984.28
https://www.blockchain.com/btc/tx/2d59241ceae36273891d3b3c1f6aabed494c217be0a5c4e45a7f4aff7c5a90ab


✅✅$10,187.46
https://www.blockchain.com/btc/tx/a2bfadb4be26238dee4a85f2ee0fb3fa744a5342cf75fb6ce781226d04aa8173",2026-09-03T14:43:05Z,,
@wolfxsignals,175,2022-04-08T21:39:11Z,,2026-09-03T14:43:05Z,,
@wolfxsignals,177,2022-04-08T23:01:34Z,Congratulations Buddy! I assure everyone Investing with us successful trade and a very nice profit ! Join us now to be a profitable trader .,2026-09-03T14:43:05Z,,
@wolfxsignals,178,2022-04-08T23:04:44Z,Inflation makes #Bitcoin  holders more Wealthy 📈,2026-09-03T14:43:05Z,,
@wolfxsignals,179,2022-04-08T23:10:37Z,"For the 4th time in #Bitcoin 's history we have entered the green zone. 

The last 3 times this occurred the #BTC  bottom was already in and a massive bullish uptrend followed. 

Probably nothing... #Crypto",2026-09-03T14:43:05Z,,
@wolfxsignals,180,2022-04-08T23:12:41Z,How much will #Bitcoin  be worth a year from now?,2026-09-03T14:43:05Z,,
@wolfxsignals,181,2022-04-08T23:14:19Z,This is the price at the site today and when I enter the coupon code…,2026-09-03T14:43:05Z,,
@wolfxsignals,182,2022-04-08T23:16:26Z,"What comes first with #bitcoin  price action?  

🅰️Break above the median line on the Gaussian 

🅱️Enter the Golden Zone

✅ I dont care, Im buckled up baby! 🚀",2026-09-03T14:43:05Z,,
@wolfxsignals,183,2022-04-08T23:18:13Z,"Flip your coin, get X3 returns on 1 ETH and X5 return on 1 BTC. trade scheduled for a week.

If you want to invest or reinvest or you want to double your investment 


Massage admin on WhatsApp now to get started 

            👇👇👇

      +1 (205) 762‑8883",2026-09-03T14:43:05Z,2022-04-09T16:13:12Z,
@wolfxsignals,184,2022-04-08T23:20:11Z,,2026-09-03T14:43:05Z,,
@wolfxsignals,185,2022-04-08T23:21:32Z,The world’s most popular soft drink has arrived at the Metaverse,2026-09-03T14:43:05Z,,
@wolfxsignals,186,2022-04-09T16:09:13Z,"SELL #LTCUSDT  at 109.92000
This position is only 3% of our capital.

Get 25USDT Bonus & trade now : https://bit.ly/3lVqgfY",2026-09-03T14:43:05Z,,
@wolfxsignals,187,2022-04-09T16:09:41Z,,2026-09-03T14:43:05Z,,
@wolfxsignals,188,2022-04-09T16:09:41Z,,2026-09-03T14:43:05Z,,
@wolfxsignals,189,2022-04-09T16:09:42Z,,2026-09-03T14:43:05Z,,
@wolfxsignals,190,2022-04-09T16:09:42Z,I visited the Ukrianian/Polish border over the last three days and met with refugees and NGOs working to assist with the terrible humanitarian crisis. 13 million Ukrainians are displaced. Poland has an amazing heart and has taken in more than two million with open arms.,2026-09-03T14:43:05Z,,
@wolfxsignals,191,2022-04-09T16:10:02Z,"#bitcoin  price can go down, but realized cap not so much, thanks to hodlers. In fact realized cap (average cost price of all 19M BTC / 80M utxo) is near ATH at $466B. I have no doubt that realized cap will lead BTC to next price ATH. I expect $100K BTC at ~$750B realized cap.",2026-09-03T14:43:05Z,,
@wolfxsignals,192,2022-04-09T16:15:23Z,"💥 ""#Bitcoin  will become the reserve currency of the earth."" - Kevin O'Leary 🚀",2026-09-03T14:43:05Z,,
@wolfxsignals,193,2022-04-09T16:16:12Z,"You can make insane money Investing and trading in Bitcoin. 

The very best guide for beginners. No skill required, all you have to do is contact me for registration and I will guide you through how it works and also trade and make profits for you as your account manager. Be smart and act wise, start now..

Dm on WhatsApp to start 

       👇👇

 +1 (205) 762‑8883",2026-09-03T14:43:05Z,,
@wolfxsignals,194,2022-04-09T16:16:57Z,told you.,2026-09-03T14:43:05Z,,
@wolfxsignals,195,2022-04-09T16:17:10Z,"UST/USDT [Binance]
Big Whales Sell Activity 🔴
9.4M UST have been sold
💰Price: 1.00 USDT (0.01%)
🚨Order Size: 9,398,609 USDT (5.69%)
⏳Duration: 13 minutes
📊24h Vol: 165.09M USDT",2026-09-03T14:43:05Z,,
@wolfxsignals,196,2022-04-09T16:17:48Z,#KAVA +7.5% profit at current📈,2026-09-03T14:43:05Z,,
@wolfxsignals,197,2022-04-09T16:18:11Z,soon UST = $0.8,2026-09-03T14:43:05Z,,
@wolfxsignals,198,2022-04-09T16:18:24Z,"safest stable coins are 

1. USDC
2. BUSD
3. USDT",2026-09-03T14:43:05Z,,
@wolfxsignals,199,2022-04-09T16:19:24Z,,2026-09-03T14:43:05Z,,
@wolfxsignals,200,2022-04-09T16:19:24Z,,2026-09-03T14:43:05Z,,
@wolfxsignals,201,2022-04-09T16:19:24Z,,2026-09-03T14:43:05Z,,
@wolfxsignals,202,2022-04-09T16:19:25Z,"For newbies and not only, so is everyone! Ready!
You don't have to quit your job and devote all your time to trading!
The goal is to let you make money without spending a lot of time!
We make money all the time, whether bitcoin is rising or falling. 
Trading is an interesting thing and endless development. These skills will always be useful!
There are also people who joined us and did not understand what they were doing, and now make money on cryptocurrency! 
You need minimum investment to start...
So if you can't make up your mind for a long time, this is the sign! 
Just do it🔥🔥",2026-09-03T14:43:05Z,,
@wolfxsignals,204,2022-04-09T16:22:33Z,"Those of you interested to invest with us should kindly Massage on WhatsApp because we are having issues on our telegram chat 💬 

Thanks for understanding 💙",2026-09-03T14:43:05Z,,
@wolfxsignals,205,2022-04-09T16:27:58Z,"#ethereum 2.0 is coming, and yes, it will be the catalyst to send ETH to 10K, sorry haters, but it is happening!",2026-09-03T14:43:05Z,,
@wolfxsignals,206,2022-04-09T16:29:18Z,,2026-09-03T14:43:05Z,,
@wolfxsignals,207,2022-04-09T16:29:18Z,#BTC : BULLISH SCENARIO!,2026-09-03T14:43:05Z,,
@wolfxsignals,208,2022-04-09T16:31:04Z,#Bitcoin  has been in a bull market since 2020 on the weekly. Just because majority joined crypto late doesn't mean we are in a bear market. We are making higher highs and higher lows on the weekly. We are trending up. Until we close below the trend line $BTC is bullish.,2026-09-03T14:43:05Z,,
@wolfxsignals,209,2022-04-09T16:31:59Z,"For those new to #Bitcoin , here's a reminder of what happens almost every time.",2026-09-03T14:43:05Z,,
@wolfxsignals,210,2022-04-09T17:00:12Z,"#Bitcoin  is about to drop massively, huge warning! 🚨",2026-09-03T14:43:05Z,,
@wolfxsignals,211,2022-04-09T17:32:23Z,"The largest cryptos

1. Bitcoin $819 billion
2. Ethereum $390 billion
3. Tether $82 billion
4. Binance Coin $70 billion
5. USD Coin $50 billion
6. Solana $37 billion
7. XRP $37 billion
8. Cardano $36 billion
9. Terra $35 billion
10. Avalanche $24 billion

Combined = $1.5 trillion",2026-09-03T14:43:05Z,,
@wolfxsignals,212,2022-04-09T17:47:05Z,"For now, traders are keeping a close eye on nearby resistance levels in BTC and ETH. A sustained rise in trading volume over the weekend could encourage more buying activity.
""An essential boundary for ether will be the $3K mark. 

If you want to invest, now would be the best time because we are creating portfolios for investments‼️✅

Send a text message on WhatsApp now if you’re interested in the investment program..!
Available payment method is bitcoin and Ethereum

                        👇


            +1 (205) 762‑8883",2026-09-03T14:43:05Z,,
@wolfxsignals,213,2022-04-09T17:48:22Z,"$VET #VeChain 
#bitcoin  pair:
well, I would say there is a good chance for this to rip upside
flipping both daily downtrend and horizontal S/R area

upper levels on chart, but it must hold itself above 144-150sats area, otherwise this flip fails

Share🔥",2026-09-03T14:43:05Z,,
@wolfxsignals,214,2022-04-09T17:50:35Z,"$BTC / $USD - Update 

3 day has called the Golden and Death cross well .. Right now we can see price action sandwiched between these EMAs. We need to reclaim at least the 50 EMA and 50k for a bullish flip here .. 

Until then bears are in control here in my opinion",2026-09-03T14:43:05Z,,
@wolfxsignals,215,2022-04-09T17:51:18Z,"$LUNA / $USD - Update 

Top is in for now on LUNA. Sold my bags that i opened at $50 - $51 region .. and looking to re enter, but not until we have a completed ABC wave, or a completed impulse",2026-09-03T14:43:05Z,,
@wolfxsignals,216,2022-04-09T17:51:59Z,"Am I the only one who is excited to think we may get cheaper prices to load up on #Crypto before a massive pump 

Man I’m hyped .. Spot bags will become thicker ready for the next move. If we pump from here also amazing ‼️ Basically don’t be a bitch if we drop .. Exciting times",2026-09-03T14:43:05Z,,
@wolfxsignals,217,2022-04-09T17:53:13Z,#bitcoin  to $16k 🤯 huge reversal pattern...,2026-09-03T14:43:05Z,,
@wolfxsignals,218,2022-04-09T17:53:46Z,"$52,000 - $54,000 #Bitcoin  is the zone we need to flip to get a straight moon pass to ATHs .. 

Until then we are in a major chop zone, hence all the bear / bull fights .. I remember these days back in 2018 with the bouncy ball TA. REKT many 🙃",2026-09-03T14:43:05Z,,
@wolfxsignals,219,2022-04-09T17:54:52Z,"#Bitcoin  #BULLISH 🔥🔥🔥 DON'T FORGET THIS 👇

INVERSE H&S. 
NECKLINE BREAKOUT.
PULLBACK. 

TARGET $64.1K.

WE WILL REACH IT. 🤝👊
#Crypto #BTC ",2026-09-03T14:43:05Z,,
@wolfxsignals,220,2022-04-09T17:55:49Z,Whisper #Bitcoin  in their ear “ 👀,2026-09-03T14:43:05Z,,
@wolfxsignals,221,2022-04-09T17:56:57Z,"The longer #Bitcoin  chops around the more I have noticed that an increasing amount of market participants are becoming restless, worried, less convicted, losing hope and losing their logical & rational faculties. 

Meanwhile, I am enjoying the #Crypto ride & focused on learning.",2026-09-03T14:43:05Z,,
@wolfxsignals,222,2022-04-09T17:58:46Z,"What do you think about cryptocurrency and which one is your favorite?

Cryptocurrency is a new and volatile asset class that few if any truly understand with huge potential to achieve genuine good in the world. The cryptocurrency’s are a mask that hides the true value of the technology. It’s the most exciting technological innovation with real world use-case application we’ve seen since the internet. It will likely be the ‘new’ internet due to its immutable, transparent transnational and secure nature.

The technology needs more time to mature and for the conversation to move away from speculation and into the realm of interactivity.

The favourite is Bitcoin, not for its price, not for its use-case not for its likelihood of adoption. The favourite being Bitcoin is because it provided the ground work for this world to emerge. It has done so without a leader at the helm which I think romanticises the story into a legend. Satoshi Nakamoto is very much the Bruce Wayne of our Gotham City - the world.

DM on WhatsApp to start making money from crypto 

       👇👇

+1 (205) 762‑8883",2026-09-03T14:43:05Z,,
@wolfxsignals,223,2022-04-09T17:59:51Z,"My Confluence #Bitcoin  Floor Model 

🚨 Model helps to assess the current worst case scenario price floor. NOT implying we go anywhere near this level. 

Zero daily closes below in the history of #BTC 

3 Onchain Floor Models Combined. #Crypto

30d Change  | +3%

Today  | $27,662",2026-09-03T14:43:05Z,,
@wolfxsignals,224,2022-04-09T18:00:59Z,History repeating on #Bitcoin  👇🚀,2026-09-03T14:43:05Z,,
@wolfxsignals,225,2022-04-09T18:08:39Z,#Bitcoin  Double Bottom! 🚀,2026-09-03T14:43:05Z,,
@wolfxsignals,226,2022-04-09T18:09:19Z,#Bitcoin  Bounce Incoming! 🔥,2026-09-03T14:43:05Z,,
@wolfxsignals,227,2022-04-09T18:10:13Z,"Looks like people appreciate when I give away my money. Thanks for your support guys, I love you all and you deserve the giveaway ❤️",2026-09-03T14:43:05Z,,
@wolfxsignals,228,2022-04-09T18:11:24Z,If you have up to 0.20 BTC Dm me now on WhatsApp let’s make x3 profit,2026-09-03T14:43:05Z,,
@wolfxsignals,229,2022-04-09T18:11:51Z,#BITCOIN  🔜🌙,2026-09-03T14:43:05Z,,
@wolfxsignals,230,2022-04-09T18:12:33Z,#Bullish New background 🚀,2026-09-03T14:43:05Z,,
@wolfxsignals,231,2022-04-09T18:13:07Z,Reminder: #Bitcoin  has flipped bullish on the weekly MACD.,2026-09-03T14:43:05Z,,
@wolfxsignals,232,2022-04-09T18:13:37Z,"If you are worried about market, understand this that currently Geopolitical situation is not good.

There are many more things which are going at one time.

Most of the financial markets are suffering except Gold and Crude Oil.

Russia and Ukraine war news has controlled the markets.

Expect more volatility in coming days if war happens

Biden or Putin, no one is ready to let things go.

Effect will be on Crypto too.
BTC is no exception.

All you can do is to wait and see whats going on.

Thats it.

According to my thinking, things will be much better in coming 2 weeks.

Lets see how things goes?

Cheers!!!",2026-09-03T14:43:05Z,,
@wolfxsignals,233,2022-04-09T18:15:37Z,"Those who want to invest today, do not forget to send me your details on WhatsApp 

 Most of you haven't given me your details

  *Full name
  *phone number
  * Wallet address
  *Email address
  * Nationality (Optional)

        👇👇

+1 (205) 762‑8883",2026-09-03T14:43:05Z,,
@wolfxsignals,234,2022-04-09T18:16:53Z,"#Bitcoin  has to break this RSI resistance.

If we break it, a significant runup will follow! 🚀",2026-09-03T14:43:05Z,2025-05-28T08:02:12Z,
@wolfxsignals,236,2022-04-09T18:17:36Z,#Bitcoin  Breakout Incoming 🔥,2026-09-03T14:43:05Z,,
@wolfxsignals,237,2022-04-09T18:17:50Z,Apple adopting #Bitcoin  is not a matter of if but when.,2026-09-03T14:43:05Z,,
@wolfxsignals,238,2022-04-09T18:18:31Z,Total #Crypto Marketcap Retesting the breakout! 🔥,2026-09-03T14:43:05Z,,
@wolfxsignals,239,2022-04-09T18:22:32Z,"Reasons why you should invest with us!

  1. If you keep your coins in a stablecoin, it will not grow or multiply.

  2. If you keep your coins in a bear run, you will lose 80 percent of your starting capital.

  3. If you keep your Fiat, you will pay taxes on every purchase made and you will have to deal with inflation.

  4. If you invest with us, you won't have to worry about all of the above, your investment will triple over time.  Think about it.

  Contact me on WhatsApp now to get started and worry less!

                  📥📥

        +1 (205) 762‑8883",2026-09-03T14:43:05Z,,
@wolfxsignals,240,2022-04-09T18:24:11Z,"Less than 4% of the world owns #Bitcoin  

And you still say it's too late?

Invest and Accumulate more ❤️",2026-09-03T14:43:05Z,,
@wolfxsignals,241,2022-04-09T18:24:35Z,"Currently, we have 12,071,000 #Bitcoin  that have not moved for at least 1+ years.

Look how in Bull market peaks we see a huge decreasement in supply last active 1+ year and how at the end of a 'bear market' we see massive spikes.

I am incredibly bullish on #BTC  🚀",2026-09-03T14:43:05Z,,
@wolfxsignals,242,2022-04-09T18:28:49Z,"Today, everyone wishes they bought #Bitcoin   5 years ago.

In 5 years, everyone will wish they had bought #Bitcoin   today.",2026-09-03T14:43:05Z,,
@wolfxsignals,243,2022-04-09T18:29:49Z,"Which #crypto will set a new ATH in 2022? 🚀

$BTC
$ETH 
$BNB 
$VET
$KASTA
$XRP
$AVAX
$ADA
$MATIC
$SOL 
$EGLD 
$SAND
$MANA
$DOT
$CRO
$SHIB",2026-09-03T14:43:05Z,,
@wolfxsignals,244,2022-04-09T18:30:19Z,"$TSLA holds $2B of #BTC  

$MSTR holds $5B of #BTC  

$LUNA plans to buy $10B of #BTC  

There’s only 21M #Bitcoin   for 8B people.",2026-09-03T14:43:05Z,,
@wolfxsignals,245,2022-04-09T18:30:49Z,"#Bitcoin   price:

2015 “too expensive”
2016 “too expensive”
2017 “too expensive”
2018 “too expensive”
2019 “too expensive”
2020 “too expensive” 
2021 “too expensive”

Bitcoin is always “too expensive” for those who don’t believe. 

They’ll pay a hefty price later.",2026-09-03T14:43:05Z,,
@wolfxsignals,246,2022-04-09T18:32:00Z,"Would you rather get paid in #Bitcoin  , #ETH or #USDT?

#USDT    $ETH        $BTC
 👇🏼             👇🏼              👇🏼

#WhatsApp 

+1 (205) 762‑8883",2026-09-03T14:43:05Z,2022-04-09T20:37:17Z,
@wolfxsignals,250,2022-04-09T20:37:02Z,"Hey guys please  follow me on my new Twitter account 

WolFX Signals",2026-09-03T14:43:05Z,,
@wolfxsignals,251,2022-04-09T20:45:54Z,One announcement and Apple can PUNK #Bitcoin  to $100‘000!,2026-09-03T14:43:05Z,,
@wolfxsignals,252,2022-04-09T22:00:53Z,"#bitcoin  price can go down, but realized cap not so much, thanks to hodlers. In fact realized cap (average cost price of all 19M BTC / 80M utxo) is near ATH at $466B. I have no doubt that realized cap will lead BTC to next price ATH. I expect $100K BTC at ~$750B realized cap.",2026-09-03T14:43:05Z,,
@wolfxsignals,253,2022-04-09T22:04:46Z,"The largest cryptos

1. Bitcoin $819 billion
2. Ethereum $390 billion
3. Tether $82 billion
4. Binance Coin $70 billion
5. USD Coin $50 billion
6. Solana $37 billion
7. XRP $37 billion
8. Cardano $36 billion
9. Terra $35 billion
10. Avalanche $24 billion

Combined = $1.5 trillion",2026-09-03T14:43:05Z,,
@wolfxsignals,254,2022-04-09T22:06:39Z,#BTC,2026-09-03T14:43:05Z,,
@wolfxsignals,255,2022-04-09T22:07:52Z,"Reasons why you should invest with us!

  1. If you keep your coins in a stablecoin, it will not grow or multiply.

  2. If you keep your coins in a bear run, you will lose 80 percent of your starting capital.

  3. If you keep your Fiat, you will pay taxes on every purchase made and you will have to deal with inflation.

  4. If you invest with us, you won't have to worry about all of the above, your investment will triple over time.  Think about it.

  Contact me on WhatsApp now to get started and worry less!

            📥📥

   +1 (205) 762‑8883",2026-09-03T14:43:05Z,,
@wolfxsignals,256,2022-04-09T22:08:44Z,#BITCOIN  WILL MOVE BIG WITHIN 24HRS!! 🚀👀,2026-09-03T14:43:05Z,,
@wolfxsignals,257,2022-04-09T22:09:23Z,#Bitcoin  Explosion Loading... 💥,2026-09-03T14:43:05Z,,
@wolfxsignals,258,2022-04-09T22:10:33Z,#Bitcoin  1hr Breakouit incoming! 🚀,2026-09-03T14:43:05Z,,
@wolfxsignals,259,2022-04-09T22:12:26Z,"When #Bitcoin  flippens gold, each Bitcoin will be worth $475K.

Plan accordingly.",2026-09-03T14:43:05Z,,
@wolfxsignals,260,2022-04-09T22:14:13Z,"There’s a lot of amazing macro news coming out for $btc. I’m very bullish for #BITCOIN  medium to long term.

I think we’re very close to the bottom, worstq case scenario $29,000",2026-09-03T14:43:05Z,,
@wolfxsignals,261,2022-04-09T22:15:06Z,"#bitcon we get a bounce here at $42,152 

Depending on how strong the bounce is we can go back to $44,467 and can remain bullish or we break down to $39k (most likely)",2026-09-03T14:43:05Z,,
@wolfxsignals,263,2022-04-09T22:18:04Z,"Holding 0.30 BTC will make you RICH!!!

JUST DM ON #Whatsapp🚨🚨🚨

Invest with us now let’s make x3 profit in a week 
                 

                 👇👇

     +1 (205) 762‑8883",2026-09-03T14:43:05Z,,
@wolfxsignals,264,2022-04-09T23:04:12Z,When #Bitcoin  hits 100k I am publicly committing to doing a 24-hour straight livestream to celebrate. I will cycle in the smartest minds in my network as guests. If you think I am joking I have done a 24-hour #Crypto livestream already once before on New Years of 2020/21.,2026-09-03T14:43:05Z,,
@wolfxsignals,265,2022-04-09T23:10:56Z,"The best has yet to come.
#Bitcoin ",2026-09-03T14:43:05Z,,
@wolfxsignals,267,2022-04-09T23:14:35Z,"Familiar stage is set...

+ #BTC retesting 100D MA after reclaim

+ #Altcoin market cap retesting weekly EMA ribbon after years of near-identical structure

+ $DXY near local top (imo) after an ~1 year run

+ Fed Funds Rate on the rise",2026-09-03T14:43:05Z,,
@wolfxsignals,268,2022-04-09T23:15:25Z,"The percentage of #Bitcoin  that has not been moved for at least 1 year keeps increasing. 💎👐 Close to their ATH or at an ATH, depending on the data source you are considering. Not far away from 60%. $BTC",2026-09-03T14:43:05Z,,
@wolfxsignals,269,2022-04-09T23:16:39Z,"If $42.6k continues to hold as Resistance, the trend is for price to follow this action to the target at $40.8k.

-Now! At what point is price more likely to break $44.4k and reverse the trend?
If $43.5k is broken and is held as Support! 

#BTC  #Bitcoin 

1/6🧵",2026-09-03T14:43:05Z,2022-06-29T18:06:57Z,
@wolfxsignals,270,2022-04-09T23:19:44Z,"If you are joining us today feel free to join this investment program 

Join our program and start making money, even if you are a newbie or Pro ….

Invest your Bitcoin, Eth and Usdt

Dm the admin on #WhatsApp to invest 

       👇👇👇

+1 (205) 762‑8883",2026-09-03T14:43:05Z,2025-04-11T06:11:14Z,
@wolfxsignals,271,2022-04-09T23:26:01Z,😂😂,2026-09-03T14:43:05Z,2025-03-29T01:50:49Z,
@wolfxsignals,272,2022-04-09T23:28:06Z,"Imagine if $CULT did a 100x from here

I’m in the same boat as you, pure speculative investment but i love it 🚀",2026-09-03T14:43:05Z,2022-09-30T03:34:13Z,
@wolfxsignals,273,2022-04-09T23:30:09Z,"In the last twenty days, this whale accumulated more than 575 #BTC  at an average price of $43.000!

Whales keep accumulating, retail investors panic selling! Love that game 

🧸🔫",2026-09-03T14:43:05Z,2025-05-22T16:10:08Z,
@wolfxsignals,274,2022-04-09T23:31:20Z,"#IMPORTANT:

Wallets with 10 to 1000 $BTC are widely selling their coins!

The wallets that own more than 10 thousand #Bitcoin  are currently buying from the price of approximately $43,500",2026-09-03T14:43:05Z,2022-07-01T11:55:36Z,
@wolfxsignals,275,2022-04-09T23:32:19Z,"FOCUS ON THE LONG TERM!

WE AT INVESTING AND ACCUMULATION PHASE!

$BTC",2026-09-03T14:43:05Z,2022-04-18T05:35:24Z,
@wolfxsignals,276,2022-04-09T23:35:35Z,#BTC : 11 year resistance will break!,2026-09-03T14:43:05Z,2022-05-29T19:02:39Z,
@wolfxsignals,277,2022-09-14T12:32:18Z,,2026-09-03T14:43:05Z,,
@wolfxsignals,278,2022-09-25T10:55:55Z,,2026-09-03T14:43:05Z,,
@fxfaro,457,2026-09-03T14:17:13Z,,2026-09-03T14:43:10Z,,
@fxfaro,458,2026-09-03T14:33:00Z,"Hey 👋 Daniel here! I hope you’re doing well.

Before we dive in, quick check. I’m quite selective with who I accept, so I like to understand someone first before explaining anything.

Where are you from?",2026-09-03T14:43:10Z,,
@fxtradingvision,84204,2026-09-02T13:32:43Z,X10 CHALLENGE IS GOING INSANEEEE NOW,2026-09-03T14:43:12Z,2026-09-02T13:32:43Z,
@fxtradingvision,84205,2026-09-02T13:33:20Z,Baaaaaaaam 2493€ in plus 😵‍💫😵‍💫😵‍💫😵‍💫,2026-09-03T14:43:12Z,2026-09-02T13:33:20Z,
@fxtradingvision,84206,2026-09-02T13:41:14Z,"Follow the instructions below to UNLOCK your access directly! 👇

@FXTV10Xonboarding_bot

FINAL 3 SPOTS",2026-09-03T14:43:12Z,2026-09-02T13:41:15Z,
@fxtradingvision,84207,2026-09-02T13:49:32Z,"TP 1 is hit! 👏

+ 40 pips profit secured.

SL back to entry.",2026-09-03T14:43:12Z,2026-09-02T13:49:33Z,
@fxtradingvision,84208,2026-09-02T13:54:41Z,,2026-09-03T14:43:12Z,2026-09-02T13:54:41Z,
@fxtradingvision,84209,2026-09-02T13:54:41Z,X10 CHALLENGE IS GOING INSANE!,2026-09-03T14:43:12Z,,
@fxtradingvision,84210,2026-09-02T13:58:44Z,Mike the goaaat,2026-09-03T14:43:12Z,2026-09-02T13:58:45Z,
@fxtradingvision,84211,2026-09-02T14:09:07Z,OPEN GOLD BUYS,2026-09-03T14:43:12Z,2026-09-02T14:09:07Z,
@fxtradingvision,84212,2026-09-02T14:09:23Z,"NEW TRADE IDEA

XAUUSD BUY 4394

TP 1 4398
TP 2 4399
TP 3 4430

SL @ 4370

Trade accordingly and only trade with money you can afford to LOSE.

DOUBLE LOTSIZE.",2026-09-03T14:43:12Z,2026-09-02T14:09:25Z,
@fxtradingvision,84213,2026-09-02T14:18:58Z,Open extra gold buys here.,2026-09-03T14:43:12Z,2026-09-02T14:18:58Z,
@fxtradingvision,84214,2026-09-02T14:36:28Z,Move SL to 4360 and be ready for firework.,2026-09-03T14:43:12Z,2026-09-02T14:36:31Z,
@fxtradingvision,84215,2026-09-02T16:49:29Z,"WANT TO JOIN THE X10 CHALLENGE?

Follow the instructions below to UNLOCK your access directly! 👇

@FXTV10Xonboarding_bot

FINAL 3 SPOTS",2026-09-03T14:43:12Z,2026-09-02T16:49:31Z,
@fxtradingvision,84216,2026-09-02T18:57:01Z,,2026-09-03T14:43:12Z,2026-09-02T18:57:01Z,
@fxtradingvision,84217,2026-09-02T19:11:59Z,"Guys… only trade with money you can afford to lose.

With trading it’s never only winning, there are also losses involved.

Be careful with your positions, always.",2026-09-03T14:43:12Z,2026-09-02T19:12:01Z,
@fxtradingvision,84218,2026-09-02T19:13:12Z,"We all lost money in our lives, never feel alone or lost in life.

Keep going, never give up. Money comes and goes.

And if it’s your last money, don’t trade.",2026-09-03T14:43:12Z,2026-09-02T19:13:13Z,
@fxtradingvision,84219,2026-09-02T20:44:20Z,"Piter made €4,725 profit by copying my trades in the VIP ✅

Simple copy & paste. If Piter can do it, why can’t YOU?!",2026-09-03T14:43:12Z,2026-09-03T03:14:05Z,
@fxtradingvision,84220,2026-09-02T20:44:20Z,,2026-09-03T14:43:12Z,,
@fxtradingvision,84221,2026-09-03T02:34:38Z,"TP 1 & 2 are BOTH hit ✅

+ 90 pips profit secured as we used double lotsize 🔥🔥🔥

Move your SL back to entry.",2026-09-03T14:43:12Z,2026-09-03T02:34:38Z,
@fxtradingvision,84222,2026-09-03T02:52:01Z,Good good morning legends ❤️ Hope you woke up fresh for this Thursday!,2026-09-03T14:43:12Z,2026-09-03T02:52:01Z,
@fxtradingvision,84223,2026-09-03T03:12:01Z,"I started only on Thursday late afternoon and couldn't even follow properly on Friday as I was working, yet still 6×timed my deposit 🙌",2026-09-03T14:43:12Z,2026-09-03T03:12:01Z,
@fxtradingvision,84224,2026-09-03T03:14:01Z,"Hey, it’s Thursday again :) 

Joanna joined on another Thursday and made €3,109 within a week. 

Are you going to start this Thursday and do the same thing as Joanna? I’m here to help you realize it LET’S GET TO WORK 🙏🏼",2026-09-03T14:43:12Z,2026-09-03T06:23:05Z,
@fxtradingvision,84225,2026-09-03T04:38:01Z,,2026-09-03T14:43:12Z,2026-09-03T04:38:01Z,
@fxtradingvision,84226,2026-09-03T05:33:01Z,"The next gold trade will be shared inside my VIP and X10 within 45 minutes.

It has a HIGH chance of hitting the targets.

See you inside ✌️",2026-09-03T14:43:12Z,2026-09-03T05:33:01Z,
@fxtradingvision,84227,2026-09-03T06:17:01Z,"Alhamdhulillah today 
Thank you Mike ❤️❤️❤️",2026-09-03T14:43:12Z,2026-09-03T06:17:01Z,
@fxtradingvision,84228,2026-09-03T06:18:01Z,Lebbai made €600+ in 1 single day….,2026-09-03T14:43:12Z,2026-09-03T06:18:01Z,
@fxtradingvision,84229,2026-09-03T06:18:01Z,We out here SMASHING it with the gold trades 🤑🤑🤑,2026-09-03T14:43:12Z,2026-09-03T06:18:01Z,
@fxtradingvision,84230,2026-09-03T06:23:01Z,✅ I have my eyes on another very high-potential GOLD trade that I’m going to ONLY share in the VIP group. Are you going to make profits or miss out on it? 💰,2026-09-03T14:43:12Z,2026-09-03T08:22:28Z,
@fxtradingvision,84231,2026-09-03T06:48:01Z,,2026-09-03T14:43:12Z,2026-09-03T06:48:01Z,
@fxtradingvision,84232,2026-09-03T07:29:01Z,,2026-09-03T14:43:12Z,2026-09-03T07:29:01Z,
@fxtradingvision,84233,2026-09-03T07:29:01Z,,2026-09-03T14:43:12Z,2026-09-03T07:29:01Z,
@fxtradingvision,84234,2026-09-03T07:29:01Z,,2026-09-03T14:43:12Z,2026-09-03T07:29:01Z,
@fxtradingvision,84235,2026-09-03T07:55:12Z,"Lets kill it today lads 🫡 I want to see everyone in this group win 

Gooooooo",2026-09-03T14:43:12Z,2026-09-03T07:55:13Z,
@fxtradingvision,84236,2026-09-03T08:07:01Z,,2026-09-03T14:43:12Z,2026-09-03T08:07:01Z,
@fxtradingvision,84237,2026-09-03T08:08:11Z,DO YOU WANT A VIP GOLD TRADE?,2026-09-03T14:43:12Z,2026-09-03T08:08:11Z,
@fxtradingvision,84238,2026-09-03T08:10:36Z,OPEN GOLD BUYS,2026-09-03T14:43:12Z,2026-09-03T08:10:37Z,
@fxtradingvision,84239,2026-09-03T08:11:14Z,"NEW TRADE IDEA

XAUUSD BUY 4434

TP 1 4438
TP 2 4439
TP 3 4480

SL @ 4310

Trade accordingly and only trade with money you can afford to LOSE.

DOUBLE LOTSIZE.",2026-09-03T14:43:12Z,2026-09-03T08:11:15Z,
@fxtradingvision,84240,2026-09-03T08:19:53Z,"TP 1 & 2 are BOTH hit ✅

+ 90 pips profit secured as we used double lotsize 🔥🔥🔥

Move your SL back to entry.",2026-09-03T14:43:12Z,2026-09-03T08:19:54Z,
@fxtradingvision,84241,2026-09-03T08:19:57Z,"Nice one, legends.",2026-09-03T14:43:12Z,2026-09-03T08:19:57Z,
@fxtradingvision,84243,2026-09-03T08:27:16Z,"Yesterday we shared 43 trades in the X10 challenge.

We won 40 of them.

Lost 3.

That’s CRAZY!

In just one day.",2026-09-03T14:43:12Z,2026-09-03T08:27:17Z,
@fxtradingvision,84244,2026-09-03T08:27:29Z,"WANT TO JOIN THE X10 CHALLENGE?

Follow the instructions below to UNLOCK your access directly! 👇

@FXTV10Xonboarding_bot",2026-09-03T14:43:12Z,2026-09-03T08:27:30Z,
@fxtradingvision,84245,2026-09-03T08:28:32Z,Today we aim to win all our trades and to lose maximum 1 trade.,2026-09-03T14:43:12Z,2026-09-03T08:28:33Z,
@fxtradingvision,84246,2026-09-03T08:46:01Z,"Piter made €4,725 profit by copying my trades in the VIP ✅

Simple copy & paste. If Piter can do it, why can’t YOU?!",2026-09-03T14:43:12Z,2026-09-03T13:17:29Z,
@fxtradingvision,84247,2026-09-03T08:46:01Z,,2026-09-03T14:43:12Z,,
@fxtradingvision,84248,2026-09-03T08:51:14Z,"This must be the wildest thing that’s ever happened to me. Started on Monday with 1887 usd, now just hit 100 k unbelievable 🔥🔥🔥🔥🔥🔥",2026-09-03T14:43:12Z,2026-09-03T08:51:14Z,
@fxtradingvision,84249,2026-09-03T08:52:13Z,"That is one of our X10 challenge members…..

Simple as that….",2026-09-03T14:43:12Z,2026-09-03T08:52:13Z,
@fxtradingvision,84250,2026-09-03T08:58:56Z,"TP 1 is hit! 👏

+ 80 pips profit secured.

SL back to entry.",2026-09-03T14:43:12Z,2026-09-03T08:58:57Z,
@fxtradingvision,84251,2026-09-03T09:09:17Z,Want to see his trades with the X10 challenge?,2026-09-03T14:43:12Z,2026-09-03T09:09:17Z,
@fxtradingvision,84252,2026-09-03T09:15:59Z,"NO DEMO ACCOUNTS OR FAKE RESULS ON THIS SIDE.

I TOLD YOU THIS X10 CHALLENGE IS NEXT LEVEL.",2026-09-03T14:43:12Z,2026-09-03T09:16:00Z,
@fxtradingvision,84253,2026-09-03T09:19:57Z,"WANT TO JOIN THE X10 CHALLENGE?

Follow the instructions below to UNLOCK your access directly! 👇

@FXTV10Xonboarding_bot",2026-09-03T14:43:12Z,2026-09-03T09:19:57Z,
@fxtradingvision,84254,2026-09-03T09:56:50Z,OPEN GOLD BUYS,2026-09-03T14:43:12Z,2026-09-03T09:56:51Z,
@fxtradingvision,84255,2026-09-03T09:57:09Z,"NEW TRADE IDEA

XAUUSD BUY 4425

TP 1 4429
TP 2 4430
TP 3 4475

SL @ 4400

Trade accordingly and only trade with money you can afford to LOSE.

DOUBLE LOTSIZE.",2026-09-03T14:43:12Z,2026-09-03T09:57:10Z,
@fxtradingvision,84256,2026-09-03T10:00:00Z,"LIVE FREE GOLD TRADE

SHOW ME THE LIKES",2026-09-03T14:43:12Z,2026-09-03T10:00:01Z,
@fxtradingvision,84257,2026-09-03T10:08:29Z,"TP 1 & 2 are BOTH hit ✅

+ 90 pips profit secured as we used double lotsize 🔥🔥🔥

Move your SL back to entry.",2026-09-03T14:43:12Z,2026-09-03T10:08:31Z,
@fxtradingvision,84266,2026-09-03T10:42:04Z,"TP 1 is hit! 👏

+ 80 pips profit secured.

SL back to entry.",2026-09-03T14:43:12Z,2026-09-03T10:42:04Z,
@fxtradingvision,84267,2026-09-03T10:44:29Z,"WANT TO JOIN THE X10 CHALLENGE?

Follow the instructions below to UNLOCK your access directly! 👇

@FXTV10Xonboarding_bot",2026-09-03T14:43:12Z,2026-09-03T10:44:31Z,
@fxtradingvision,84268,2026-09-03T10:53:32Z,"TP 1 is hit! 👏

+ 80 pips profit secured.

SL back to entry.",2026-09-03T14:43:12Z,2026-09-03T10:53:33Z,
@fxtradingvision,84269,2026-09-03T10:53:52Z,HIT AFTER HIT INSIDE THE CHALLENGE.,2026-09-03T14:43:12Z,2026-09-03T10:53:52Z,
@fxtradingvision,84270,2026-09-03T10:54:05Z,"We shared 8 trades today and won all 8 of them.

What a streak…….",2026-09-03T14:43:12Z,2026-09-03T10:54:06Z,
@fxtradingvision,84271,2026-09-03T11:06:04Z,"It’s very simple to join… takes 5 minutes

All you have to do is to follow the steps of the onboarding bot

@FXTV10Xonboarding_bot",2026-09-03T14:43:12Z,2026-09-03T11:06:05Z,
@fxtradingvision,84272,2026-09-03T11:09:19Z,"TP 1 is hit! 👏

+ 80 pips profit secured.

SL back to entry.",2026-09-03T14:43:12Z,2026-09-03T11:09:20Z,
@fxtradingvision,84273,2026-09-03T11:19:34Z,"TP 2 is hit on double lotsize

+ 220 pips profit",2026-09-03T14:43:12Z,2026-09-03T11:19:34Z,
@fxtradingvision,84274,2026-09-03T11:19:34Z,"TP 2 is hit on double lotsize

+ 260 pips profit",2026-09-03T14:43:12Z,2026-09-03T11:19:34Z,
@fxtradingvision,84275,2026-09-03T11:29:19Z,DO YOU WANT A NEW VIP GOLD TRADE?,2026-09-03T14:43:12Z,2026-09-03T11:29:20Z,
@fxtradingvision,84276,2026-09-03T11:29:21Z,SHOW ME THE LIKES,2026-09-03T14:43:12Z,2026-09-03T11:29:21Z,
@fxtradingvision,84277,2026-09-03T11:36:47Z,OPEN GOLD BUYS,2026-09-03T14:43:12Z,2026-09-03T11:36:48Z,
@fxtradingvision,84278,2026-09-03T11:37:08Z,"NEW TRADE IDEA

XAUUSD BUY 4435

TP 1 4439
TP 2 4440
TP 3 4475

SL @ 4410

Trade accordingly and only trade with money you can afford to LOSE.",2026-09-03T14:43:12Z,2026-09-03T11:37:09Z,
@fxtradingvision,84281,2026-09-03T11:45:54Z,"TP 1 & 2 are BOTH hit ✅

+ 90 pips profit secured as we used double lotsize 🔥🔥🔥

Move your SL back to entry.",2026-09-03T14:43:12Z,2026-09-03T11:45:54Z,
@fxtradingvision,84283,2026-09-03T11:47:49Z,"X10 CHALLENGE IS BEING EXTENDED BY ONE WEEK! 👏

END DATE NORMALLY 4 SEPTEMBER

NEW END DATE IS 11 SEPTEMBER WE CONTINUE UNTIL NEXT WEEK FRIDAY!

MARKET IS IN PERFECT CONDITION 👌",2026-09-03T14:43:12Z,2026-09-03T11:47:50Z,
@fxtradingvision,84284,2026-09-03T11:51:18Z,"WANT TO JOIN THE X10 CHALLENGE?

Follow the instructions below to UNLOCK your access directly! 👇

@FXTV10Xonboarding_bot",2026-09-03T14:43:12Z,2026-09-03T11:51:21Z,
@fxtradingvision,84285,2026-09-03T11:58:56Z,"TP 2 is hit! 👏

+ 280 pips profit secured.",2026-09-03T14:43:12Z,2026-09-03T11:58:57Z,
@fxtradingvision,84286,2026-09-03T12:07:46Z,,2026-09-03T14:43:12Z,2026-09-03T12:07:47Z,
@fxtradingvision,84287,2026-09-03T12:08:05Z,Yes mate. Just reached X10! A huge thank you to you and your team. From $2K to $20K. Next target: $200K 🤣,2026-09-03T14:43:12Z,2026-09-03T12:08:05Z,
@fxtradingvision,84288,2026-09-03T12:20:59Z,DO YOU WANT A NEW VIP GOLD TRADE?,2026-09-03T14:43:12Z,2026-09-03T12:21:01Z,
@fxtradingvision,84289,2026-09-03T12:21:13Z,OPEN NEW GOLD BUYS,2026-09-03T14:43:12Z,2026-09-03T12:21:14Z,
@fxtradingvision,84290,2026-09-03T12:21:47Z,"NEW TRADE IDEA

XAUUSD BUY 4438

TP 1 4442
TP 2 4443
TP 3 4470

SL @ 4415

Trade accordingly and only trade with money you can afford to LOSE.",2026-09-03T14:43:12Z,2026-09-03T12:21:47Z,
@fxtradingvision,84291,2026-09-03T12:22:53Z,"TP 1 & 2 are BOTH hit ✅

+ 90 pips profit secured as we used double lotsize 🔥🔥🔥

Move your SL back to entry.",2026-09-03T14:43:12Z,2026-09-03T12:22:53Z,
@fxtradingvision,84292,2026-09-03T12:22:58Z,,2026-09-03T14:43:12Z,2026-09-03T12:22:59Z,
@fxtradingvision,84293,2026-09-03T12:31:50Z,"TP 2 is hit on double lotsize

+ 560 pips profit secured 

That’s the BIG jackpot I was waiting for.",2026-09-03T14:43:12Z,2026-09-03T12:31:51Z,
@fxtradingvision,84294,2026-09-03T12:33:10Z,Locked in at the office.,2026-09-03T14:43:12Z,2026-09-03T12:33:11Z,
@fxtradingvision,84295,2026-09-03T12:37:26Z,X44! 🤩,2026-09-03T14:43:12Z,2026-09-03T12:37:26Z,
@fxtradingvision,84296,2026-09-03T12:37:52Z,Our goal was X10 but people going for X100 with the challenge.,2026-09-03T14:43:12Z,2026-09-03T12:37:53Z,
@fxtradingvision,84297,2026-09-03T12:42:20Z,,2026-09-03T14:43:12Z,2026-09-03T12:42:21Z,
@fxtradingvision,84298,2026-09-03T12:42:20Z,Look at how we entered the gold buy exactly on the local bottom at the blue line.,2026-09-03T14:43:12Z,,
@fxtradingvision,84299,2026-09-03T12:55:31Z,"TP 1 is hit! 👏

+ 90 pips profit secured.

SL back to entry.",2026-09-03T14:43:12Z,2026-09-03T12:55:31Z,
@fxtradingvision,84300,2026-09-03T12:57:49Z,#Mikethegoat,2026-09-03T14:43:12Z,2026-09-03T12:57:50Z,
@fxtradingvision,84301,2026-09-03T12:57:49Z,The goat. So good 🚀🚀,2026-09-03T14:43:12Z,2026-09-03T12:57:50Z,
@fxtradingvision,84302,2026-09-03T12:57:49Z,Mike what is this😂 the money is flooding❤️❤️,2026-09-03T14:43:12Z,2026-09-03T12:57:50Z,
@fxtradingvision,84303,2026-09-03T13:02:53Z,Everyone who is not in the 10X Challenge is missing so much,2026-09-03T14:43:12Z,2026-09-03T13:02:53Z,
@fxtradingvision,84304,2026-09-03T13:04:20Z,Day 2 inside the group and I’m already at 3x,2026-09-03T14:43:12Z,2026-09-03T13:04:20Z,
@fxtradingvision,84305,2026-09-03T13:04:20Z,Wizard Mike! 🧙🧙,2026-09-03T14:43:12Z,2026-09-03T13:04:20Z,
@fxtradingvision,84306,2026-09-03T13:04:20Z,Mike we salute you for your hard work that you and your team putting to make all of us wealthy & happy,2026-09-03T14:43:12Z,2026-09-03T13:04:20Z,
@fxtradingvision,84307,2026-09-03T13:08:38Z,"I AM SELFMADE!

GOT 330,000 FOLLOWERS.

THAT’S FOR A REASON.

THE BEST IN THE GAME.",2026-09-03T14:43:12Z,2026-09-03T13:08:46Z,
@fxtradingvision,84308,2026-09-03T13:17:24Z,"New trade on GOLD shared in the VIP ☕️

Which direction? Buy or Sell?

👉 CLICK HERE TO CLAIM YOUR SPOT & UNLOCK ALL THE TRADES",2026-09-03T14:43:12Z,2026-09-03T13:17:25Z,2026-09-03T17:58:51Z
@fxtradingvision,84309,2026-09-03T13:19:32Z,"Thank you, brother Mike. You are the king of gold, brother! 👑🏆",2026-09-03T14:43:12Z,2026-09-03T13:19:33Z,
@fxtradingvision,84310,2026-09-03T13:46:06Z,OPEN GOLD BUYS.,2026-09-03T14:43:12Z,2026-09-03T13:46:06Z,
@fxtradingvision,84311,2026-09-03T13:46:48Z,"NEW TRADE IDEA

XAUUSD BUY 4464

TP 1 4468
TP 2 4469
TP 3 4500

SL @ 4440

Trade accordingly and only trade with money you can afford to LOSE.",2026-09-03T14:43:12Z,2026-09-03T13:46:51Z,
@fxtradingvision,84312,2026-09-03T13:59:18Z,LIVE FREE GOLD TRADE,2026-09-03T14:43:12Z,2026-09-03T13:59:19Z,
@fxtradingvision,84313,2026-09-03T13:59:44Z,"TP 1 & 2 are BOTH hit ✅

+ 90 pips profit secured as we used double lotsize 🔥🔥🔥

Move your SL back to entry.",2026-09-03T14:43:12Z,2026-09-03T13:59:45Z,
@fxtradingvision,84314,2026-09-03T14:22:27Z,"TP 2 is hit aswell

+ 340 pips profit",2026-09-03T14:43:12Z,2026-09-03T14:22:28Z,
@fxtradingvision,84315,2026-09-03T14:38:43Z,GYM TIME BABY.,2026-09-03T14:43:12Z,2026-09-03T14:38:45Z,
@fxculture,223,2026-02-15T15:00:05Z,Hey Nate how do I become a premium member?🏆,2026-09-03T14:43:15Z,,
@fxculture,224,2026-02-15T15:00:52Z,Hey there! It's easy and I can get you in today!,2026-09-03T14:43:15Z,,
@fxculture,225,2026-02-15T15:00:53Z,"By the way, it’s good to meet you! How are you doing?",2026-09-03T14:43:15Z,,
@fxculture,229,2026-02-15T15:16:21Z,"Good, how are you?",2026-09-03T14:43:15Z,,
@fxculture,234,2026-02-15T16:12:25Z,"I'm great, Thanks for asking",2026-09-03T14:43:15Z,,
@fxculture,235,2026-02-15T16:12:35Z,I hope you don’t mind me asking where you are from and how much experience you have in trading so far?,2026-09-03T14:43:15Z,,
@fxculture,236,2026-02-15T17:08:14Z,Switzerland,2026-09-03T14:43:15Z,,
@fxculture,237,2026-02-15T17:08:26Z,And about 8 months,2026-09-03T14:43:15Z,,
@fxculture,238,2026-02-15T17:18:29Z,,2026-09-03T14:43:15Z,,
@fxculture,263,2026-02-16T09:33:45Z,Well my problem I think it would be that i overcalculate stuff,2026-09-03T14:43:15Z,,
@fxculture,264,2026-02-16T09:33:56Z,And I do think I have a good risk managements,2026-09-03T14:43:15Z,,
@fxculture,265,2026-02-16T09:34:36Z,So for me to understand you will help me with my trading or you will send out trades that you took?,2026-09-03T14:43:15Z,,
@fxculture,268,2026-02-16T09:37:40Z,"Understood and in terms of your risk management, How much % would you risk per trade?",2026-09-03T14:43:15Z,,
@fxculture,269,2026-02-16T09:39:02Z,So I will provide you with 3-5 Signals per day in my premium community as well as my educational material so that you can learn and earn at the same time,2026-09-03T14:43:15Z,,
@fxculture,270,2026-02-16T09:39:28Z,The focus of my premium community is education and not just blindly following signals,2026-09-03T14:43:15Z,,
@fxculture,275,2026-02-16T09:46:52Z,Depends on the setup but max 8%,2026-09-03T14:43:15Z,,
@fxculture,276,2026-02-16T09:47:00Z,Thx good to know,2026-09-03T14:43:15Z,,
@fxculture,277,2026-02-16T09:47:06Z,Yes thx,2026-09-03T14:43:15Z,,
@fxculture,278,2026-02-16T09:47:27Z,How do I get VIP,2026-09-03T14:43:15Z,,
@fxculture,284,2026-02-16T09:51:05Z,"Tbh, 8% is quite aggressive! What I usually preach to my members is to always keep their risk low and never go beyond 5% risk to avoid taking big losses and blowing up the account.",2026-09-03T14:43:15Z,,
@fxculture,285,2026-02-16T09:51:07Z,It's easy! If you want I could send you my Trustpilot link and all the information so we can get you up and running to start trading right away?,2026-09-03T14:43:15Z,,
@fxculture,286,2026-02-16T09:57:39Z,Okey thx,2026-09-03T14:43:15Z,,
@fxculture,287,2026-02-16T09:57:42Z,Yes please,2026-09-03T14:43:15Z,,
@fxculture,288,2026-02-16T09:58:50Z,Perfect! I'll send you the info right now!,2026-09-03T14:43:15Z,,
@fxculture,289,2026-02-16T09:58:51Z,"https://www.trustpilot.com/review/thefxculture.com

Every week I am allowed to offer 20 free spots to my premium community where I share all my signals, a full video trading course, 1 on 1 mentoring + support, daily market updates and analyses and more.

To join me for free, all you need is your own money to trade with. I work together with 2 of the most trustworthy brokers in the industry, Vantage and Startrader. Everyone who signs up using my link and follows my trades on their platform gets free lifetime access to my group.

The premium group allows you to earn money while learning how to trade yourself. You don’t need any experience or knowledge at all to make money since you’ll be copying my exact trades and profit from the market when I do! Basically, the only thing you need to start is your own funds!

How to unlock the lifetime premium community package:

✅Vantage - 350 €|£ deposit - 150% Bonus on all deposits above 350 €|£

✅Startrader - 350 €|£ deposit - 100% Bonus on all deposits above 350 €|£

Do you have the funds to start trading on one of the brokers?",2026-09-03T14:43:15Z,,
@fxculture,290,2026-02-16T09:59:07Z,,2026-09-03T14:43:15Z,,
@fxculture,291,2026-02-16T10:00:09Z,,2026-09-03T14:43:15Z,,
@fxculture,298,2026-02-16T18:04:42Z,Okey thx,2026-09-03T14:43:15Z,,
@fxculture,299,2026-02-16T18:04:50Z,I will have it done as soon as possible,2026-09-03T14:43:15Z,,
@fxculture,307,2026-02-16T19:15:12Z,Perfect! But you would need to create an account using my link!,2026-09-03T14:43:15Z,,
@fxculture,308,2026-02-16T19:15:23Z,Let me get you the link for Vantage so you can set up your account.,2026-09-03T14:43:15Z,,
@fxculture,309,2026-02-16T19:15:37Z,"1️⃣Please make sure to follow the link below to create your own verified broker account at Vantage, if you get to pick an option choose: PROCEED or I CONFIRM TO ENTER AND PROCEED TO THIS WEBSITE

👉🏻https://go.vantagemarkets.com/visit/?bta=39591&nci=5355

2️⃣ Send me your Vantage User ID so I can verify your application, your User ID is available in your dashboard.

3️⃣ When you have created your account you are able to make your very first deposit. It’s important to really think about how much funds you want to start trading with. The minimum requirement to copy my signals is 350 €|£, but to achieve fast results I recommend starting with 600 €|£ / 1000 €|£.

NOTE: If you are depositing 350 €|£ or more, you will get a 150% bonus just click Promotions then Opt-in

❗️Make sure that you deposit the minimum required amount IN ONE GO, as that's how the broker unlocks your free premium package.

4️⃣Once you have finished the first 4 steps you are ready to go. Message me on Telegram with proof of your deposit history so I can send you the invitation links right away!",2026-09-03T14:43:15Z,,
@fxculture,310,2026-02-16T19:16:30Z,,2026-09-03T14:43:15Z,,
@fxculture,315,2026-02-17T10:22:17Z,Yea sure,2026-09-03T14:43:15Z,,
@fxculture,316,2026-02-17T10:22:27Z,I will do that asap,2026-09-03T14:43:15Z,,
@fxculture,317,2026-02-17T10:23:07Z,"Great, Let me know once you are set up and I will confirm on my system",2026-09-03T14:43:15Z,,
@fxculture,318,2026-02-17T10:26:24Z,Hey I did it my UID is 9820850,2026-09-03T14:43:15Z,,
@fxculture,319,2026-02-17T10:26:59Z,"Great, Give me a minute and I will confirm!",2026-09-03T14:43:15Z,,
@fxculture,320,2026-02-17T10:29:23Z,"It is not currently showing, Can you make sure the account is live and fully verified?",2026-09-03T14:43:15Z,,
@fxculture,324,2026-02-17T13:13:08Z,Well it shows me like this,2026-09-03T14:43:15Z,,
@fxculture,325,2026-02-17T13:13:27Z,"Great, just give me a minute",2026-09-03T14:43:15Z,,
@fxculture,326,2026-02-17T13:17:29Z,Wait I think I set it up know,2026-09-03T14:43:15Z,,
@fxculture,327,2026-02-17T13:17:46Z,Can you check know?,2026-09-03T14:43:15Z,,
@fxculture,328,2026-02-17T13:18:16Z,Ok just give me 5 minutes and I will check again,2026-09-03T14:43:15Z,,
@fxculture,329,2026-02-17T13:18:32Z,Sometimes can take few minutes to register,2026-09-03T14:43:15Z,,
@fxculture,330,2026-02-17T13:25:46Z,"Amazing, Your account is live and ready for deposit",2026-09-03T14:43:15Z,,
@fxculture,331,2026-02-17T13:26:04Z,Don't forget to opt in to bonus under the promotions section,2026-09-03T14:43:15Z,,
@fxculture,341,2026-02-20T15:40:53Z,"Hey there! Just wanted to follow up, things are moving fast right now, and I’d love to lock in your spot. Have you managed to deposit into your account yet?",2026-09-03T14:43:15Z,,
@fxculture,347,2026-02-21T20:10:07Z,Hey still having problem with the bank,2026-09-03T14:43:15Z,,
@fxculture,348,2026-02-21T20:10:13Z,But will be cleared up soon,2026-09-03T14:43:15Z,,
@fxculture,357,2026-02-21T21:03:21Z,"Thanks for the update mate, send a message when it's cleared",2026-09-03T14:43:15Z,,
@fxculture,358,2026-02-21T21:03:37Z,Did you check the bonus? It's now 200%,2026-09-03T14:43:15Z,,
@fxculture,362,2026-02-25T14:25:52Z,Hey! Hope you're doing well. How's everything on your end?,2026-09-03T14:43:15Z,,
@fxculture,364,2026-02-28T15:00:15Z,"Just wanted to drop this in real quick, check out my profit screenshot!",2026-09-03T14:43:15Z,,
@fxculture,365,2026-02-28T15:00:15Z,"It’s been an insane run and honestly, this could be *you* next. This is exactly what we’re doing inside the premium group. Ready to get in on the action?",2026-09-03T14:43:15Z,,
@fxculture,373,2026-03-03T14:48:07Z,"Hey! I am cleaning up my inbox because it’s full, so I am archiving the chat. This was one of my clients profits from last week! Just let me know when you’re ready and want to make some too! 🚀
If you want to see more reviews take a look at our trust pilot!
👉 https://ie.trustpilot.com/review/thefxculture.com",2026-09-03T14:43:15Z,,
@fxculture,383,2026-03-30T18:58:16Z,Hey thx for the info but sorry i am still working on the bank issue i will write you back once it is cleared,2026-09-03T14:43:15Z,,
@fxculture,391,2026-03-30T19:02:23Z,Hey! Glad to hear back from you!,2026-09-03T14:43:15Z,,
@fxculture,392,2026-03-30T19:02:23Z,Did you try to reach out to your bank?,2026-09-03T14:43:15Z,,
@fxculture,399,2026-04-03T14:11:34Z,Hey there! How's it going?,2026-09-03T14:43:15Z,,
@s2tbylennart,1,2024-08-17T07:14:31Z,,2026-09-03T14:43:20Z,,
@s2tbylennart,158,2026-06-17T09:54:15Z,,2026-09-03T14:43:20Z,,
@s2tbylennart,159,2026-06-17T09:55:24Z,"Guter Tag heute wie so oft in letzter Zeit 📊

Hier ein perfekter Blick auf unseren Trade inkl. Metatrader-Chart.
+2120€ aktuell offen und wir bleiben drin, weil unsere Strategie uns täglich Recht gibt.

Geduld ist hier entscheidend.
Kein Hektik-Trading – sondern Plan & Struktur.

🌐Klick hier um alle Vorteile kostenlos zu erhalten",2026-09-03T14:43:20Z,,
@s2tbylennart,160,2026-06-17T09:55:24Z,,2026-09-03T14:43:20Z,,
@s2tbylennart,161,2026-06-17T09:55:24Z,"🚀AUDNZD - BUY🚀

Entry: 1.21704

Stopp-Loss: 1.21404

Take-Profit 1: 1.21854
Take-Profit 2: 1.22004
Take-Profit 3: 1.22604

📊3:1 Risk Reward 📊",2026-09-03T14:43:20Z,,
@s2tbylennart,162,2026-06-17T09:55:24Z,AUDNZD TP1 HIT ✔️,2026-09-03T14:43:20Z,,
@s2tbylennart,163,2026-06-17T09:55:24Z,AUDNZD TP2 HIT ✔️✔️,2026-09-03T14:43:20Z,,
@s2tbylennart,164,2026-06-17T09:55:24Z,AUDNZD TP3 HIT ✔️✔️✔️,2026-09-03T14:43:20Z,,
@s2tbylennart,165,2026-06-17T09:55:24Z,,2026-09-03T14:43:20Z,,
@s2tbylennart,166,2026-06-17T09:55:24Z,TP3 wieder mal abgeholt 💵,2026-09-03T14:43:20Z,,
@s2tbylennart,167,2026-06-17T09:55:25Z,Die meisten müssen dafür 30 Tage arbeiten... wir holen es uns in nur einem Setup! Sowas ist nur mit Trading möglich... Es ist das Resultat von Struktur und Disziplin 🔥,2026-09-03T14:43:20Z,,
@s2tbylennart,168,2026-06-17T09:55:25Z,Du willst deine Zeit nicht mehr gegen Geld tauschen?,2026-09-03T14:43:20Z,,
@s2tbylennart,169,2026-06-17T09:55:25Z,👉@S2TSupport,2026-09-03T14:43:20Z,,
@s2tbylennart,170,2026-06-17T09:55:25Z,"✅ NEUER PREMIUM TRADE! ✅

Solltest du noch nicht Mitglied meiner VIP Gruppe sein, hast du soeben ein kostenloses Signal verpasst.

Schreib mir jetzt ""START"" und sichere dir deinen kostenlosen Zugang zur VIP mit 2-4 präzisen Signalen am Tag❗️

🛫 @S2TSupport",2026-09-03T14:43:20Z,,
@s2tbylennart,171,2026-06-17T09:55:25Z,"🚀GBPUSD - SELL🚀

Entry: 1.34814

Stopp-Loss: 1.35114

Take-Profit 1: 1.34664
Take-Profit 2: 1.34514
Take-Profit 3: 1.33914

📊3:1 Risk Reward 📊",2026-09-03T14:43:20Z,,
@s2tbylennart,172,2026-06-17T09:55:25Z,GBPUSD TP3 HIT ✔️✔️✔️,2026-09-03T14:43:20Z,,
@s2tbylennart,173,2026-06-17T09:55:25Z,,2026-09-03T14:43:20Z,,
@s2tbylennart,174,2026-06-17T09:55:25Z,,2026-09-03T14:43:20Z,,
@s2tbylennart,175,2026-06-17T09:55:25Z,"🤫 Insider-Projekt: Eine einmalige Chance 🤫

Okay Leute, hört zu. Ich habe durch meine Kontakte eine einmalige Gelegenheit bekommen, die ich so nicht wieder anbieten kann. 

Es geht um ein exklusives Projekt, das normalerweise komplett unter dem Radar läuft. Ich kann nicht zu viele Details verraten, aber es geht um die Chance auf massive Gewinne. Ich kann dafür aber nur 5 Leute ab einem Startkapital von 2.000€ mit reinnehmen. 🔒

Das letzte Insider-Projekt hat mir persönlich eine Rendite von 230% eingebracht, diesmal teile ich es mit euch um euch die Chance zu bieten mit einem kleinen Investment von 2.000€ einen Gewinn von bis zu 10.000€ zu erzielen.

Wenn du bereit bist, eine Chance zu ergreifen, die andere nicht bekommen, schreib mir ""INSIDER"" an @S2TSupport",2026-09-03T14:43:20Z,,
@s2tbylennart,176,2026-06-17T09:55:25Z,𝗧𝗿𝗮𝗱𝗲 𝗺𝗶𝘁 𝘃𝗼𝗹𝗹𝗲𝗺 𝗦𝗲𝗹𝗯𝘀𝘁𝘃𝗲𝗿𝘁𝗿𝗮𝘂𝗲𝗻 𝗴𝗲𝘀𝗰𝗵𝗹𝗼𝘀𝘀𝗲𝗻 🙌 𝗱𝗶𝘀𝘇𝗶𝗽𝗹𝗶𝗻𝗶𝗲𝗿𝘁 𝗴𝗲𝗯𝗹𝗶𝗲𝗯𝗲𝗻 𝘂𝗻𝗱 𝗱𝗲𝗺 𝗣𝗿𝗼𝘇𝗲𝘀𝘀 𝘃𝗲𝗿𝘁𝗿𝗮𝘂𝘁 ❤️,2026-09-03T14:43:20Z,,
@s2tbylennart,177,2026-06-17T09:55:25Z,"Trading, das funktioniert 📈

Die heutige Reaktion aus dem VIP spricht Klartext:

Plan – Entry – TP. So simpel kann Erfolg im Trading sein ⚠️

Noch draußen? Während andere täglich abliefern 💵

✉️ Mach’s besser. Schreib @S2TSupport",2026-09-03T14:43:20Z,,
@s2tbylennart,178,2026-06-17T09:55:25Z,"Persönliches Feedback aus der Community 📊

Genau solche Rückmeldungen zeigen, warum wir tun, was wir tun.

Jana hat für sich endlich Struktur und Klarheit im Trading gefunden - nicht durch teure Kurse, sondern durch eine ehrliche Community mit Plan, System und persönlicher Unterstützung.

Wenn du dich oft alleine fühlst oder einfach nur Klarheit brauchst:
👉Dann ist es Zeit, dass du dir anschaust, was bei S2T möglich ist.

📲Schreib @S2TSupport und starte deinen Weg mit Struktur.",2026-09-03T14:43:20Z,,
@s2tbylennart,179,2026-06-17T09:55:25Z,"⚠️Bei den folgenden Nachrichten handelt es sich um ein Ergebnis aus unserer Premium Gruppe, nicht um ein umzusetzendes Signal⚠️",2026-09-03T14:43:20Z,,
@s2tbylennart,180,2026-06-17T09:55:25Z,,2026-09-03T14:43:20Z,,
@s2tbylennart,181,2026-06-17T09:55:25Z,Leute... einfach schon wieder TP3 erreicht und ich habs vorher angekündigt 💵,2026-09-03T14:43:20Z,,
@s2tbylennart,182,2026-06-17T09:55:25Z,Glückwunsch an jeden der den Trade mitgenommen hat. Du brauchst keine tausend Indikatoren sondern nur eine klare Strategie und einen sauberen Einstieg 📈,2026-09-03T14:43:20Z,,
@s2tbylennart,183,2026-06-17T09:55:25Z,Die Strategie bekommst du von mir 👉@S2TSupport,2026-09-03T14:43:20Z,,
@s2tbylennart,184,2026-06-17T09:55:25Z,,2026-09-03T14:43:20Z,,
@s2tbylennart,185,2026-06-17T09:55:25Z,"✅ NEUER PREMIUM TRADE! ✅

Solltest du noch nicht Mitglied meiner VIP Gruppe sein, hast du soeben ein kostenloses Signal verpasst.

Schreib mir jetzt ""START"" und sichere dir deinen kostenlosen Zugang zur VIP mit 2-4 präzisen Signalen am Tag❗️

🛫 @S2TSupport",2026-09-03T14:43:20Z,,
@s2tbylennart,186,2026-06-17T09:55:42Z,"Was eine Woche bisher💲

Wir schließen den Tag und wünschen eine Gute Nacht 💯

Um in Zukunft nicht nur zuzuschauen 
👉@S2TSupport",2026-09-03T14:43:20Z,,
@s2tbylennart,187,2026-06-17T09:55:42Z,"🚀 Freitag, 29. May 🚀

Freitag ist die letzte Chance die starken Bewegungen des Marktes zu nutzen. Heute geht es um Qualität nicht um Quantität. Ein sauberer Treffer reicht völlig aus. 💵

So gehst du mit einem guten Gefühl ins Wochenende. 

Jeden Tag 1 % besser 🏆",2026-09-03T14:43:20Z,,
@s2tbylennart,188,2026-06-17T09:55:49Z,,2026-09-03T14:43:20Z,,
@s2tbylennart,189,2026-06-17T09:56:00Z,✍️ schreibt gerade...,2026-09-03T14:43:20Z,,
@s2tbylennart,190,2026-06-17T09:56:00Z,"Ich muss euch das zeigen. Habe gerade diese Nachricht von Markus bekommen. Er war am Anfang skeptisch. Das ist seine ehrliche Reaktion, nachdem er gesehen hat, was möglich ist. Mehr gibt es nicht zu sagen. Stark, Markus! 🚀",2026-09-03T14:43:20Z,,
@s2tbylennart,191,2026-06-17T09:56:00Z,👉 hier für meine kostenlosen Analysen.,2026-09-03T14:43:20Z,,
@s2tbylennart,192,2026-06-17T09:56:00Z,"Es ist DU gegen DICH. Du hast jetzt die Möglichkeit, mit £300 endlich finanziell frei zu werden, wenn du jetzt handelst. ❗️",2026-09-03T14:43:20Z,,
@s2tbylennart,193,2026-06-17T09:56:01Z,KANNST DU DAS GLAUBEN! 🚀,2026-09-03T14:43:20Z,,
@s2tbylennart,194,2026-06-17T09:56:01Z,"Leute Trading ist mehr als nur Zahlen. Es kann dir das Gefühl von Freiheit geben! Wenn du in einer Stunde mehr verdienst als vorher im ganzen Monat 🤯 Da merkst du dass Trading dir unfassbar vieles ermöglichen kann. 
Es gibt mir heute die Zeit tun zu können was ich will. Ich kann somit ganz in Ruhe arbeiten wann immer ich möchte und das auch noch Ortsunabhängig 🌍

Willst du das auch erleben?
📱 @S2TSupport",2026-09-03T14:43:20Z,,
@s2tbylennart,195,2026-06-17T09:56:39Z,,2026-09-03T14:43:20Z,,
@phenexbillions,6674,2026-08-28T08:55:26Z,"TP2 hit, that’s +900 pips 🥷🏼✅",2026-09-03T14:43:22Z,,
@phenexbillions,6675,2026-08-28T11:52:29Z,"Ich sagte doch heute wird es besser 😍

So geil Vitus, ich habe meine Analyse gemacht, auf meine Bestätigung gewartet zack rein, 5 min später gibt du das Signal 😍

Das bestätigt mich wieder das es in die richtige Richtung geht, wer konstant dabei bleibt und sich jeden Mittwoch die Zeit nimmt, gewinnt 💚
Danke 🔥🔥🔥",2026-09-03T14:43:22Z,,
@phenexbillions,6676,2026-08-28T12:28:22Z,"NEUER PREMIUM TRADE! ✅

Solltest du noch nicht Mitglied meiner VIP Gruppe sein, hast du soeben ein kostenloses Signal verpasst.

Schreib mir jetzt ""START"" und sichere dir deinen kostenlosen Zugang zur VIP mit 2-4 präzisen Signalen am Tag❗️

➡ @billions_vitus",2026-09-03T14:43:22Z,,
@phenexbillions,6677,2026-08-28T12:33:13Z,"TP1 hit, that’s +500 pips 🚀✅

SL nach Belieben auf Break Even…",2026-09-03T14:43:22Z,,
@phenexbillions,6678,2026-08-28T12:56:49Z,"TP1 hit, that’s +850 pips 🚀✅

SL nach Belieben auf Break Even…",2026-09-03T14:43:22Z,,
@phenexbillions,6679,2026-08-28T13:09:50Z,"TP2 hit, that’s +1300 pips 🚀✅",2026-09-03T14:43:22Z,,
@phenexbillions,6680,2026-08-28T19:31:02Z,"🔥 Echter Lifestyle 🔥 

Beginnt genau dort, wo du aufhörst, nach dem Wochenende zu leben – und anfängst, jeden Tag zu gestalten. Freiheit bedeutet nicht, mehr Zeit zu haben – sondern entscheiden zu können, wie du sie nutzt.

Morgens entspannt starten, mittags Profite sichern, abends leben, statt zu überleben. Genau so sieht ein Alltag aus, wenn du die Kontrolle über dein Einkommen zurückholst. Keine Kompromisse, keine Ausreden – nur Moves, die dein Leben nach vorne bringen.

Wenn du genau diesen Lifestyle willst, statt weiter zuzusehen ➡️Schreib „START“.

➡ @billions_vitus",2026-09-03T14:43:22Z,,
@phenexbillions,6681,2026-08-28T19:40:29Z,klein aber fein…. vielen Dank Vitus… die hälfte vom Tagesziel erreicht❤️,2026-09-03T14:43:22Z,,
@phenexbillions,6682,2026-08-29T05:15:12Z,"Zweites Konto, vorherige Idee",2026-09-03T14:43:22Z,,
@phenexbillions,6683,2026-08-29T07:15:16Z,,2026-09-03T14:43:22Z,,
@phenexbillions,6684,2026-08-29T07:50:33Z,"📊 Trading muss nicht den ganzen Tag dauern, wenn Struktur dahintersteht. 2–4 präzise Signale pro Tag und meist nur rund 15 Minuten Aufwand, um sie umzusetzen. Genau diese Effizienz macht den Unterschied im Alltag. Wer vorbereitet ist, kann Chancen nutzen, ohne ständig vor dem Bildschirm zu sitzen. So bleibt Zeit für das Wesentliche.

Wenn du meinen kostenlosen Service nutzen willst und morgen auch mitverdienen möchtest schreib mir ""START"".

➡ @billions_vitus",2026-09-03T14:43:22Z,,
@phenexbillions,6685,2026-08-29T09:15:30Z,,2026-09-03T14:43:22Z,,
@phenexbillions,6686,2026-08-29T11:15:28Z,,2026-09-03T14:43:22Z,,
@phenexbillions,6687,2026-08-29T13:15:22Z,"Overall Mega Tag 😍 danke für deine Zonen, hätte ich den mega buy nicht verpasst aber das ist völlig in Ordnung keine Fomo 😍",2026-09-03T14:43:22Z,,
@phenexbillions,6688,2026-08-29T15:20:21Z,Was für ein gelungener Abend und Nacht 😊🍀 eigentlich alles alleine geschafft durch deinen Input. Vielen Dank und good night 💫,2026-09-03T14:43:22Z,,
@phenexbillions,6689,2026-08-29T17:19:45Z,"🚀 Another week, another WIN! 🚀

Mit einem starken Nettoergebnis von +28.570 Pips schließen wir diese Woche ab.
Unsere konstante Performance bestätigt einmal mehr: The Phenex keeps rising – unstoppable, undeniable.


📊 The Trading Phenex – Wochenübersicht 📈

Gesamt Netto-Pips: +28.570 ❤️‍🔥

Tägliche Pips:
📆 24. Aug: +4.570
📆 25. Aug: +3.900
📆 26. Aug: +8.450
📆 27. Aug: +4.000
📆 28. Aug: +7.650

⸻

🔥 Trefferquote dieser Woche:
🎯 TP1: 100,00 %
🎯 TP2: 64,29 %
🎯 TP3: 35,71 %

Winrate: 100 % (kein SL)


Jetzt wieder mit Full Focus in die neue Handelswoche!🏆

⸻

Wir machen da weiter, wo andere aufhören.
Phenex never fades — it transforms.


Wir stehen für echte Transparenz – echte Trades, echte Resultate.
No excuses. No fake hype. Only real results.

Master the Markets. Rise with Phenex.


On to the next one! 🏆🦅",2026-09-03T14:43:22Z,,
@phenexbillions,6690,2026-08-29T17:20:33Z,,2026-09-03T14:43:22Z,,
@phenexbillions,6691,2026-08-29T19:18:15Z,"🏆 PREMIUM FEEDBACK 🏆

Zeit für einen ehrlichen Rückblick auf die vergangene Handelswoche! 📈

Gold hat es uns diese Woche alles andere als leicht gemacht. Viele Bewegungen waren unruhig und nur schwer einzuschätzen. Trotzdem haben wir die Woche profitabel beendet – unter anderem mit Tagen von über 6.800$ Profit. 🔥
Gerade in solchen Marktphasen zahlt es sich aus, geduldig zu bleiben und nicht jedem Move hinterherzulaufen. Entscheidend ist, auf saubere Setups und die richtigen Chancen zu warten.
Aktuell teile ich täglich 2–4 präzise Setups mit einer Trefferquote von über 93%. Für die Umsetzung brauchst du meistens nur 10–15 Minuten am Tag.

Du möchtest kostenlos dabei sein? Dann schreib mir jetzt „START“ und sichere dir deinen Zugang zur VIP-Gruppe mit 2–4 präzisen Signalen pro Tag❗️

➡ @billions_vitus",2026-09-03T14:43:22Z,,
@phenexbillions,6692,2026-08-29T19:18:15Z,,2026-09-03T14:43:22Z,,
@phenexbillions,6693,2026-08-29T19:18:16Z,,2026-09-03T14:43:22Z,,
@phenexbillions,6694,2026-08-29T19:18:16Z,,2026-09-03T14:43:22Z,,
@phenexbillions,6695,2026-08-29T19:18:16Z,,2026-09-03T14:43:22Z,,
@phenexbillions,6696,2026-08-29T19:18:16Z,,2026-09-03T14:43:22Z,,
@phenexbillions,6697,2026-08-29T19:18:16Z,,2026-09-03T14:43:22Z,,
@phenexbillions,6698,2026-08-29T19:20:23Z,,2026-09-03T14:43:22Z,,
@phenexbillions,6699,2026-08-29T21:45:18Z,,2026-09-03T14:43:22Z,,
@phenexbillions,6700,2026-08-30T05:45:13Z,,2026-09-03T14:43:22Z,,
@phenexbillions,6701,2026-08-30T07:45:19Z,,2026-09-03T14:43:22Z,,
@phenexbillions,6702,2026-08-30T09:25:23Z,"Heute Lief super. Bin aber als allen Positionen raus, ist mir jetzt zu viel Manipulation. Wie immer vielen Dank für die Signale",2026-09-03T14:43:22Z,,
@phenexbillions,6703,2026-08-30T09:26:13Z,"Nutz das Wochenende um eure Skills weiterzuentwickeln - learn and earn! 🧠✅

https://youtube.com/@visionvitus?si=ohcOCUhDrYPrRM9x",2026-09-03T14:43:22Z,,
@phenexbillions,6704,2026-08-30T11:25:30Z,,2026-09-03T14:43:22Z,,
@phenexbillions,6705,2026-08-30T13:25:24Z,bisschen später als die zone rein aber immer die Lower Highs mitgenommen und Profit gemacht. Dank deinen Videos konnte ich das lernen und anwenden 🙏🔥,2026-09-03T14:43:22Z,,
@phenexbillions,6706,2026-08-30T19:18:02Z,"📈 Langfristiger Erfolg entsteht nicht durch einzelne starke Trades, sondern durch Verständnis und Wiederholung. Wer Trading wirklich lernt, baut Sicherheit auf und trifft Entscheidungen mit Plan statt Hoffnung. Genau so lassen sich Profite nicht nur erzielen, sondern auch über Zeit sichern. Struktur, Disziplin und klare Regeln machen den Unterschied. Wer diesen Weg geht, entwickelt Stabilität im Ergebnis.

Wenn du meinen kostenlosen Service kennenlernen willst und sehen möchtest, wie nachhaltiges Trading aufgebaut wird, schreib mir ""START"".

➡ @billions_vitus",2026-09-03T14:43:22Z,,
@phenexbillions,6707,2026-08-30T19:50:29Z,"Ok musste nochmal in den sell momentum war einfach so stark 🔥
Jetzt Payday 😍👌",2026-09-03T14:43:22Z,,
@phenexbillions,6708,2026-08-31T05:42:02Z,"💻 Der Arbeitsplatz ist nicht festgelegt, sondern passt sich deinem Leben an. Ob unterwegs, im Kino oder an einem Ort deiner Wahl – Flexibilität entsteht, wenn Ergebnisse stimmen. Genau das macht Trading so besonders: Gewinne schaffen Spielraum und lösen starre Strukturen auf. Mit klaren Setups und sauberen Abläufen wird Arbeit beweglich statt gebunden. Wer profitabel handelt, entscheidet selbst, wo und wie er arbeitet.

Wenn du meinen kostenlosen Service kennenlernen willst und sehen möchtest, wie Trading diese Flexibilität ermöglicht, schreib mir ""START"".

➡ @billions_vitus",2026-09-03T14:43:22Z,,
@phenexbillions,6709,2026-08-31T05:50:14Z,Geile asia session😍😍😍,2026-09-03T14:43:22Z,,
@phenexbillions,6710,2026-08-31T06:41:59Z,"NEUER PREMIUM TRADE! ✅

Solltest du noch nicht Mitglied meiner VIP Gruppe sein, hast du soeben ein kostenloses Signal verpasst.

Schreib mir jetzt ""START"" und sichere dir deinen kostenlosen Zugang zur VIP mit 2-4 präzisen Signalen am Tag❗️

➡ @billions_vitus",2026-09-03T14:43:22Z,,
@phenexbillions,6711,2026-08-31T06:57:31Z,"TP1 hit, that’s +350 pips 🚀✅

SL nach Belieben auf Break Even…",2026-09-03T14:43:22Z,,
@phenexbillions,6712,2026-08-31T07:27:43Z,"TP2 hit, that’s +1000 pips 🚀✅",2026-09-03T14:43:22Z,,
@phenexbillions,6713,2026-08-31T09:13:57Z,Gute 60 pips danke 🙏 Feierabend der Markt ist tot 😃,2026-09-03T14:43:22Z,,
@phenexbillions,6714,2026-08-31T09:14:38Z,"TP1 hit, that’s +750 pips 🚀✅

SL nach Belieben auf Break Even…",2026-09-03T14:43:22Z,,
@phenexbillions,6715,2026-08-31T10:00:28Z,"TP2 hit, that’s +1150 pips 🚀✅",2026-09-03T14:43:22Z,,
@phenexbillions,6716,2026-08-31T10:07:03Z,,2026-09-03T14:43:22Z,,
@phenexbillions,6717,2026-08-31T11:42:15Z,"TP3 hit, that’s +3200 pips 🚀✅",2026-09-03T14:43:22Z,,
@phenexbillions,6718,2026-08-31T13:15:26Z,Kranker Tag heute wirklich,2026-09-03T14:43:22Z,,
@phenexbillions,6719,2026-08-31T13:15:27Z,,2026-09-03T14:43:22Z,,
@phenexbillions,6720,2026-08-31T13:16:01Z,+100 Pips wer die Zone nochmal genommen hat ✅,2026-09-03T14:43:22Z,,
@phenexbillions,6721,2026-08-31T13:45:49Z,"NEUER PREMIUM TRADE! ✅

Solltest du noch nicht Mitglied meiner VIP Gruppe sein, hast du soeben ein kostenloses Signal verpasst.

Schreib mir jetzt ""START"" und sichere dir deinen kostenlosen Zugang zur VIP mit 2-4 präzisen Signalen am Tag❗️

➡ @billions_vitus",2026-09-03T14:43:22Z,,
@phenexbillions,6722,2026-08-31T14:05:17Z,"TP1 hit, that’s +300 pips 🥷🏼✅

SL nach Belieben auf Break Even…",2026-09-03T14:43:22Z,,
@phenexbillions,6723,2026-08-31T14:05:21Z,"TP2 hit, that’s +1050 pips 🥷🏼✅",2026-09-03T14:43:22Z,,
@phenexbillions,6724,2026-08-31T14:05:26Z,"TP3 hit, that’s +1800 pips 🥷🏼✅",2026-09-03T14:43:22Z,,
@phenexbillions,6725,2026-08-31T14:38:50Z,+150 Pips ✅,2026-09-03T14:43:22Z,,
@phenexbillions,6726,2026-08-31T16:45:57Z,,2026-09-03T14:43:22Z,,
@phenexbillions,6727,2026-08-31T19:29:02Z,"🌙 Die Stadt wird leiser, der Laptop bleibt offen und der Fokus liegt auf den Zahlen. Nachts zu analysieren heißt, den Tag nicht einfach abzuhaken, sondern ihn besser zu machen. Trading lebt von Auswertung, Struktur und dem Willen, jedes Detail zu verstehen. Wer sich diese Ruhe nimmt, handelt am nächsten Tag präziser.

Wenn du meinen kostenlosen Service kennenlernen willst und sehen möchtest, wie solche Analysen umgesetzt werden, schreib mir ""START"".

➡ @billions_vitus",2026-09-03T14:43:22Z,,
@phenexbillions,6728,2026-08-31T20:02:04Z,"350+ Pips

70% raus ✅",2026-09-03T14:43:22Z,,
@phenexbillions,6729,2026-09-01T05:34:02Z,"⭐️ Verlässlichkeit zeigt sich nicht in großen Worten, sondern in konstanten Ergebnissen. Täglich entstehen mehrere präzise Setups, begleitet von einer Trefferquote, die Vertrauen schafft. Genau diese Kombination aus Struktur und Qualität sorgt dafür, dass viele dem Prozess langfristig folgen. Trading funktioniert dann, wenn Signale klar sind und Entscheidungen nachvollziehbar bleiben. Bestätigtes Feedback von außen rundet dieses Gesamtbild ab.

Wenn du meinen kostenlosen Service kennenlernen möchtest und die Signale selbst erleben willst, schreib mir ""START"".

➡ @billions_vitus",2026-09-03T14:43:22Z,,
@phenexbillions,6730,2026-09-01T06:51:46Z,"NEUER PREMIUM TRADE! ✅

Solltest du noch nicht Mitglied meiner VIP Gruppe sein, hast du soeben ein kostenloses Signal verpasst.

Schreib mir jetzt ""START"" und sichere dir deinen kostenlosen Zugang zur VIP mit 2-4 präzisen Signalen am Tag❗️

➡ @billions_vitus",2026-09-03T14:43:22Z,,
@phenexbillions,6731,2026-09-01T07:22:58Z,"TP1 hit, that’s +650 pips 🥷🏼✅

SL nach Belieben auf Break Even…",2026-09-03T14:43:22Z,,
@phenexbillions,6732,2026-09-01T08:47:11Z,"NEUER PREMIUM TRADE! ✅

Solltest du noch nicht Mitglied meiner VIP Gruppe sein, hast du soeben ein kostenloses Signal verpasst.

Schreib mir jetzt ""START"" und sichere dir deinen kostenlosen Zugang zur VIP mit 2-4 präzisen Signalen am Tag❗️

➡ @billions_vitus",2026-09-03T14:43:22Z,,
@phenexbillions,6733,2026-09-01T09:18:24Z,"TP2 hit, that’s +1100 pips 🥷🏼✅",2026-09-03T14:43:22Z,,
@phenexbillions,6734,2026-09-01T09:18:29Z,"TP3 hit, that’s +2000 pips 🥷🏼✅",2026-09-03T14:43:22Z,,
@phenexbillions,6735,2026-09-01T09:18:33Z,"TP4 hit, that’s +6000 pips 🥷🏼✅",2026-09-03T14:43:22Z,,
@phenexbillions,6736,2026-09-01T10:50:58Z,"TP1 hit, that’s +500 pips 🚀✅

SL nach Belieben auf Break Even…",2026-09-03T14:43:22Z,,
@phenexbillions,6737,2026-09-01T10:51:07Z,"TP2 hit, that’s +1400 pips 🚀✅",2026-09-03T14:43:22Z,,
@phenexbillions,6738,2026-09-01T12:57:11Z,"TP2 hit, that’s +1000 pips 🥷🏼✅",2026-09-03T14:43:22Z,,
@phenexbillions,6739,2026-09-01T12:57:14Z,"TP3 hit, that’s +2500 pips 🥷🏼✅",2026-09-03T14:43:22Z,,
@phenexbillions,6740,2026-09-01T13:06:55Z,"TP4 hit, that’s +4200 pips 🥷🏼✅",2026-09-03T14:43:22Z,,
@phenexbillions,6741,2026-09-01T19:37:02Z,"Reflektion trennt Aktionismus von Fortschritt und schafft Klarheit für morgen. Genau hier entsteht Wachstum: Aus Auswertung, Disziplin und dem Willen, besser zu werden. Trading belohnt diejenigen, die Muster erkennen und Entscheidungen bewusst treffen. Wer reflektiert, verbessert seine Ergebnisse Schritt für Schritt.

Wenn du meinen kostenlosen Service kennenlernen willst und verstehen möchtest, wie dieser Ansatz umgesetzt wird, schreib mir ""START"".

➡ @billions_vitus",2026-09-03T14:43:22Z,,
@phenexbillions,6742,2026-09-02T05:31:53Z,"🥐 Der Tag beginnt entspannt, Gedanken werden sortiert und Ideen landen im Notizbuch. Beim Frühstück entsteht Klarheit, bevor der Trubel startet. Genau diese Vorbereitung entscheidet darüber, wie sauber Entscheidungen später getroffen werden. 

Wenn du meinen kostenlosen Service kennenlernen willst und sehen möchtest, wie diese Vorbereitung im Trading umgesetzt wird, schreib mir ""START"".

➡ @billions_vitus",2026-09-03T14:43:22Z,,
@phenexbillions,6743,2026-09-02T05:37:38Z,"TP1 hit, that’s +430 pips 🚀✅

SL nach Belieben auf Break Even…",2026-09-03T14:43:22Z,,
@phenexbillions,6744,2026-09-02T05:58:59Z,"TP2 hit, that’s +900 pips 🚀✅",2026-09-03T14:43:22Z,,
@phenexbillions,6745,2026-09-02T06:17:00Z,"NEUER PREMIUM TRADE! ✅

Solltest du noch nicht Mitglied meiner VIP Gruppe sein, hast du soeben ein kostenloses Signal verpasst.

Schreib mir jetzt ""START"" und sichere dir deinen kostenlosen Zugang zur VIP mit 2-4 präzisen Signalen am Tag❗️

➡ @billions_vitus",2026-09-03T14:43:22Z,,
@phenexbillions,6746,2026-09-02T06:25:35Z,"TP1 hit, that’s +400 pips 🥷🏼✅

SL nach Belieben auf Break Even…",2026-09-03T14:43:22Z,,
@phenexbillions,6747,2026-09-02T06:37:49Z,"TP2 hit, that’s +900 pips 🥷🏼✅",2026-09-03T14:43:22Z,,
@phenexbillions,6748,2026-09-02T07:34:01Z,"Sauber TP2 I'm sell 😍
Dirket counter hinterher 🙏

Hab heute nacht ein bisschen riskiert 😂 (bewusst) 
Die Nacht ist fast wieder drin 😍
Danke für die 2 geilen Zonen zum Frühstück 🔥",2026-09-03T14:43:22Z,,
@phenexbillions,6749,2026-09-02T08:46:05Z,"NEUER PREMIUM TRADE! ✅

Solltest du noch nicht Mitglied meiner VIP Gruppe sein, hast du soeben ein kostenloses Signal verpasst.

Schreib mir jetzt ""START"" und sichere dir deinen kostenlosen Zugang zur VIP mit 2-4 präzisen Signalen am Tag❗️

➡ @billions_vitus",2026-09-03T14:43:22Z,,
@phenexbillions,6750,2026-09-02T09:38:43Z,"TP3 hit, that’s +1800 pips 🥷🏼✅",2026-09-03T14:43:22Z,,
@phenexbillions,6751,2026-09-02T11:15:37Z,"TP2 hit, that’s +1300 pips 🚀✅",2026-09-03T14:43:22Z,,
@phenexbillions,6752,2026-09-02T11:15:43Z,"TP1 hit, that’s +500 pips 🚀✅

SL nach Belieben auf Break Even…",2026-09-03T14:43:22Z,,
@phenexbillions,6753,2026-09-02T11:19:06Z,,2026-09-03T14:43:22Z,,
@phenexbillions,6754,2026-09-02T11:32:10Z,"TP2 hit, that’s +800 pips 🚀✅",2026-09-03T14:43:22Z,,
@phenexbillions,6755,2026-09-02T11:40:50Z,,2026-09-03T14:43:22Z,,
@phenexbillions,6756,2026-09-02T11:49:09Z,"NEUER PREMIUM TRADE! ✅

Solltest du noch nicht Mitglied meiner VIP Gruppe sein, hast du soeben ein kostenloses Signal verpasst.

Schreib mir jetzt ""START"" und sichere dir deinen kostenlosen Zugang zur VIP mit 2-4 präzisen Signalen am Tag❗️

➡ @billions_vitus",2026-09-03T14:43:22Z,,
@phenexbillions,6757,2026-09-02T12:04:36Z,"TP3 hit, that’s +2800 pips 🚀✅",2026-09-03T14:43:22Z,,
@phenexbillions,6758,2026-09-02T12:26:26Z,400+ Pips 🚀,2026-09-03T14:43:22Z,,
@phenexbillions,6759,2026-09-02T13:27:22Z,75% raus,2026-09-03T14:43:22Z,,
@phenexbillions,6760,2026-09-02T13:31:32Z,540 Pips 🫡🚀,2026-09-03T14:43:22Z,,
@phenexbillions,6761,2026-09-02T19:24:02Z,"💸 Finanzielle Freiheit heißt:
Du entscheidest, wann du arbeitest, wo du lebst und wie dein Leben aussieht. Viele reden davon – aber nur die Mutigen gehen den ersten Schritt.

Keiner wird dir etwas schenken!
Niemand kommt und macht es für dich. Du musst den ersten Schritt gehen. 

Schreib mir „START“ – und sei ab morgen bereit, mitzuprofitieren, statt nur zuzuschauen.

➡ @billions_vitus",2026-09-03T14:43:22Z,,
@phenexbillions,6762,2026-09-03T05:29:02Z,"☕️ Guten Morgen, der Kaffee steht bereit und der Fokus ist gesetzt. Heute geht es darum, Chancen aktiv zu nutzen statt nur zuzuschauen. Wer vorbereitet ist, erkennt Setups früh und setzt sie konsequent um. Trading lebt von Timing, Struktur und klaren Entscheidungen. Jetzt ist der Moment, Profite zu holen.

Wenn du meinen kostenlosen Service nutzen willst und nicht länger nur zuschauen möchtest, schreib mir ""START"".

➡ @billions_vitus",2026-09-03T14:43:22Z,,
@phenexbillions,6763,2026-09-03T06:41:22Z,"TP1 hit, that’s +350 pips 🥷🏼✅

SL nach Belieben auf Break Even…",2026-09-03T14:43:22Z,,
@phenexbillions,6764,2026-09-03T06:41:23Z,"TP2 hit, that’s +800 pips 🥷🏼✅",2026-09-03T14:43:22Z,,
@phenexbillions,6765,2026-09-03T06:41:23Z,"Auf Break Even bitte wieder 😇✅

+65 Pips 💯",2026-09-03T14:43:22Z,,
@phenexbillions,6766,2026-09-03T09:20:14Z,"✅ NEUER PREMIUM TRADE! ✅

Solltest du noch nicht Mitglied meiner VIP Gruppe sein, hast du soeben ein kostenloses Signal verpasst.

Schreib mir jetzt ""START"" und sichere dir deinen kostenlosen Zugang zur VIP mit 2-4 präzisen Signalen am Tag❗️

➡ @billions_vitus",2026-09-03T14:43:22Z,,
@phenexbillions,6767,2026-09-03T09:23:11Z,"TP1 hit, that’s +350 pips 🥷🏼✅

SL nach Belieben auf Break Even…",2026-09-03T14:43:22Z,,
@phenexbillions,6768,2026-09-03T09:47:15Z,"TP2 hit, that’s +850 pips 🥷🏼✅",2026-09-03T14:43:22Z,,
@phenexbillions,6769,2026-09-03T10:34:21Z,"TP3 hit, that’s +1900 pips 🥷🏼✅",2026-09-03T14:43:22Z,,
@phenexbillions,6770,2026-09-03T12:40:25Z,,2026-09-03T14:43:22Z,,
@phenexbillions,6771,2026-09-03T13:48:59Z,"✅ NEUER PREMIUM TRADE! ✅

Solltest du noch nicht Mitglied meiner VIP Gruppe sein, hast du soeben ein kostenloses Signal verpasst.

Schreib mir jetzt ""START"" und sichere dir deinen kostenlosen Zugang zur VIP mit 2-4 präzisen Signalen am Tag❗️

➡ @billions_vitus",2026-09-03T14:43:22Z,,
@phenexbillions,6772,2026-09-03T13:57:23Z,"TP1 hit, that’s +350 pips 🚀✅

SL nach Belieben auf Break Even…",2026-09-03T14:43:22Z,,
@phenexbillions,6773,2026-09-03T13:57:28Z,"TP2 hit, that’s +800 pips 🚀✅",2026-09-03T14:43:22Z,,
@fxtradingvision,84316,2026-09-03T14:53:57Z,"MY SETUP GOT TRIGGERED

OPEN GOLD BUYS",2026-09-03T17:58:51Z,2026-09-03T14:53:59Z,
@fxtradingvision,84317,2026-09-03T14:54:33Z,"NEW TRADE IDEA

XAUUSD BUY 4475

TP 1 4479
TP 2 4480
TP 3 4500

SL @ 4455

Trade accordingly and only trade with money you can afford to LOSE.",2026-09-03T17:58:51Z,2026-09-03T14:54:33Z,
@fxtradingvision,84318,2026-09-03T14:55:49Z,"PUT YOUR SEATBELTS ON.

We gonna fly.",2026-09-03T17:58:51Z,2026-09-03T14:55:50Z,
@fxtradingvision,84319,2026-09-03T14:57:58Z,"TP 1 & 2 are BOTH hit ✅

+ 90 pips profit secured as we used double lotsize 🔥🔥🔥

Move your SL back to entry.",2026-09-03T17:58:51Z,2026-09-03T14:58:01Z,
@fxtradingvision,84320,2026-09-03T14:58:26Z,"I warned you, baby.",2026-09-03T17:58:51Z,2026-09-03T14:58:27Z,
@fxtradingvision,84321,2026-09-03T15:05:02Z,"TP 3 is hit!

That’s + 250 pips profit",2026-09-03T17:58:51Z,2026-09-03T15:05:04Z,
@fxtradingvision,84322,2026-09-03T15:08:45Z,"Boooooooom X10 Done from 1000usd Start 😍🔥
Next step X20",2026-09-03T17:58:51Z,2026-09-03T15:08:46Z,
@fxtradingvision,84324,2026-09-03T15:53:48Z,"WANT TO JOIN THE X10 CHALLENGE?

Follow the instructions below to UNLOCK your access directly! 👇

@FXTV10Xonboarding_bot",2026-09-03T17:58:51Z,2026-09-03T15:53:49Z,
@fxtradingvision,84325,2026-09-03T16:12:39Z,"TP 1 is hit! 👏

+ 80 pips profit secured.

SL back to entry.",2026-09-03T17:58:51Z,2026-09-03T16:12:40Z,
@fxtradingvision,84326,2026-09-03T16:44:01Z,,2026-09-03T17:58:51Z,2026-09-03T16:44:01Z,
@fxtradingvision,84327,2026-09-03T17:17:18Z,"New trade on GOLD shared in the VIP ☕️

Which direction? Buy or Sell?

👉 CLICK HERE TO CLAIM YOUR SPOT & UNLOCK ALL THE TRADES",2026-09-03T17:58:51Z,2026-09-03T17:17:18Z,2026-09-03T23:17:55Z
@fxtradingvision,84328,2026-09-03T17:36:31Z,"⚠️YES, OUR VIP IS CURRENTLY FREE… 

AT 4000 MEMBERS IT WILL BE PAID…

4 MORE FREE SPOTS LEFT 🐸",2026-09-03T17:58:51Z,2026-09-03T17:36:31Z,2026-09-04T10:03:34Z
@fxtradingvision,84329,2026-09-03T17:36:40Z,LETS GET IT! 🚀🚀🚀,2026-09-03T17:58:51Z,2026-09-03T17:36:41Z,2026-09-04T10:03:34Z
@fxtradingvision,84330,2026-09-03T17:50:06Z,Take action now or miss out….,2026-09-03T17:58:51Z,2026-09-03T17:50:07Z,
@phenexbillions,6774,2026-09-03T14:47:01Z,"TP3 hit, that’s +2000 pips 🚀✅",2026-09-03T17:59:00Z,,
@phenexbillions,6775,2026-09-03T15:47:10Z,+500 Pips Teilgewinne raus!,2026-09-03T17:59:00Z,,
@fxtradingvision,84331,2026-09-03T18:33:04Z,"TP 1 is hit! 👏

+ 80 pips profit secured.

SL back to entry.",2026-09-03T21:03:14Z,2026-09-03T18:33:05Z,
@fxtradingvision,84332,2026-09-03T18:33:04Z,"TP 1 is hit! 👏

+ 80 pips profit secured.

SL back to entry.",2026-09-03T21:03:14Z,2026-09-03T18:33:05Z,
@fxtradingvision,84333,2026-09-03T19:09:45Z,"TP 2 is hit

+ 200 pips profit",2026-09-03T21:03:14Z,2026-09-03T19:09:46Z,
@fxtradingvision,84334,2026-09-03T19:10:32Z,Magic Mike cooking profits againnnn,2026-09-03T21:03:14Z,2026-09-03T19:10:33Z,
@fxtradingvision,84335,2026-09-03T19:21:01Z,,2026-09-03T21:03:14Z,2026-09-03T19:21:01Z,
@fxtradingvision,84336,2026-09-03T20:15:27Z,I deposited like just over 1 hour ago and I’m over 30% up cheers Mike 👍,2026-09-03T21:03:14Z,2026-09-03T20:15:27Z,
@phenexbillions,6776,2026-09-03T19:38:02Z,"🔥 Ein extrem erfolgreicher Tag heute!

Wir haben heute wieder bewiesen was für Erfolge strukturiertes und präzises Trading haben können. Auf den Konten meiner VIP Gruppe steht ein dickes ➕

Und das Beste? Du bist nur einen Klick davon entfernt – und es ist 100% kostenlos.

Schreib mir “START” und sichere dir deinen Zugang zur VIP bevor die Woche endet und du wieder leer ausgehst. 

➡ @billions_vitus",2026-09-03T21:03:23Z,,
@fxtradingvision,84337,2026-09-03T21:30:57Z,,2026-09-03T23:17:55Z,2026-09-03T21:30:58Z,
@fxtradingvision,84338,2026-09-03T21:31:02Z,"TOMORROW WE CONTINUE! Last day of the regular trading week.. always my favorite day 🤑🤑

Don’t miss it! Get in before I share the next trade 👇🏻

✅ CLICK HERE TO GET FREE ACCESS TO MY VIP",2026-09-03T23:17:55Z,2026-09-03T21:31:03Z,
@phenexbillions,6777,2026-09-03T22:10:55Z,,2026-09-03T23:18:04Z,,
@fxtradingvision,84338,2026-09-03T21:31:02Z,"TOMORROW WE CONTINUE! Last day of the regular trading week.. always my favorite day 🤑🤑

Don’t miss it! Get in before I share the next trade 👇🏻",2026-09-04T05:55:25Z,2026-09-04T03:38:10Z,
@fxtradingvision,84339,2026-09-04T02:40:04Z,"Good morning…

FRIDAY IS HERE AND I AM NOT WASTING A SINGLE MINUTE OF IT! 

Time to make some money guys",2026-09-04T05:55:25Z,2026-09-04T02:40:04Z,
@fxtradingvision,84340,2026-09-04T03:16:01Z,,2026-09-04T05:55:25Z,2026-09-04T03:16:01Z,
@fxtradingvision,84341,2026-09-04T03:16:01Z,Thanks a lot for everything!!!,2026-09-04T05:55:25Z,2026-09-04T03:16:01Z,
@fxtradingvision,84342,2026-09-04T03:16:01Z,"Thank you, brother Mike. You are the king of gold, brother! 👑🏆",2026-09-04T05:55:25Z,2026-09-04T03:16:01Z,
@fxtradingvision,84343,2026-09-04T03:16:01Z,,2026-09-04T05:55:25Z,2026-09-04T03:16:01Z,
@fxtradingvision,84344,2026-09-04T03:38:01Z,"MEMBERS ARE ABSOLUTELY KILLING IT 🔥🔥🔥🔥

And today we continue! Fridays are my favorite… 

DON’T MISS ANYTHING! Start profiting just like the members above 👆🏻",2026-09-04T05:55:25Z,2026-09-04T04:45:15Z,
@fxtradingvision,84345,2026-09-04T04:11:01Z,,2026-09-04T05:55:25Z,2026-09-04T04:11:01Z,
@fxtradingvision,84346,2026-09-04T04:45:11Z,"€1,278 PROFIT IN 24 HOURS ✅

He simply copied my trades and got this result... Shared inside my group chat, still doubt me? LETS GET TO WORK!

✅ CLICK HERE TO APPLY FOR MY VIP PROGRAM",2026-09-04T05:55:25Z,2026-09-04T04:45:11Z,
@fxtradingvision,84347,2026-09-04T04:45:11Z,,2026-09-04T05:55:25Z,,
@fxtradingvision,84348,2026-09-04T05:22:01Z,,2026-09-04T05:55:25Z,2026-09-04T05:22:01Z,
@phenexbillions,6778,2026-09-04T05:28:02Z,"Guten Morgen, ab gehts!
Neuer Tag und neue Setups. 💪

Wenn du immer noch in deinem Hamsterrad im Kreis rennst und am Monatsende das Konto wieder bei 0 steht ➡️wird´s Zeit aus dem Zyklus auszubrechen und endlich deine Finanzen voran zu bringen. 

Schreibe ""Start"" an mich und wir legen heute noch los. 

➡ @billions_vitus",2026-09-04T05:55:34Z,,
@fxfaro,458,2026-09-03T14:33:00Z,Hello! How can I help you?,2026-09-04T10:03:31Z,2026-09-04T06:23:55Z,
@fxfaro,469,2026-09-04T06:23:10Z,"Hey bro! I am clearing up my chats, so checking if there is anything I could help you with",2026-09-04T10:03:31Z,,
@fxtradingvision,84346,2026-09-04T04:45:11Z,"€1,278 PROFIT IN 24 HOURS ✅

He simply copied my trades and got this result... Shared inside my group chat, still doubt me? LETS GET TO WORK!",2026-09-04T10:03:34Z,2026-09-04T06:57:05Z,
@fxtradingvision,84349,2026-09-04T06:11:01Z,Yes mate. Just reached X10! A huge thank you to you and your team. From $2K to $20K. Next target: $200K 🤣,2026-09-04T10:03:34Z,2026-09-04T06:11:01Z,
@fxtradingvision,84350,2026-09-04T06:11:01Z,Day 2 inside the group and I’m already at 3x,2026-09-04T10:03:34Z,2026-09-04T06:11:01Z,
@fxtradingvision,84351,2026-09-04T06:11:01Z,"Boooooooom X10 Done from 1000usd Start 😍🔥
Next step X20",2026-09-04T10:03:34Z,2026-09-04T06:11:01Z,
@fxtradingvision,84352,2026-09-04T06:20:10Z,,2026-09-04T10:03:34Z,2026-09-04T06:20:11Z,
@fxtradingvision,84353,2026-09-04T06:36:01Z,"Hahahaha we are smashing it it’s crazy and people still deciding whether they should join or not 🤣 that is literally your mind holding you from leveling up 

Just try it bro, otherwise you’ll never know.",2026-09-04T10:03:34Z,2026-09-04T06:36:01Z,
@fxtradingvision,84354,2026-09-04T06:44:02Z,"TP 2 is hit

+ 300 pips profit secured",2026-09-04T10:03:34Z,2026-09-04T06:44:03Z,
@fxtradingvision,84355,2026-09-04T06:57:01Z,"€34,980 PROFIT IN 24 HOURS ✅

By copying and pasting my trades in his own account... Anyone can do this! Time to get started buddy 👇🏻",2026-09-04T10:03:34Z,2026-09-04T10:03:21Z,
@fxtradingvision,84356,2026-09-04T06:57:01Z,,2026-09-04T10:03:34Z,,
@fxtradingvision,84357,2026-09-04T06:57:12Z,OPEN GOLD SELLS!,2026-09-04T10:03:34Z,2026-09-04T06:57:13Z,
@fxtradingvision,84358,2026-09-04T06:59:07Z,"NEW TRADE IDEA

XAUUSD SELL 4462

TP 1 4458
TP 2 4457
TP 3 4430

SL @ 4480

Trade accordingly and only trade with money you can afford to LOSE.",2026-09-04T10:03:34Z,2026-09-04T06:59:07Z,
@fxtradingvision,84360,2026-09-04T07:08:55Z,Open one extra gold sell here at @ 4468,2026-09-04T10:03:34Z,2026-09-04T07:08:55Z,
@fxtradingvision,84361,2026-09-04T07:15:32Z,"⚠️YES, OUR VIP IS CURRENTLY FREE… 

AT 4000 MEMBERS IT WILL BE PAID…

4 MORE FREE SPOTS LEFT 🐸",2026-09-04T10:03:34Z,2026-09-04T07:15:33Z,
@fxtradingvision,84362,2026-09-04T07:20:16Z,Check your DMs if you reached out this morning because i already replied with everything you need to get set up. Follow the instructions and you will be inside before the next trade drops.,2026-09-04T10:03:34Z,2026-09-04T07:20:17Z,
@fxtradingvision,84363,2026-09-04T07:26:01Z,"and if you’re waiting for a response, I will be right with you. Got 300+ messages open currently. 

Responding to everyone as we speak! LETS MAKE MONEY TODAY LEGENDS",2026-09-04T10:03:34Z,2026-09-04T07:26:01Z,
@fxtradingvision,84365,2026-09-04T07:37:35Z,"NEW TRADE IDEA

XAUUSD SELL 4476

TP 1 4472
TP 2 4471
TP 3 4430

SL @ 4500

Trade accordingly and only trade with money you can afford to LOSE.",2026-09-04T10:03:34Z,2026-09-04T07:37:36Z,
@fxtradingvision,84366,2026-09-04T07:37:43Z,I am opening this counter trade with double lotsize.,2026-09-04T10:03:34Z,2026-09-04T07:37:45Z,
@fxtradingvision,84367,2026-09-04T07:38:01Z,,2026-09-04T10:03:34Z,2026-09-04T07:38:01Z,
@fxtradingvision,84368,2026-09-04T07:50:01Z,"This trade is out with a loss unfortunately.

Counter trade is still active.",2026-09-04T10:03:34Z,2026-09-04T07:50:02Z,
@fxtradingvision,84369,2026-09-04T08:53:16Z,"WANT TO JOIN THE X10 CHALLENGE?

Follow the instructions below to UNLOCK your access directly! 👇

@FXTV10Xonboarding_bot",2026-09-04T10:03:34Z,2026-09-04T08:53:17Z,
@fxtradingvision,84370,2026-09-04T08:53:17Z,Let’s X10 your balance within one week together!,2026-09-04T10:03:34Z,2026-09-04T08:53:17Z,
@fxtradingvision,84371,2026-09-04T09:13:52Z,"TP 1 is hit

+ 80 pips profit

Move SL to entry",2026-09-04T10:03:34Z,2026-09-04T09:13:53Z,
@fxtradingvision,84372,2026-09-04T09:15:30Z,"TP 1 & 2 are BOTH hit ✅

+ 180 pips profit secured as we used double lotsize 🔥🔥🔥

Move your SL back to entry.",2026-09-04T10:03:34Z,2026-09-04T09:15:31Z,
@fxtradingvision,84373,2026-09-04T09:15:43Z,DID YOU BENEFIT FROM IT?,2026-09-04T10:03:34Z,2026-09-04T09:15:43Z,
@fxtradingvision,84374,2026-09-04T09:23:20Z,5x completed 🚀,2026-09-04T10:03:34Z,2026-09-04T09:23:21Z,
@fxtradingvision,84375,2026-09-04T09:24:10Z,"TP 2 is hit

+ 220 pips profit secured",2026-09-04T10:03:34Z,2026-09-04T09:24:11Z,
@fxtradingvision,84376,2026-09-04T09:24:44Z,"TP 2 is hit

+ 400 pips profit secured",2026-09-04T10:03:34Z,2026-09-04T09:24:45Z,
@fxtradingvision,84377,2026-09-04T09:35:18Z,"X10 CHALLENGE IS GOING NUTS!

THREE TP 2 HITS IN A ROW!",2026-09-04T10:03:34Z,2026-09-04T09:35:18Z,
@fxtradingvision,84378,2026-09-04T09:45:07Z,"Follow the instructions below to UNLOCK your access directly! 👇

@FXTV10Xonboarding_bot",2026-09-04T10:03:34Z,2026-09-04T09:45:08Z,
@fxtradingvision,84379,2026-09-04T09:56:01Z,,2026-09-04T10:03:34Z,2026-09-04T09:56:01Z,
@fxtradingvision,84380,2026-09-04T10:03:14Z,"New trade on GOLD shared in the VIP ☕️

Which direction? Buy or Sell?

👉 CLICK HERE TO CLAIM YOUR SPOT & UNLOCK ALL THE TRADES",2026-09-04T10:03:34Z,2026-09-04T10:03:14Z,2026-09-04T14:22:53Z
@phenexbillions,6779,2026-09-04T09:00:00Z,"✅ NEUER PREMIUM TRADE! ✅

Solltest du noch nicht Mitglied meiner VIP Gruppe sein, hast du soeben ein kostenloses Signal verpasst.

Schreib mir jetzt ""START"" und sichere dir deinen kostenlosen Zugang zur VIP mit 2-4 präzisen Signalen am Tag❗️

➡ @billions_vitus",2026-09-04T10:03:43Z,,
@phenexbillions,6780,2026-09-04T09:34:04Z,"TP1 hit, that’s +500 pips 🚀✅

SL nach Belieben auf Break Even…",2026-09-04T10:03:43Z,,
@fxtradingvision,84381,2026-09-04T10:42:42Z,"Yes, few hours will be enough to make X10.

Today will be the day.",2026-09-04T14:22:53Z,2026-09-04T10:42:43Z,
@fxtradingvision,84382,2026-09-04T10:42:42Z,"PRINTING MODE WILL BE ACTIVATED.

You have 1 hour.",2026-09-04T14:22:53Z,2026-09-04T10:42:43Z,
@fxtradingvision,84383,2026-09-04T10:44:08Z,"How will we make the X10?

We will benefit from the news volume.

It will be insane.",2026-09-04T14:22:53Z,2026-09-04T10:44:09Z,
@fxtradingvision,84384,2026-09-04T10:44:44Z,"Follow the instructions below to UNLOCK your access directly! 👇

@FXTV10Xonboarding_bot",2026-09-04T14:22:53Z,2026-09-04T10:44:45Z,
@fxtradingvision,84385,2026-09-04T11:08:09Z,"DO YOU WANT A NEW VIP GOLD TRADE?

SHOW ME THE LIKES",2026-09-04T14:22:53Z,2026-09-04T11:08:11Z,
@fxtradingvision,84386,2026-09-04T11:08:31Z,I made 2 times my fucking salary in 4 hours of trading…. I fucking love you man #nohomo,2026-09-04T14:22:53Z,2026-09-04T11:08:31Z,
@fxtradingvision,84387,2026-09-04T11:12:00Z,"Loaded the wallet!

LET’S GET THAT X10 TODAY!",2026-09-04T14:22:53Z,2026-09-04T11:12:01Z,
@fxtradingvision,84388,2026-09-04T12:05:49Z,"Follow the instructions below to UNLOCK your access directly! 👇

@FXTV10Xonboarding_bot",2026-09-04T14:22:53Z,2026-09-04T12:05:50Z,
@fxtradingvision,84389,2026-09-04T12:21:48Z,A lot of people are asking the direction of gold with the news after 30 minutes.,2026-09-04T14:22:53Z,2026-09-04T12:21:49Z,
@fxtradingvision,84390,2026-09-04T12:21:48Z,Want me to do my prediction?,2026-09-04T14:22:53Z,2026-09-04T12:21:49Z,
@fxtradingvision,84391,2026-09-04T12:24:22Z,THE PREDICTION IS SHARED IN THE X10 CHALLENGE CHANNEL.,2026-09-04T14:22:53Z,2026-09-04T12:24:23Z,
@fxtradingvision,84392,2026-09-04T12:36:34Z,just made 3x my monthly salary with this one signal,2026-09-04T14:22:53Z,2026-09-04T12:36:34Z,
@fxtradingvision,84393,2026-09-04T12:41:20Z,OPEN GOLD BUYS!,2026-09-04T14:22:53Z,2026-09-04T12:41:21Z,
@fxtradingvision,84394,2026-09-04T12:42:05Z,"NEW TRADE IDEA

XAUUSD BUY 4398

TP 1 4402
TP 2 4403
TP 3 4430

SL @ 4375

Trade accordingly and only trade with money you can afford to LOSE.",2026-09-04T14:22:53Z,2026-09-04T12:42:06Z,
@fxtradingvision,84395,2026-09-04T12:42:55Z,"TP 1 & 2 are BOTH hit ✅

+ 180 pips profit secured as we used double lotsize 🔥🔥🔥

Move your SL back to entry.",2026-09-04T14:22:53Z,2026-09-04T12:42:56Z,
@fxtradingvision,84396,2026-09-04T12:48:09Z,WANT A NEW GOLD TRADE?,2026-09-04T14:22:53Z,2026-09-04T12:48:10Z,
@fxtradingvision,84397,2026-09-04T12:48:28Z,"OPEN GOLD SELLS

DOUBLE LOT",2026-09-04T14:22:53Z,2026-09-04T12:48:29Z,
@fxtradingvision,84398,2026-09-04T12:48:47Z,"NEW TRADE IDEA

XAUUSD SELL 4385

TP 1 4381
TP 2 4380
TP 3 4350

SL @ 4410

Trade accordingly and only trade with money you can afford to LOSE.",2026-09-04T14:22:53Z,2026-09-04T12:48:47Z,
@fxtradingvision,84399,2026-09-04T12:50:27Z,OPEN NEW GOLD SELLS HERE AT 4397,2026-09-04T14:22:53Z,2026-09-04T12:50:27Z,
@fxtradingvision,84400,2026-09-04T12:50:37Z,MOVE ALL GOLD STOPLOSSES TO 4420 AND BE READY FOR THE JACKPOT.,2026-09-04T14:22:53Z,2026-09-04T12:50:37Z,
@fxtradingvision,84401,2026-09-04T12:53:01Z,,2026-09-04T14:22:53Z,2026-09-04T12:53:01Z,
@fxtradingvision,84402,2026-09-04T13:00:54Z,"TP 1 & 2 are BOTH hit ✅

+ 180 pips profit secured as we used double lotsize 🔥🔥🔥

Move your SL back to entry.",2026-09-04T14:22:53Z,2026-09-04T13:00:55Z,
@fxtradingvision,84403,2026-09-04T13:01:15Z,Close the extra gold sells from 4397 here with + 250 pips profit.,2026-09-04T14:22:53Z,2026-09-04T13:01:16Z,
@fxtradingvision,84404,2026-09-04T13:01:20Z,That’s what you call the jackpot.,2026-09-04T14:22:53Z,2026-09-04T13:01:21Z,
@fxtradingvision,84405,2026-09-04T13:06:19Z,"Do you want another banger trade?

Show me the likes….",2026-09-04T14:22:53Z,2026-09-04T13:06:20Z,
@fxtradingvision,84406,2026-09-04T13:11:20Z,"New trade on GOLD shared in the VIP ☕️

Which direction? Buy or Sell?

👉 CLICK HERE TO CLAIM YOUR SPOT & UNLOCK ALL THE TRADES",2026-09-04T14:22:53Z,2026-09-04T13:11:21Z,2026-09-04T17:45:16Z
@fxtradingvision,84407,2026-09-04T13:14:27Z,"⚠️YES, OUR VIP IS CURRENTLY FREE… 

AT 4000 MEMBERS IT WILL BE PAID…

4 MORE FREE SPOTS LEFT 🐸",2026-09-04T14:22:53Z,2026-09-04T13:14:27Z,
@fxtradingvision,84408,2026-09-04T13:29:22Z,OPEN GOLD BUYS,2026-09-04T14:22:53Z,2026-09-04T13:29:23Z,
@fxtradingvision,84409,2026-09-04T13:29:24Z,DOUBLE LOTSIZE,2026-09-04T14:22:53Z,2026-09-04T13:29:25Z,
@fxtradingvision,84410,2026-09-04T13:29:54Z,"NEW TRADE IDEA

XAUUSD BUY 4412

TP 1 4416
TP 2 4417
TP 3 4450

SL @ 4390

Trade accordingly and only trade with money you can afford to LOSE.",2026-09-04T14:22:53Z,2026-09-04T13:29:54Z,
@fxtradingvision,84411,2026-09-04T13:31:07Z,"TP 1 & 2 are BOTH hit ✅

+ 180 pips profit secured as we used double lotsize 🔥🔥🔥

Move your SL back to entry.",2026-09-04T14:22:53Z,2026-09-04T13:31:07Z,
@fxtradingvision,84412,2026-09-04T13:33:59Z,OPEN EXTRA GOLD BUYS.,2026-09-04T14:22:53Z,2026-09-04T13:34:00Z,
@fxtradingvision,84413,2026-09-04T13:34:50Z,"NEW TRADE IDEA

XAUUSD BUY 4416

TP 1 4420
TP 2 4421
TP 3 4450

SL @ 4390

Trade accordingly and only trade with money you can afford to LOSE.",2026-09-04T14:22:53Z,2026-09-04T13:34:51Z,
@fxtradingvision,84414,2026-09-04T13:42:16Z,EVERYONE INSIDE?,2026-09-04T14:22:53Z,2026-09-04T13:42:17Z,
@fxtradingvision,84415,2026-09-04T13:42:19Z,BE READY FOR THE PUMP.,2026-09-04T14:22:53Z,2026-09-04T13:42:21Z,
@fxtradingvision,84416,2026-09-04T13:43:20Z,"TP 1 & 2 are BOTH hit ✅

+ 180 pips profit secured as we used double lotsize 🔥🔥🔥

Move your SL back to entry.",2026-09-04T14:22:53Z,2026-09-04T13:43:21Z,
@fxtradingvision,84417,2026-09-04T13:43:24Z,Nice one.,2026-09-04T14:22:53Z,2026-09-04T13:43:25Z,
@fxtradingvision,84418,2026-09-04T13:49:17Z,BROOOO🤣🤣🤣🤣🤣 you crazy,2026-09-04T14:22:53Z,2026-09-04T13:49:17Z,
@fxtradingvision,84419,2026-09-04T13:49:24Z,MILKED THE MARKET COMPLETELY INSIDE THIS CHANNEL.,2026-09-04T14:22:53Z,2026-09-04T13:49:24Z,
@fxtradingvision,84420,2026-09-04T13:54:54Z,INSANE!!!!!!,2026-09-04T14:22:53Z,2026-09-04T13:54:55Z,
@fxtradingvision,84421,2026-09-04T13:55:00Z,DO YOU WANT ONE MORE GOLD TRADE?,2026-09-04T14:22:53Z,2026-09-04T13:55:01Z,
@fxtradingvision,84422,2026-09-04T13:59:55Z,MORE LIKES BUDDY….,2026-09-04T14:22:53Z,2026-09-04T13:59:55Z,
@fxtradingvision,84423,2026-09-04T14:16:52Z,"TP 1 is hit

+ 80 pips profit

Move SL to entry",2026-09-04T14:22:53Z,2026-09-04T14:16:52Z,
@phenexbillions,6781,2026-09-04T10:44:58Z,"TP2 hit, that’s +900 pips 🚀✅",2026-09-04T14:23:03Z,,
@phenexbillions,6782,2026-09-04T10:52:51Z,,2026-09-04T14:23:03Z,,
@fxtradingvision,84424,2026-09-04T14:27:02Z,"Okay…

Come in the chat…",2026-09-04T17:45:16Z,2026-09-04T14:27:03Z,
@fxtradingvision,84425,2026-09-04T14:27:35Z,I will share the gold trade with 100 of you….,2026-09-04T17:45:16Z,2026-09-04T14:27:35Z,
@fxtradingvision,84426,2026-09-04T14:27:48Z,"READY?

95% confirmed trade",2026-09-04T17:45:16Z,2026-09-04T14:27:49Z,
@fxtradingvision,84430,2026-09-04T14:28:45Z,"It has 100 clicks before the link will be invalid… the fastest 100 will be allowed to join the VIP for free.. 👇

GOLD TRADE IS HERE 👇",2026-09-04T17:45:16Z,2026-09-04T17:08:17Z,
@fxtradingvision,84431,2026-09-04T15:03:49Z,"⚠️YES, OUR VIP IS CURRENTLY FREE… 

AT 4000 MEMBERS IT WILL BE PAID…

4 MORE FREE SPOTS LEFT 🐸",2026-09-04T17:45:16Z,2026-09-04T15:03:51Z,
@fxtradingvision,84432,2026-09-04T15:17:30Z,"TP 1 is hit

+ 80 pips profit

Move SL to entry",2026-09-04T17:45:16Z,2026-09-04T15:17:31Z,
@fxtradingvision,84433,2026-09-04T15:18:02Z,"WANT TO JOIN THE X10 CHALLENGE?

Follow the instructions below to UNLOCK your access directly! 👇

@FXTV10Xonboarding_bot",2026-09-04T17:45:16Z,2026-09-04T15:18:03Z,
@fxtradingvision,84442,2026-09-04T15:34:01Z,,2026-09-04T17:45:16Z,2026-09-04T15:34:01Z,
@fxtradingvision,84444,2026-09-04T16:10:11Z,damn. Just trust the system and be patient.,2026-09-04T17:45:16Z,2026-09-04T16:10:13Z,
@fxtradingvision,84445,2026-09-04T16:10:11Z,I made over 5k today,2026-09-04T17:45:16Z,2026-09-04T16:10:13Z,
@fxtradingvision,84446,2026-09-04T16:14:08Z,DO YOU WANT A NEW VIP GOLD TRADE?,2026-09-04T17:45:16Z,2026-09-04T16:14:09Z,
@fxtradingvision,84447,2026-09-04T16:15:18Z,"NEW TRADE IDEA

XAUUSD SELL 4439

TP 1 4435
TP 2 4434
TP 3 4400

SL @ 4360

Trade accordingly and only trade with money you can afford to LOSE.",2026-09-04T17:45:16Z,2026-09-04T16:15:19Z,
@fxtradingvision,84448,2026-09-04T16:27:24Z,"TP 1 & 2 are BOTH hit ✅

+ 180 pips profit secured as we used double lotsize 🔥🔥🔥

Move your SL back to entry.",2026-09-04T17:45:16Z,2026-09-04T16:27:26Z,
@fxtradingvision,84449,2026-09-04T16:27:27Z,"Another one, baby.",2026-09-04T17:45:16Z,2026-09-04T16:27:28Z,
@fxtradingvision,84450,2026-09-04T17:08:10Z,"New trade on GOLD shared in the VIP ☕️

Which direction? Buy or Sell?

👉 CLICK HERE TO CLAIM YOUR SPOT & UNLOCK ALL THE TRADES",2026-09-04T17:45:16Z,2026-09-04T17:08:11Z,2026-09-04T19:58:15Z
@phenexbillions,6783,2026-09-04T14:37:15Z,"✅ NEUER PREMIUM TRADE! ✅

Solltest du noch nicht Mitglied meiner VIP Gruppe sein, hast du soeben ein kostenloses Signal verpasst.

Schreib mir jetzt ""START"" und sichere dir deinen kostenlosen Zugang zur VIP mit 2-4 präzisen Signalen am Tag❗️

➡ @billions_vitus",2026-09-04T17:45:25Z,,
@phenexbillions,6784,2026-09-04T14:37:30Z,"TP1 hit, that’s +500 pips 🥷🏼✅

SL nach Belieben auf Break Even…",2026-09-04T17:45:25Z,,
@phenexbillions,6785,2026-09-04T14:59:39Z,"TP2 hit, that’s +1700 pips 🥷🏼✅",2026-09-04T17:45:25Z,,
@phenexbillions,6786,2026-09-04T14:59:46Z,"TP3 hit, that’s +2600 pips 🥷🏼✅",2026-09-04T17:45:25Z,,
@phenexbillions,6787,2026-09-04T15:05:28Z,Ein Schönes Wochenende wünsche ich dir lieber Vitus und vielen Dank✌️🫶🏻😍🤗,2026-09-04T17:45:25Z,,
@fxtradingvision,84452,2026-09-04T19:28:01Z,"I am looking for 25 action takers who want to reach €7,000 net profit in the next 14 days.

The moment you are inside i send you my personal risk management framework and after that every single trade i open on my live account goes straight to you so you can copy it in real time. I will personally guide you from zero and make sure you are set up before the first trade of the day drops.

Spots are LIMITED and access is completely FREE for now. If you are serious, click the link below and apply.

👉🏻 CLICK HERE TO APPLY FOR ONE OF THE 25 SPOTS",2026-09-04T19:58:15Z,2026-09-04T19:28:01Z,
@fxtradingvision,84452,2026-09-04T19:28:01Z,"I am looking for 25 action takers who want to reach €7,000 net profit in the next 14 days.

The moment you are inside i send you my personal risk management framework and after that every single trade i open on my live account goes straight to you so you can copy it in real time. I will personally guide you from zero and make sure you are set up before the first trade of the day drops.",2026-09-04T22:02:36Z,2026-09-04T21:18:05Z,
@fxtradingvision,84453,2026-09-04T20:04:50Z,Made today double of my start income start with 4700 now on 8500,2026-09-04T22:02:36Z,2026-09-04T20:04:50Z,
@fxtradingvision,84454,2026-09-04T20:04:50Z,"A lot of respect to you brother double, flip it in 2 hours",2026-09-04T22:02:36Z,2026-09-04T20:04:51Z,
@fxtradingvision,84455,2026-09-04T21:16:01Z,,2026-09-04T22:02:36Z,2026-09-04T21:16:01Z,
@fxtradingvision,84456,2026-09-04T21:18:01Z,"YOU HEARD IT RIGHT! 

5 spots available to my VIP right now ‼️‼️ After that I’m closing the VIP to focus on my members this weekend.

First come first serve! Click the link below to claim your FREE SPOT in the VIP 👇🏻👇🏻

✅ CLICK HERE TO GET 1 OF THE 5 SPOTS IN MY VIP",2026-09-04T22:02:36Z,2026-09-04T21:18:01Z,
@phenexbillions,6788,2026-09-04T20:04:44Z,"Mega Siganl Vitus 😍

1x Be hit
Dafür fast mit TP3 belohnt worden 😍 bin diesmal raus wollte wegen 3$ mehr  nicht den schönen Gewinn zum Wochenstart versauen 😍🔥
Auch das ist Entwicklung und RM 😍🔥",2026-09-04T22:02:45Z,,
@phenexbillions,6789,2026-09-04T20:37:02Z,"🔥 Trading ist wie ein Schachspiel – jeder Zug zählt, und wer ohne Strategie spielt, verliert gegen den Markt. Geduld, Präzision und der richtige Moment entscheiden über Sieg oder Niederlage.

In meiner VIP Gruppe zeige ich dir, wie du strategisch handelst statt impulsiv. Dort erhältst du täglich 2-4 präzise Signale mit über 93% Trefferquote. 

Schreib mir “START” und sichere dir deinen kostenlosen Zugang, damit du lernst, den Markt Zug für Zug zu schlagen.

➡️ @billions_vitus",2026-09-04T22:02:45Z,,
@fxtradingvision,84457,2026-09-04T22:26:01Z,ALL SPOTS ARE FILLED,2026-09-05T00:07:26Z,2026-09-04T22:26:01Z,
@fxtradingvision,84458,2026-09-04T22:34:07Z,"My VIP is now completely closed ❌❌

Don’t ask me for new spots. You’ve had your chance…

Enjoy your weekend! ❤️",2026-09-05T00:07:26Z,2026-09-04T22:34:07Z,
@fxtradingvision,84459,2026-09-05T03:34:01Z,"Good morning! 

Wish y’all a great weekend. 

This is your time to improve your life.

Trust me, the effort you put in in the weekend, will do A LOT for your growth. 

Because during the week, everyone is grinding. But during the weekend, majority of people are lazy.

So when they start on Monday, they need to warm up again...

See the point I’m trying to make? 

GET TO WORK! DONT BE LAZY! YOUR TIME IS EXTREMELY VALUABLE!",2026-09-05T04:30:54Z,2026-09-05T03:34:01Z,
@fxtradingvision,84460,2026-09-05T05:18:01Z,"I might open some new spots to my VIP today.. show me some likes on this message if you want new spots for the team (including 1-on-1 coaching from me personally) 

SHOW THE LIKESSSS ❤️",2026-09-05T08:32:41Z,2026-09-05T05:18:01Z,
@fxtradingvision,84461,2026-09-05T05:40:13Z,"Looks like a lot of you still sleeping 🤣 I get it, it’s Saturday. But I keep on saying this: If you truly want to achieve something in your life, it shouldn’t matter what day it is.

Every day is a chance to get a step closer to your goals. Take that from me ✌🏻✌🏻",2026-09-05T08:32:41Z,2026-09-05T05:40:14Z,
@fxtradingvision,84462,2026-09-05T05:44:01Z,"Anyways, make sure to turn on the notifications 🔔 for my channel as I will open new spots today. But not yet, let me first prepare for the new week… 

Mark up the charts, get the gameplan ready 👀",2026-09-05T08:32:41Z,2026-09-05T05:44:01Z,
@fxtradingvision,84463,2026-09-05T07:11:01Z,"€34,980 PROFIT IN 24 HOURS ✅

By copying and pasting my trades in his own account... Anyone can do this! Time to get started buddy",2026-09-05T08:32:41Z,2026-09-05T07:11:01Z,
@fxtradingvision,84464,2026-09-05T07:11:01Z,,2026-09-05T08:32:41Z,,
@phenexbillions,6790,2026-09-05T06:02:25Z,,2026-09-05T08:32:50Z,,
@phenexbillions,6791,2026-09-05T06:15:23Z,,2026-09-05T08:32:50Z,,
@phenexbillions,6792,2026-09-05T06:32:02Z,"Die Rechnungen häufen sich und du fragst dich, warum der Monat länger ist als dein Kontostand?

Ganz einfach: weil du noch kein Mitglied meiner VIP Gruppe bist.

Ich gebe dir täglich zwischen 2 und 4 klare Signale, wenn der beste Einstiegspunkt für maximale Profite entsteht – mit einer Genauigkeit von 93%. Alles, was du brauchst, sind 10 Minuten pro Tag, um meine Setups zu kopieren und mit zu profitieren.

Schreib mir ""START"" und überzeuge dich selbst wie einfach es ist echte Ergebnisse zu sehen.

➡ @billions_vitus",2026-09-05T08:32:50Z,,
@phenexbillions,6793,2026-09-05T07:25:15Z,"Nix mehr riskieren, guter Tag heute 🔥",2026-09-05T08:32:50Z,,
@fxfaro,475,2026-09-05T10:40:06Z,Last chance to secure your spot if you're still interested.,2026-09-05T12:00:06Z,,
@fxtradingvision,84456,2026-09-04T21:18:01Z,"YOU HEARD IT RIGHT! 

5 spots available to my VIP right now ‼️‼️ After that I’m closing the VIP to focus on my members this weekend.",2026-09-05T12:00:09Z,2026-09-05T10:21:05Z,
@fxtradingvision,84465,2026-09-05T08:52:01Z,,2026-09-05T12:00:09Z,2026-09-05T08:52:01Z,
@fxtradingvision,84466,2026-09-05T09:24:01Z,"REMINDER: Access to my VIP is closed currently. 

I’m first helping all new members understand everything so they can make profits. 

It’s always quality over quantity for me. Please respect this and don’t keep on asking for new spots. 

You’ve had your chance. Maybe tomorrow I have some time to onboard new people but for now it’s a NO. 

Enjoy your Saturday :)",2026-09-05T12:00:09Z,2026-09-05T09:24:01Z,
@fxtradingvision,84467,2026-09-05T10:03:01Z,"€947 PROFIT IN 1 SINGLE DAY ✅

And again, all he did was copy my trades into his own account.",2026-09-05T12:00:09Z,2026-09-05T10:03:01Z,
@fxtradingvision,84468,2026-09-05T10:03:01Z,,2026-09-05T12:00:09Z,,
@fxtradingvision,84469,2026-09-05T10:15:13Z,HEY BUDDY GET IN THE CHAT!,2026-09-05T12:00:09Z,2026-09-05T10:15:13Z,
@fxtradingvision,84470,2026-09-05T10:16:01Z,I’m opening new spots to my VIP in 5 minutes… BE READY,2026-09-05T12:00:09Z,2026-09-05T10:16:01Z,
@fxtradingvision,84471,2026-09-05T10:18:01Z,"Everyone that joined my VIP got all the steps and knows what to do. Now it’s just executing the plan. 

This means I have some time to onboard new people on this Saturday. 

ATTENTION: 30 SPOTS ONLY ‼️

After that it’s closed again. I have some other things to do today :)",2026-09-05T12:00:09Z,2026-09-05T10:18:01Z,
@fxtradingvision,84472,2026-09-05T10:21:01Z,"HERE YOU GO:

✅ CLICK HERE TO GET 1 OF THE 30 FREE SPOTS INSIDE THE VIP",2026-09-05T12:00:09Z,2026-09-05T10:21:02Z,2026-09-05T16:59:04Z
@fxtradingvision,84473,2026-09-05T10:52:01Z,Analyzing the BTC chart as we speak as well. Might drop a trade into my VIP very soon! Depends on what happens in the next 15 minutes tho 👀,2026-09-05T12:00:09Z,2026-09-05T10:52:01Z,
@fxtradingvision,84474,2026-09-05T11:04:01Z,"7 spots taken already 

I think you have another 45 minutes until they are all gone. Choice is yours! Don’t ask me for new spots after. This is your chance.",2026-09-05T12:00:09Z,2026-09-05T11:04:01Z,
@phenexbillions,6794,2026-09-05T09:25:27Z,,2026-09-05T12:00:18Z,,
@phenexbillions,6795,2026-09-05T11:32:37Z,Das alles von heute🤑🥳 und ein buy läuft noch von ganz unten🥰 dankeee🙏🏼,2026-09-05T12:00:18Z,,
@fxtradingvision,84475,2026-09-05T12:06:01Z,,2026-09-05T14:42:57Z,2026-09-05T12:06:01Z,
@fxtradingvision,84476,2026-09-05T12:42:05Z,ARE YOU READY FOR THE NEW WEEK?,2026-09-05T14:42:57Z,2026-09-05T12:42:06Z,
@fxtradingvision,84477,2026-09-05T12:47:39Z,"FINAL WEEK OF THE X10 CHALLENGE STARTS MONDAY.

ARE YOU INSIDE ALREADY?",2026-09-05T14:42:57Z,2026-09-05T12:47:40Z,
@fxtradingvision,84478,2026-09-05T12:47:47Z,"If not…..

Follow the instructions below to UNLOCK your access directly! 👇

@FXTV10Xonboarding_bot",2026-09-05T14:42:57Z,2026-09-05T12:47:47Z,
@fxtradingvision,84479,2026-09-05T14:23:01Z,"By the way, every broker we are partnered with is a trusted partner with who we are working for atleast several years with.

They all have multiple regulated licenses and are one of the biggest in the industry.

We don’t work with small brokers. Our partners are 100% trusted and respected in the industry.",2026-09-05T14:42:57Z,2026-09-05T14:23:01Z,
@phenexbillions,6796,2026-09-05T13:10:28Z,🥳🙏🏼🙏🏼❤️,2026-09-05T14:43:07Z,,
@phenexbillions,6797,2026-09-05T13:34:07Z,,2026-09-05T14:43:07Z,,
@fxtradingvision,84480,2026-09-05T14:54:01Z,,2026-09-05T16:59:04Z,2026-09-05T14:54:01Z,
@fxtradingvision,84481,2026-09-05T16:24:01Z,"VIP-member Midas grew his £400 account to £1,907 (£1,507 profit) ✅

That’s nearly 5X and he has been in the VIP for only 1 week ✌🏻

Want to start copying my trades? 
🚀 CLICK HERE to get FREE access",2026-09-05T16:59:04Z,2026-09-05T16:24:01Z,
@fxtradingvision,84482,2026-09-05T16:24:01Z,,2026-09-05T16:59:04Z,,
@fxtradingvision,84483,2026-09-05T17:07:01Z,,2026-09-05T18:46:27Z,2026-09-05T17:07:01Z,
@fxtradingvision,84484,2026-09-05T18:31:01Z,"During the weekends, 99% of people relaxes. They worked from Monday to Friday (sometimes even less) and now it is time to rest and do nothing.

Remember: You have 104 free days per year. There is SO MUCH you can do with that time but still majority of people decides to waste their valuable time..

When I started my journey, I was looking for opportunities to MAKE CASH every single day. And I’m convinced this is a must for anyone that truly wants to achieve success. 

So if you have larger ambitions than a 9-5, start doing something my friend! Make sure to not waste this valuable time.",2026-09-05T18:46:27Z,2026-09-05T18:31:01Z,
@phenexbillions,6798,2026-09-05T18:15:29Z,Im buy seit 4298,2026-09-05T18:46:36Z,,
@phenexbillions,6799,2026-09-05T19:38:02Z,"Der Unterschied zwischen Traum und Realität ist nur eine Entscheidung – zu starten. Jeder Erfolg beginnt mit einem einzigen Schritt nach vorn.

Schreibe mir “START” um direkt ab Montag mit den anderen Mitgliedern in der VIP Profite mitzunehmen!

➡️ @billions_vitus",2026-09-05T20:47:24Z,,
@fxtradingvision,84481,2026-09-05T16:24:01Z,"VIP-member Midas grew his £400 account to £1,907 (£1,507 profit) ✅

That’s nearly 5X and he has been in the VIP for only 1 week ✌🏻",2026-09-05T22:24:55Z,2026-09-05T20:54:05Z,
@fxtradingvision,84485,2026-09-05T20:54:01Z,"€826 PROFIT IN 1 SINGLE DAY ✅

He just copied my trades and got this result. It’s a very simple framework that requires around 15 minutes per day. SIMPLE!!!!

Want to start copying my trades? 
🚀 CLICK HERE to get FREE access",2026-09-05T22:24:55Z,2026-09-05T20:54:01Z,
@fxtradingvision,84486,2026-09-05T20:54:01Z,,2026-09-05T22:24:55Z,,
@fxtradingvision,84487,2026-09-05T21:28:01Z,"Following the instructions to get inside the team takes max 5-10 minutes. Make sure to fix it ASAP so I can onboard you to the VIP & you can make your first profits TODAY 🔥

Yes, you can see the first results in the weekend if you do everything I say. Trust me on this one, we are going to kill it again 🚀

Still active helping y’all out 🫡",2026-09-05T22:24:55Z,2026-09-05T21:28:01Z,
@fxtradingvision,84488,2026-09-06T03:22:01Z,"Good morning legends 

Sundays set the tone for the entire week.

You have two choices today:

1️⃣ Waste the day and stay stuck in the same cycle.

2️⃣ Prepare for a week full of growth and take control of your future

What do you choose?",2026-09-06T04:40:14Z,2026-09-06T03:22:01Z,
@fxtradingvision,84489,2026-09-06T03:46:01Z,You know the deal… always chasing the baggg 🫡🫡,2026-09-06T04:40:14Z,2026-09-06T03:46:01Z,
@fxtradingvision,84485,2026-09-05T20:54:01Z,"€826 PROFIT IN 1 SINGLE DAY ✅

He just copied my trades and got this result. It’s a very simple framework that requires around 15 minutes per day. SIMPLE!!!!",2026-09-06T08:53:30Z,2026-09-06T06:15:15Z,
@fxtradingvision,84490,2026-09-06T06:15:11Z,"VIP-member Teddy grew his €1,000 account to €12,871 (€11,871 profit) ✅

That’s over 11X by simply copying my trades ✌🏻

Want to start copying my trades as well? 
🚀 CLICK HERE to get FREE access",2026-09-06T08:53:30Z,2026-09-06T06:15:11Z,
@fxtradingvision,84491,2026-09-06T06:15:11Z,,2026-09-06T08:53:30Z,,
@fxtradingvision,84492,2026-09-06T07:02:01Z,"I’m happy to see some people taking action on the Sunday morning. Those are the ones that will see more successes come into their lives soon. 

Make sure to stay consistent in your input and trust me, you will see results VERY soon 👀",2026-09-06T08:53:30Z,2026-09-06T07:02:03Z,
@phenexbillions,6800,2026-09-06T07:12:16Z,"🏆 PREMIUM FEEDBACK 🏆

Was für eine Woche – Zeit für einen ehrlichen Rückblick! 📈🔥

Gold hat uns diese Woche alles abverlangt. Unruhige Bewegungen, schwierige Marktphasen und Setups, bei denen Geduld entscheidend war. Doch auch unter diesen Bedingungen haben wir stark abgeliefert und die Woche profitabel abgeschlossen – mit einzelnen Tagen von über 4.400$ Profit! 🚀
Genau solche Wochen zeigen, worauf es wirklich ankommt: Ruhe bewahren, nicht jedem Move hinterherjagen und im richtigen Moment zuschlagen. Wer diszipliniert bleibt und auf saubere Chancen wartet, kann auch in anspruchsvollen Märkten starke Ergebnisse erzielen.
Aktuell teile ich täglich 2–4 präzise Setups mit einer Trefferquote von über 93% – bei einem Zeitaufwand von meistens nur 10–15 Minuten am Tag.

Du willst beim nächsten starken Trading-Tag dabei sein? Dann schreib mir jetzt „START“ und lerne meinen kostenlosen Service mit 2–4 präzisen Signalen pro Tag kennen❗️

➡ @billions_vitus",2026-09-06T08:53:39Z,,
@phenexbillions,6801,2026-09-06T07:12:16Z,,2026-09-06T08:53:39Z,,
@phenexbillions,6802,2026-09-06T07:12:16Z,,2026-09-06T08:53:39Z,,
@phenexbillions,6803,2026-09-06T07:12:16Z,,2026-09-06T08:53:39Z,,
@phenexbillions,6804,2026-09-06T07:12:16Z,,2026-09-06T08:53:39Z,,
@phenexbillions,6805,2026-09-06T07:12:16Z,,2026-09-06T08:53:39Z,,
@phenexbillions,6806,2026-09-06T07:12:16Z,,2026-09-06T08:53:39Z,,
@phenexbillions,6807,2026-09-06T07:12:16Z,,2026-09-06T08:53:39Z,,
@phenexbillions,6808,2026-09-06T07:15:20Z,,2026-09-06T08:53:39Z,,
@fxtradingvision,84490,2026-09-06T06:15:11Z,"VIP-member Teddy grew his €1,000 account to €12,871 (€11,871 profit) ✅

That’s over 11X by simply copying my trades ✌🏻",2026-09-06T12:25:44Z,2026-09-06T09:11:05Z,
@fxtradingvision,84493,2026-09-06T09:11:01Z,"📨 SUNDAY MEMBER FEEDBACK 

Have a look at what profits a few of my members made this week ✅🤝

Want to join the VIP and follow the same trades as all my members do? Click the link below for FREE instant access…

🚨 CLICK HERE to send me a DM & claim your FREE access",2026-09-06T12:25:44Z,2026-09-06T09:11:01Z,
@fxtradingvision,84494,2026-09-06T09:11:01Z,,2026-09-06T12:25:44Z,,
@fxtradingvision,84495,2026-09-06T09:11:01Z,,2026-09-06T12:25:44Z,,
@fxtradingvision,84496,2026-09-06T09:11:01Z,,2026-09-06T12:25:44Z,,
@fxtradingvision,84497,2026-09-06T09:11:01Z,,2026-09-06T12:25:44Z,,
@fxtradingvision,84498,2026-09-06T09:11:01Z,,2026-09-06T12:25:44Z,,
@fxtradingvision,84499,2026-09-06T09:11:01Z,,2026-09-06T12:25:44Z,,
@fxtradingvision,84500,2026-09-06T09:11:01Z,,2026-09-06T12:25:44Z,,
@fxtradingvision,84501,2026-09-06T09:11:01Z,,2026-09-06T12:25:44Z,,
@fxtradingvision,84502,2026-09-06T09:46:01Z,,2026-09-06T12:25:44Z,2026-09-06T09:46:01Z,
@fxtradingvision,84503,2026-09-06T11:33:01Z,"Things can change fast you know. A few years ago I was very unhappy on Sunday afternoon.

All because I knew I had to get back to work on the Monday morning.

And I know many of you are in this position. Just know if you have the vision in front of you and actually put in the action, you’ll see results very soon.

We all want to create a life we don’t need a holiday or weekend from, and you gotta earn that first 🙏🏼❤️",2026-09-06T12:25:44Z,2026-09-06T11:33:01Z,
@fxtradingvision,84504,2026-09-06T11:37:01Z,Read that…,2026-09-06T12:25:44Z,2026-09-06T11:37:01Z,
@phenexbillions,6809,2026-09-06T12:10:31Z,"Um 6 Cent das Tagesziel verfehlt, ich bitte um noch einen Trade 😂🚀🤑🤑",2026-09-06T12:25:53Z,,
@fxfaro,481,2026-09-06T13:36:47Z,Last message from me. Are you in or out?,2026-09-06T15:42:54Z,,
@fxtradingvision,84493,2026-09-06T09:11:01Z,"📨 SUNDAY MEMBER FEEDBACK 

Have a look at what profits a few of my members made this week ✅🤝",2026-09-06T15:42:56Z,2026-09-06T14:56:05Z,
@fxtradingvision,84505,2026-09-06T13:06:01Z,"Highly profitable week loading ✍️

WHO IS READY?!",2026-09-06T15:42:56Z,2026-09-06T13:06:01Z,
@fxtradingvision,84506,2026-09-06T14:07:01Z,"I have been following your signals for 15 days now. I was losing when I added my own “shitty” knowledge. The first day I decided to follow strictly your signals, I have been profitable every day. Then I went all in with my money and joined the challenge.
I have never seen a trade management that precise, that active, and that smart. We feel that you want EVERYONE to win every signal !!! You’re not like… eh… too bad we lost. No, you do your best for everyone to succeed 
Even in the shittiest market conditions. 
I have been following other traders giving signals… 2 different leagues  !! 
This is my honest opinion! 
I just started with a small capital 
With the VIP I made 300$ in profit daily. And 2 days of the challenge I made 1600$ in profit (again.. small. Capital) 
If anyone hesitates… honestly they shouldn’t.",2026-09-06T15:42:56Z,2026-09-06T14:07:01Z,
@fxtradingvision,84507,2026-09-06T14:56:01Z,"The game is genuinely simple. All you need to do is take action and stay consistent.

Then at some point, everything you dreamt of becomes reality.

I’m here to help you make a change but YOU GOTTA TAKE THAT FIRST STEP! That’s the action taking I’m talking about. Everything else will be sorted, don’t worry about that. Click the link below to get started this week & let’s make a change together ⬇️ 

>>> CLICK HERE TO GET STARTED INSIDE MY COMMUNITY",2026-09-06T15:42:56Z,2026-09-06T14:56:01Z,
@fxtradingvision,84508,2026-09-06T14:56:01Z,,2026-09-06T15:42:56Z,,
@fxtradingvision,84509,2026-09-06T14:56:01Z,,2026-09-06T15:42:56Z,,
@phenexbillions,6810,2026-09-06T14:10:29Z,,2026-09-06T15:43:06Z,,
@fxtradingvision,84507,2026-09-06T14:56:01Z,"The game is genuinely simple. All you need to do is take action and stay consistent.

Then at some point, everything you dreamt of becomes reality.",2026-09-06T17:49:42Z,2026-09-06T17:33:05Z,
@fxtradingvision,84510,2026-09-06T15:49:01Z,"FYI: 93% of the new VIP members see their first profits within 24 hours after joining. ANYONE can do this, it's simple copy & paste + I explain you everything you need to know",2026-09-06T17:49:42Z,2026-09-06T15:49:01Z,
@fxtradingvision,84511,2026-09-06T15:51:01Z,WHATS HOLDING YOU BUDDY?,2026-09-06T17:49:42Z,2026-09-06T15:51:01Z,
@fxtradingvision,84512,2026-09-06T17:31:01Z,,2026-09-06T17:49:42Z,2026-09-06T17:31:01Z,
@fxtradingvision,84513,2026-09-06T17:33:01Z,"15 spots left on this Sunday ‼️

After that I’m wrapping up the day and focus on the new week. 

It’s looking very promising! Make sure to claim your spot now if you want to copy all my trades in the new week 🤑 Click the link below to send me a message and get started 👇🏻

🚨 CLICK HERE TO CLAIM 1 OF THE 15 FREE SPOTS IN MY VIP",2026-09-06T17:49:42Z,2026-09-06T17:33:01Z,
@fxtradingvision,84514,2026-09-06T17:49:54Z,"The perfect moment is never coming.

There will be always another reason to wait. More energy, more time or more money.

Start before you are ready, take the risk.

Make the move, legends.",2026-09-06T19:40:33Z,2026-09-06T17:49:54Z,
@phenexbillions,6811,2026-09-06T19:21:16Z,,2026-09-06T19:40:42Z,,
@phenexbillions,6812,2026-09-06T19:39:03Z,"📊 Trading muss nicht den ganzen Tag dauern, wenn Struktur dahintersteht. 2–4 präzise Signale pro Tag und meist nur rund 15 Minuten Aufwand, um sie umzusetzen. Genau diese Effizienz macht den Unterschied im Alltag. Wer vorbereitet ist, kann Chancen nutzen, ohne ständig vor dem Bildschirm zu sitzen. So bleibt Zeit für das Wesentliche.

Wenn du meinen kostenlosen Service nutzen willst und morgen auch mitverdienen möchtest schreib mir ""START"".

➡ @billions_vitus",2026-09-06T19:40:42Z,,
@fxtradingvision,84515,2026-09-06T19:48:01Z,Scared to jump?,2026-09-06T21:47:59Z,2026-09-06T19:48:01Z,
@fxtradingvision,84516,2026-09-06T21:16:01Z,"Guys sorry if it takes a bit longer than usual for me to respond. It’s been a bit busy in my DM lately, many action takers!

Love to see it ❤️ all you need to do is follow the instructions I sent and you'll be inside before the first trade of the week goes live 🙏🏻

See you there :)",2026-09-06T21:47:59Z,2026-09-06T21:16:01Z,
@phenexbillions,6813,2026-09-06T21:25:22Z,🤗🙏,2026-09-06T21:48:08Z,,
@phenexbillions,6814,2026-09-06T21:44:32Z,"🚀 Another week, another WIN! 🚀

Mit einem starken Nettoergebnis von +58.330 Pips schließen wir diese Woche ab.
Unsere konstante Performance bestätigt einmal mehr: The Phenex keeps rising – unstoppable, undeniable.


📊 The Trading Phenex – Wochenübersicht 📈

Gesamt Netto-Pips: +58.330 ❤️‍🔥

Tägliche Pips:
📆 31. Aug: +9.700
📆 1. Sep: +19.750
📆 2. Sep: +16.430
📆 3. Sep: +6.250
📆 4. Sep: +6.200

⸻

🔥 Trefferquote dieser Woche:
🎯 TP1: 100,00 %
🎯 TP2: 78,95 %
🎯 TP3: 47,37 %

Winrate: 100 % (kein SL)


Jetzt wieder mit Full Focus in die neue Handelswoche!🏆

⸻

Wir machen da weiter, wo andere aufhören.
Phenex never fades — it transforms.


Wir stehen für echte Transparenz – echte Trades, echte Resultate.
No excuses. No fake hype. Only real results.

Master the Markets. Rise with Phenex.


On to the next one! 🏆🦅",2026-09-06T21:48:08Z,,
@fxtradingvision,84513,2026-09-06T17:33:01Z,"15 spots left on this Sunday ‼️

After that I’m wrapping up the day and focus on the new week.",2026-09-07T06:07:24Z,2026-09-07T02:54:05Z,
@fxtradingvision,84517,2026-09-07T02:37:01Z,Goooood morning traders hope you are ready for another great week in the markets,2026-09-07T06:07:24Z,2026-09-07T02:37:01Z,
@fxtradingvision,84518,2026-09-07T02:44:01Z,"Last week was an insane week. Hope you caught a few of the trades I shared in this free group 😃 Then you surely made profit (if not, your risk management is extremely bad) 💰🙏🏼",2026-09-07T06:07:24Z,2026-09-07T02:44:01Z,
@fxtradingvision,84519,2026-09-07T02:47:01Z,"Anyways, we are off to a brand new week. Let’s keep up the good work and make a loooot more money 🤑🤑🤑",2026-09-07T06:07:24Z,2026-09-07T02:47:01Z,
@fxtradingvision,84520,2026-09-07T02:50:10Z,,2026-09-07T06:07:24Z,2026-09-07T02:50:11Z,
@fxtradingvision,84521,2026-09-07T02:54:01Z,"Don’t miss anything this the new week, start trading in the VIP with my full guidance! 👇🏼👇🏼",2026-09-07T06:07:24Z,2026-09-07T05:14:06Z,
@fxtradingvision,84522,2026-09-07T04:02:01Z,,2026-09-07T06:07:24Z,2026-09-07T04:02:01Z,
@fxtradingvision,84523,2026-09-07T05:14:01Z,"NEW WEEK! TIME TO GET TO WORK! 

We absolutely killed it last week. Members made great amounts of money and we continue today! 

Don’t miss out buddy, I’m telling you. Access to my VIP is free right now. Click the link below to get started 👇🏻👇🏻

➡️ CLICK HERE TO GET FREE ACCESS TO MY VIP TRADING PROGRAM",2026-09-07T06:07:24Z,2026-09-07T05:14:01Z,
@fxtradingvision,84524,2026-09-07T05:14:01Z,,2026-09-07T06:07:24Z,,
@fxtradingvision,84525,2026-09-07T05:14:01Z,,2026-09-07T06:07:24Z,,
@fxtradingvision,84526,2026-09-07T05:14:01Z,,2026-09-07T06:07:24Z,,
@fxtradingvision,84527,2026-09-07T05:14:01Z,,2026-09-07T06:07:24Z,,
@fxtradingvision,84528,2026-09-07T05:14:02Z,,2026-09-07T06:07:24Z,,
@fxtradingvision,84529,2026-09-07T05:14:02Z,,2026-09-07T06:07:24Z,,
@fxtradingvision,84530,2026-09-07T05:14:02Z,,2026-09-07T06:07:24Z,,
@fxtradingvision,84531,2026-09-07T05:14:02Z,,2026-09-07T06:07:24Z,,
@fxtradingvision,84532,2026-09-07T05:35:13Z,,2026-09-07T06:07:24Z,2026-09-07T05:35:13Z,
@fxtradingvision,84533,2026-09-07T05:56:01Z,You are still sleeping while my members are making extra salaries by pushing a few buttons on their phones…,2026-09-07T06:07:24Z,2026-09-07T05:56:01Z,
@phenexbillions,6815,2026-09-07T05:25:12Z,WOW nur 2 Signale und einen so guten Profit eingeräumt. Happy bin 😍,2026-09-07T06:07:34Z,,
@phenexbillions,6816,2026-09-07T06:01:09Z,"✅ NEUER PREMIUM TRADE! ✅

Solltest du noch nicht Mitglied meiner VIP Gruppe sein, hast du soeben ein kostenloses Signal verpasst.

Schreib mir jetzt ""START"" und sichere dir deinen kostenlosen Zugang zur VIP mit 2-4 präzisen Signalen am Tag❗️

➡ @billions_vitus",2026-09-07T06:07:34Z,,
@fxtradingvision,84534,2026-09-07T06:37:01Z,"Guys sorry if it takes a bit longer than usual for me to respond. It’s been a bit busy in my DM this morning, many action takers!

Love to see it ❤️ all you need to do is follow the instructions I sent and you'll be inside before the first trade goes live 🙏🏻

See you there :)",2026-09-07T12:34:21Z,2026-09-07T06:37:01Z,
@fxtradingvision,84535,2026-09-07T07:12:01Z,,2026-09-07T12:34:21Z,2026-09-07T07:12:01Z,
@fxtradingvision,84536,2026-09-07T07:25:22Z,"DO YOU WANT A NEW GOLD TRADE?

SHOW ME THE LIKES….",2026-09-07T12:34:21Z,2026-09-07T07:25:23Z,
@fxtradingvision,84537,2026-09-07T07:25:33Z,OPEN GOLD BUYS!,2026-09-07T12:34:21Z,2026-09-07T07:25:35Z,
@fxtradingvision,84538,2026-09-07T07:27:08Z,"NEW TRADE IDEA

XAUUSD BUY 4398

TP 1 4402
TP 2 4403
TP 3 4440

SL @ 4375

Trade accordingly and only trade with money you can afford to LOSE.",2026-09-07T12:34:21Z,2026-09-07T07:27:11Z,
@fxtradingvision,84539,2026-09-07T07:41:45Z,"Close gold with a small loss.

We gonna be creative.",2026-09-07T12:34:21Z,2026-09-07T07:41:46Z,
@fxtradingvision,84540,2026-09-07T07:41:55Z,"OPEN GOLD SELLS.

Double lotsize.",2026-09-07T12:34:21Z,2026-09-07T07:41:56Z,
@fxtradingvision,84541,2026-09-07T07:42:07Z,"Fire gold sells.

We gonna drop.",2026-09-07T12:34:21Z,2026-09-07T07:42:08Z,
@fxtradingvision,84542,2026-09-07T07:43:50Z,"NEW TRADE IDEA

XAUUSD SELL 4394

TP 1 4390
TP 2 4389
TP 3 4360

SL @ 4420

Trade accordingly and only trade with money you can afford to LOSE.",2026-09-07T12:34:21Z,2026-09-07T07:43:51Z,
@fxtradingvision,84543,2026-09-07T07:50:32Z,"Due to bank holidays and low volume the market can be manipulative as there is less volume.

Hold your trade and enjoy the ride.",2026-09-07T12:34:21Z,2026-09-07T07:50:33Z,
@fxtradingvision,84545,2026-09-07T08:01:52Z,"NEW TRADE IDEA

XAUUSD SELL 4408

TP 1 4404
TP 2 4403
TP 3 4380

SL @ 4425

Trade accordingly and only trade with money you can afford to LOSE.",2026-09-07T12:34:21Z,2026-09-07T08:01:53Z,
@fxtradingvision,84546,2026-09-07T08:01:56Z,"Open new counter gold sells.

Move all gold stoplosses to 4425.

We either gonna win big and start the week right.

Or we gonna take a hit.",2026-09-07T12:34:21Z,2026-09-07T08:01:57Z,
@fxtradingvision,84547,2026-09-07T08:16:24Z,Move gold stoplosses one more time to 4430.,2026-09-07T12:34:21Z,2026-09-07T08:16:24Z,
@fxtradingvision,84548,2026-09-07T08:18:17Z,"We gonna drop.

It’s just easy to manipulate the market now due to low volume.

It wants to scare you out.",2026-09-07T12:34:21Z,2026-09-07T08:18:18Z,
@fxtradingvision,84549,2026-09-07T08:19:01Z,"NEW TRADE IDEA

XAUUSD SELL 4422

TP 1 4418
TP 2 4417
TP 3 4380

SL @ 4435

Trade accordingly and only trade with money you can afford to LOSE.",2026-09-07T12:34:21Z,2026-09-07T08:19:01Z,
@fxtradingvision,84550,2026-09-07T08:25:16Z,"TP 1 & 2 are BOTH hit ✅

+ 180 pips profit secured as we used double lotsize 🔥🔥🔥

Move your SL back to entry.",2026-09-07T12:34:21Z,2026-09-07T08:25:17Z,
@fxtradingvision,84551,2026-09-07T08:25:29Z,"First one is completed.

Two more to go.",2026-09-07T12:34:21Z,2026-09-07T08:25:30Z,
@fxtradingvision,84552,2026-09-07T09:33:01Z,,2026-09-07T12:34:21Z,2026-09-07T09:33:01Z,
@fxtradingvision,84553,2026-09-07T09:34:00Z,"TP 1 & 2 are BOTH hit ✅

+ 180 pips profit secured as we used double lotsize 🔥🔥🔥

Move your SL back to entry.",2026-09-07T12:34:21Z,2026-09-07T09:34:01Z,
@fxtradingvision,84554,2026-09-07T09:34:11Z,"I told you.

Did you have faith in me?",2026-09-07T12:34:21Z,2026-09-07T09:34:11Z,
@fxtradingvision,84555,2026-09-07T09:35:01Z,"Never doubt me.

They manipulated the market.

We didn’t get scared.

Now the jackpot is here.",2026-09-07T12:34:21Z,2026-09-07T09:35:01Z,
@fxtradingvision,84556,2026-09-07T09:36:57Z,DO YOU WANT A NEW VIP GOLD TRADE?,2026-09-07T12:34:21Z,2026-09-07T09:36:57Z,
@fxtradingvision,84557,2026-09-07T09:42:04Z,"Close all gold sell positions if you have them.

We go back to buys.",2026-09-07T12:34:21Z,2026-09-07T09:42:05Z,
@fxtradingvision,84558,2026-09-07T09:42:23Z,"NEW TRADE IDEA

XAUUSD BUY 4408

TP 1 4412
TP 2 4413
TP 3 4440

SL @ 4380

Trade accordingly and only trade with money you can afford to LOSE.",2026-09-07T12:34:21Z,2026-09-07T09:42:25Z,
@fxtradingvision,84559,2026-09-07T10:43:00Z,"NEW TRADE IDEA

XAUUSD BUY 4395

TP 1 4399
TP 2 4400
TP 3 4440

SL @ 4370

Trade accordingly and only trade with money you can afford to LOSE.",2026-09-07T12:34:21Z,2026-09-07T10:43:01Z,
@fxtradingvision,84560,2026-09-07T10:43:07Z,"ENTER ONE MORE GOLD BUY.

Let’s fly.",2026-09-07T12:34:21Z,2026-09-07T10:43:07Z,
@fxtradingvision,84561,2026-09-07T11:00:21Z,"I got all my gold stoplosses at 4370.

Like I said very manipulative market.

Don’t scare yourself out.",2026-09-07T12:34:21Z,2026-09-07T11:00:22Z,
@fxtradingvision,84562,2026-09-07T11:02:37Z,"RELAX.

AND

ENJOY THE RIDE.",2026-09-07T12:34:21Z,2026-09-07T11:02:38Z,
@fxtradingvision,84563,2026-09-07T11:57:01Z,,2026-09-07T12:34:21Z,2026-09-07T11:57:01Z,
@phenexbillions,6817,2026-09-07T06:13:23Z,"+80 Pips ✅

SL nach Belieben auf Break Even…",2026-09-07T12:34:30Z,,
@phenexbillions,6818,2026-09-07T06:18:57Z,"TP1 hit, that’s +1000 pips 🚀✅

SL nach Belieben auf Break Even…",2026-09-07T12:34:30Z,,
@phenexbillions,6819,2026-09-07T06:26:09Z,"TP2 hit, that’s +1350 pips 🚀✅",2026-09-07T12:34:30Z,,
@phenexbillions,6820,2026-09-07T06:46:33Z,,2026-09-07T12:34:30Z,,
@phenexbillions,6821,2026-09-07T06:46:36Z,Dankeschön🙏🏻🙏🏻🙏🏻,2026-09-07T12:34:30Z,,
@phenexbillions,6822,2026-09-07T08:00:15Z,210+ Pips an Bank Holidays ist super 💯,2026-09-07T12:34:30Z,,
@phenexbillions,6823,2026-09-07T08:13:34Z,"TP3 hit, that’s +2800 pips 🚀✅",2026-09-07T12:34:30Z,,
@phenexbillions,6824,2026-09-07T09:42:21Z,"TP1 hit, that’s +600 pips 🚀✅

SL nach Belieben auf Break Even…",2026-09-07T12:34:30Z,,
@fxtradingvision,84523,2026-09-07T05:14:01Z,"NEW WEEK! TIME TO GET TO WORK! 

We absolutely killed it last week. Members made great amounts of money and we continue today!",2026-09-07T17:59:07Z,2026-09-07T14:19:46Z,
@fxtradingvision,84564,2026-09-07T12:38:44Z,LIVE FREE GOLD TRADE,2026-09-07T17:59:07Z,2026-09-07T12:38:45Z,
@fxtradingvision,84566,2026-09-07T13:00:23Z,BE AN ACTION TAKER.,2026-09-07T17:59:07Z,2026-09-07T13:00:23Z,
@fxtradingvision,84567,2026-09-07T13:05:33Z,"TP 1 & 2 are BOTH hit ✅

+ 180 pips profit secured as we used double lotsize 🔥🔥🔥

Move your SL back to entry.",2026-09-07T17:59:07Z,2026-09-07T13:05:35Z,
@fxtradingvision,84569,2026-09-07T14:49:20Z,"TP 1 & 2 are BOTH hit ✅

+ 180 pips profit secured as we used double lotsize 🔥🔥🔥

Move your SL back to entry.",2026-09-07T17:59:07Z,2026-09-07T14:49:21Z,
@fxtradingvision,84570,2026-09-07T14:49:29Z,"TOLD YOU TO KEEP FAITH!

ENJOY YOUR PROFITS! 🚀🚀",2026-09-07T17:59:07Z,2026-09-07T14:49:30Z,
@fxtradingvision,84571,2026-09-07T14:50:17Z,WHERE ARE THE LIKES? BABYYY??,2026-09-07T17:59:07Z,2026-09-07T14:50:17Z,
@fxtradingvision,84572,2026-09-07T14:51:04Z,"⚠️YES, OUR VIP IS CURRENTLY FREE… 

AT 4000 MEMBERS IT WILL BE PAID…

4 MORE FREE SPOTS LEFT 🐸",2026-09-07T17:59:07Z,2026-09-07T14:51:05Z,
@fxtradingvision,84573,2026-09-07T14:56:47Z,"Did any other channel had heavy gold buys as us?

I don’t think so 😂👏",2026-09-07T17:59:07Z,2026-09-07T14:56:48Z,
@fxtradingvision,84574,2026-09-07T14:56:59Z,"Enjoy your well deserved profits, legends.",2026-09-07T17:59:07Z,2026-09-07T14:57:01Z,
@fxtradingvision,84575,2026-09-07T15:14:37Z,"ONE MORE VIP SPOT IS TAKEN.

ONLY 3 left.",2026-09-07T17:59:07Z,2026-09-07T15:14:38Z,
@fxtradingvision,84576,2026-09-07T15:56:28Z,COME ON…..,2026-09-07T17:59:07Z,2026-09-07T15:56:29Z,
@fxtradingvision,84577,2026-09-07T15:56:35Z,DO YOU WANT ONE MORE GOLD TRADE FROM THE VIP?,2026-09-07T17:59:07Z,2026-09-07T15:56:36Z,
@fxtradingvision,84578,2026-09-07T16:15:01Z,OKAY.,2026-09-07T17:59:07Z,2026-09-07T16:15:01Z,
@fxtradingvision,84579,2026-09-07T16:15:03Z,LETS GET IT THEN.,2026-09-07T17:59:07Z,2026-09-07T16:15:05Z,
@fxtradingvision,84580,2026-09-07T16:15:12Z,3…,2026-09-07T17:59:07Z,2026-09-07T16:15:13Z,
@fxtradingvision,84581,2026-09-07T16:15:16Z,2…,2026-09-07T17:59:07Z,2026-09-07T16:15:17Z,
@fxtradingvision,84582,2026-09-07T16:15:37Z,1…,2026-09-07T17:59:07Z,2026-09-07T16:15:37Z,
@fxtradingvision,84583,2026-09-07T16:15:57Z,This gold trade is 95% a banger,2026-09-07T17:59:07Z,2026-09-07T16:15:57Z,
@fxtradingvision,84584,2026-09-07T16:16:20Z,COME HERE,2026-09-07T17:59:07Z,2026-09-07T16:16:21Z,
@fxtradingvision,84585,2026-09-07T16:16:57Z,"It has 100 clicks before the link will be invalid… the fastest 100 will be allowed to join the VIP for free.. 👇

GOLD TRADE IS HERE 👇

https://t.me/m/kASXoCgiOTk8",2026-09-07T17:59:07Z,2026-09-07T16:16:58Z,
@fxtradingvision,84586,2026-09-07T16:19:33Z,"NEW TRADE IDEA

XAUUSD BUY 4412

TP 1 4415
TP 2 4416
TP 3 4440

SL @ 4390

Trade accordingly and only trade with money you can afford to LOSE.",2026-09-07T17:59:07Z,2026-09-07T16:19:35Z,
@fxtradingvision,84587,2026-09-07T16:23:47Z,"LIVE FREE GOLD TRADE

SHOW ME THE LIKES",2026-09-07T17:59:07Z,2026-09-07T16:23:48Z,2026-09-07T20:51:38Z
@phenexbillions,6825,2026-09-07T16:14:28Z,,2026-09-07T17:59:17Z,,
@phenexbillions,6826,2026-09-07T17:07:37Z,Mein erster Signaltrade heute Morgen. 👍🏼,2026-09-07T17:59:17Z,,
@fxtradingvision,84585,2026-09-07T16:16:57Z,"It has 100 clicks before the link will be invalid… the fastest 100 will be allowed to join the VIP for free.. 👇

GOLD TRADE IS HERE 👇",2026-09-07T20:51:38Z,2026-09-07T19:13:05Z,
@fxtradingvision,84588,2026-09-07T18:08:36Z,"LIVE FREE GOLD TRADE

SHOW ME THE LIKES",2026-09-07T20:51:38Z,2026-09-07T18:08:37Z,
@fxtradingvision,84589,2026-09-07T18:17:46Z,"NEW TRADE IDEA

XAUUSD BUY 4403

TP 1 4406
TP 2 4407
TP 3 4440

SL @ 4380

Trade accordingly and only trade with money you can afford to LOSE.",2026-09-07T20:51:38Z,2026-09-07T18:17:46Z,
@fxtradingvision,84590,2026-09-07T18:18:05Z,"Move stoploss to 4380 and enjoy the ride.

Gold is gonna pump HIGH this evening.",2026-09-07T20:51:38Z,2026-09-07T18:18:06Z,
@fxtradingvision,84591,2026-09-07T18:30:33Z,"TP 1 & 2 are BOTH hit ✅

+ 120 pips profit secured as we used double lotsize 🔥🔥🔥

Move your SL back to entry.",2026-09-07T20:51:38Z,2026-09-07T18:30:34Z,
@fxtradingvision,84592,2026-09-07T19:00:29Z,"Do you want to join our X10 challenge?

Follow the instructions below to UNLOCK your access directly! 👇

@FXTV10Xonboarding_bot",2026-09-07T20:51:38Z,2026-09-07T19:00:30Z,
@fxtradingvision,84593,2026-09-07T19:13:01Z,"All you need to get inside my team is some money you are going to trade with 

You need money to make money in this game

I can’t help you make money from thin air. We will put your currency to work and grow it consistently 

€350 is the minimum. If you have that, send me a DM right now and I’ll help you get inside! 

**YOU WILL NOT SEND THIS MONEY TO ME EVER, JOINING IS COMPLETELY FREE!

>>> CLICK HERE to claim your FREE VIP access — limited spots available!",2026-09-07T20:51:38Z,2026-09-07T19:13:01Z,
@phenexbillions,6827,2026-09-07T19:35:24Z,"📚 Dazulernen ist der Schlüssel für echten Fortschritt. Wer bereit ist, Märkte zu verstehen statt nur zu beobachten, entwickelt mit der Zeit ein ganz anderes Gefühl für Entscheidungen. Genau hier entsteht der Unterschied zwischen Zufall und System. Trading belohnt diejenigen, die analysieren, reflektieren und ihr Wissen konsequent anwenden. So wächst Sicherheit Schritt für Schritt.

Wenn du meinen kostenlosen Service kennenlernen willst und strukturiert dazulernen möchtest, schreib mir ""START"".

➡ @billions_vitus",2026-09-07T20:51:47Z,,
@fxtradingvision,84593,2026-09-07T19:13:01Z,"All you need to get inside my team is some money you are going to trade with 

You need money to make money in this game

I can’t help you make money from thin air. We will put your currency to work and grow it consistently 

€350 is the minimum. If you have that, send me a DM right now and I’ll help you get inside! 

**YOU WILL NOT SEND THIS MONEY TO ME EVER, JOINING IS COMPLETELY FREE!",2026-09-07T23:06:00Z,2026-09-07T21:51:06Z,
@fxtradingvision,84594,2026-09-07T21:51:01Z,"Having no experience is NO PROBLEM at all, I got you. A large portion of my members started without any experience, followed the steps and are able to make MONEY in the markets. It’s not hard, you just need to right knowledge 🧠

Here is what you unlock in my VIP 👇

✅ 5-6 trading signals daily (FREE)
ℹ️ Beginner trading course (FREE)
✅ 1-on-1 personal guidance (FREE)
✅ 85% win rate on average (FREE)

Shoot me a DM and I will send you the instructions, LET’S PRINT SOME MONEY TODAY!

🚪 CLICK HERE TO RECEIVE THE INSTRUCTIONS FOR FREE VIP ACCESS",2026-09-07T23:06:00Z,2026-09-07T21:51:01Z,
@fxtradingvision,84594,2026-09-07T21:51:01Z,"Having no experience is NO PROBLEM at all, I got you. A large portion of my members started without any experience, followed the steps and are able to make MONEY in the markets. It’s not hard, you just need to right knowledge 🧠

Here is what you unlock in my VIP 👇

✅ 5-6 trading signals daily (FREE)
ℹ️ Beginner trading course (FREE)
✅ 1-on-1 personal guidance (FREE)
✅ 85% win rate on average (FREE)

Shoot me a DM and I will send you the instructions, LET’S PRINT SOME MONEY TODAY!",2026-09-08T05:59:05Z,2026-09-08T03:22:07Z,
@fxtradingvision,84595,2026-09-08T02:35:08Z,GOOD MORNING TRADERS HAPPY TUESDAY 🫡🫡🫡,2026-09-08T05:59:05Z,2026-09-08T02:35:09Z,
@fxtradingvision,84596,2026-09-08T02:38:01Z,"I’m up early, time to analyze the charts. 

I’m doing the work so my VIP members don’t have to. When they wake up, there phone will be buzzing with trade signals. 

LETS GET TO WORK 🔥🔥",2026-09-08T05:59:05Z,2026-09-08T02:38:01Z,
@fxtradingvision,84597,2026-09-08T03:22:02Z,"RECEIVE 6 TO 7 TRADES PER DAY IN THE VIP ‼️

Start trading in the VIP today! Just send me a private message or click the button below to claim your access 💻",2026-09-08T05:59:05Z,2026-09-08T04:54:05Z,
@fxtradingvision,84598,2026-09-08T04:13:01Z,"Don’t spam my inbox please. I’m answering everyone’s message as soon as I possibly can. If you sent me a message and I gave you the instructions, make sure to follow them so I can onboard you into the VIP immediately. 

It’s simple guys. You just have to take action.",2026-09-08T05:59:05Z,2026-09-08T04:13:01Z,
@fxtradingvision,84599,2026-09-08T04:52:01Z,,2026-09-08T05:59:05Z,2026-09-08T04:52:01Z,
@fxtradingvision,84600,2026-09-08T04:54:01Z,"MONEY TIME 👇👇👇

👉🏻 CLICK HERE TO UNLOCK THE NEXT GOLD TRADE‼️

17 spots left before the morning session starts! ✌️",2026-09-08T05:59:05Z,2026-09-08T04:54:01Z,2026-09-08T10:33:48Z
@fxtradingvision,84601,2026-09-08T05:40:07Z,"Hey Mike, thanks! 🔥 It’s clear that you really know what you’re doing. I seriously appreciate these strong signals — they’re making a real difference.

Today I made a total of €180 profit 💰📈. For me, especially being at the beginning of this journey, I think that’s a pretty damn good start! 😎

Thanks again, Mike. Let’s keep going — I’m just getting started! 🚀🔥",2026-09-08T05:59:05Z,2026-09-08T05:40:07Z,
@fxtradingvision,84602,2026-09-08T05:59:01Z,"Next trade dropping very soon!

Monday was a great start

Let’s make Tuesday even better 🏆🏆🏆",2026-09-08T05:59:05Z,2026-09-08T05:59:01Z,
@phenexbillions,6828,2026-09-08T02:22:28Z,"✅ NEUER PREMIUM TRADE! ✅

Solltest du noch nicht Mitglied meiner VIP Gruppe sein, hast du soeben ein kostenloses Signal verpasst.

Schreib mir jetzt ""START"" und sichere dir deinen kostenlosen Zugang zur VIP mit 2-4 präzisen Signalen am Tag❗️

➡ @billions_vitus",2026-09-08T05:59:14Z,,
@phenexbillions,6829,2026-09-08T02:27:00Z,"TP1 hit, that’s +400 pips 🚀✅

SL nach Belieben auf Break Even…",2026-09-08T05:59:14Z,,
@phenexbillions,6830,2026-09-08T03:11:38Z,100+ Pips 🤑✅,2026-09-08T05:59:14Z,,
@phenexbillions,6831,2026-09-08T03:20:15Z,"TP2 hit, that’s +1400 pips 🚀✅",2026-09-08T05:59:14Z,,
@phenexbillions,6832,2026-09-08T03:32:28Z,200+ Pips Teilgewinne nehmen ✅,2026-09-08T05:59:14Z,,
@phenexbillions,6833,2026-09-08T05:31:28Z,"🌅 Guten Morgen, frischer Tag – neue Profite warten bereits auf dich.
Hör auf nur zuzusehen und starte endlich selbst durch – die Chancen liegen direkt vor dir.

Schreib mir „START“ und sei noch heute mit dabei.

➡ @billions_vitus",2026-09-08T05:59:14Z,,
@fxtradingvision,84603,2026-09-08T06:25:12Z,"I get messages every single day from people saying ""I want to start trading but I don't know where to begin.""

Let me tell you this: You begin by making a decision.

Not tomorrow. Not next week. Not ""when I have more money saved up."" You start NOW with whatever you have and you learn along the way. That's how every single successful trader in my community started. Including me.

Nobody was born knowing how to read charts. We all started from zero 💯",2026-09-08T10:33:48Z,2026-09-08T06:25:13Z,
@fxtradingvision,84604,2026-09-08T06:38:36Z,"TP 1 & 2 & 3 are ALL hit ✅

+ 280 pips profit secured as we used double lotsize 🔥🔥🔥

Move your SL back to entry.",2026-09-08T10:33:48Z,2026-09-08T06:38:37Z,
@fxtradingvision,84605,2026-09-08T06:38:45Z,"TP 1 & 2 & 3 are ALL hit ✅

+ 370 pips profit secured as we used double lotsize 🔥🔥🔥

Move your SL back to entry.",2026-09-08T10:33:48Z,2026-09-08T06:38:46Z,
@fxtradingvision,84606,2026-09-08T06:38:51Z,Come on baby….,2026-09-08T10:33:48Z,2026-09-08T06:38:52Z,
@fxtradingvision,84608,2026-09-08T06:51:01Z,,2026-09-08T10:33:48Z,2026-09-08T06:51:01Z,
@fxtradingvision,84609,2026-09-08T06:55:10Z,✅I’m about to send out the next high-potential signal in the VIP group. Are you going to miss out on it? 💰,2026-09-08T10:33:48Z,2026-09-08T07:56:55Z,
@fxtradingvision,84610,2026-09-08T07:22:51Z,OPEN GOLD SELLS,2026-09-08T10:33:48Z,2026-09-08T07:22:51Z,
@fxtradingvision,84611,2026-09-08T07:25:32Z,"NEW TRADE IDEA

XAUUSD SELL 4402

TP 1 4398
TP 2 4397
TP 3 4370

SL @ 4425

Trade accordingly and only trade with money you can afford to LOSE.",2026-09-08T10:33:48Z,2026-09-08T07:25:33Z,
@fxtradingvision,84612,2026-09-08T07:31:35Z,"LIVE FREE GOLD TRADE

SHOW ME THE LIKES",2026-09-08T10:33:48Z,2026-09-08T07:31:36Z,
@fxtradingvision,84614,2026-09-08T07:36:00Z,"TP 1 & 2 are BOTH hit ✅

+ 180 pips profit secured as we used double lotsize 🔥🔥🔥

Move your SL back to entry.",2026-09-08T10:33:48Z,2026-09-08T07:36:01Z,
@fxtradingvision,84615,2026-09-08T07:40:49Z,DID EVERYONE MAKE SOME MORNING PROFITS? 👏,2026-09-08T10:33:48Z,2026-09-08T07:40:51Z,
@fxtradingvision,84616,2026-09-08T07:45:05Z,"Nice…

Do you want one more gold trade?",2026-09-08T10:33:48Z,2026-09-08T07:45:06Z,
@fxtradingvision,84617,2026-09-08T07:48:39Z,"Open one more gold sell

FUCK IT.",2026-09-08T10:33:48Z,2026-09-08T07:48:42Z,
@fxtradingvision,84618,2026-09-08T07:49:18Z,"NEW TRADE IDEA

XAUUSD SELL 4396

TP 1 4392
TP 2 4391
TP 3 4370

SL @ 4420

Trade accordingly and only trade with money you can afford to LOSE.",2026-09-08T10:33:48Z,2026-09-08T07:49:19Z,
@fxtradingvision,84619,2026-09-08T07:50:47Z,"TP 1 & 2 are BOTH hit ✅

+ 180 pips profit secured as we used double lotsize 🔥🔥🔥

Move your SL back to entry.",2026-09-08T10:33:48Z,2026-09-08T07:50:48Z,
@fxtradingvision,84620,2026-09-08T07:50:49Z,Lol.,2026-09-08T10:33:48Z,2026-09-08T07:50:51Z,
@fxtradingvision,84621,2026-09-08T07:53:34Z,"EASY BABY!!!

DID EVERYONE MAKE PROFITS OR WHAT?",2026-09-08T10:33:48Z,2026-09-08T07:53:35Z,
@fxtradingvision,84624,2026-09-08T08:08:19Z,HMM YOU WANT ONE MORE?,2026-09-08T10:33:48Z,2026-09-08T08:08:21Z,
@fxtradingvision,84625,2026-09-08T08:08:35Z,OPEN GOLD SELLS!,2026-09-08T10:33:48Z,2026-09-08T08:08:36Z,
@fxtradingvision,84626,2026-09-08T08:09:02Z,"NEW TRADE IDEA

XAUUSD SELL 4391

TP 1 4387
TP 2 4386
TP 3 4360

SL @ 4410

Trade accordingly and only trade with money you can afford to LOSE.",2026-09-08T10:33:48Z,2026-09-08T08:09:03Z,
@fxtradingvision,84627,2026-09-08T08:11:35Z,"LIVE FREE GOLD TRADE

SHOW ME THE LIKES",2026-09-08T10:33:48Z,2026-09-08T08:11:36Z,
@fxtradingvision,84628,2026-09-08T09:17:47Z,"Move gold stoploss to 4420

Be ready for the counter trade.",2026-09-08T10:33:48Z,2026-09-08T09:17:48Z,
@fxtradingvision,84629,2026-09-08T09:50:19Z,OPEN EXTRA GOLD SELLS.,2026-09-08T10:33:48Z,2026-09-08T09:50:20Z,
@fxtradingvision,84630,2026-09-08T09:51:26Z,"NEW TRADE IDEA

XAUUSD SELL 4405

TP 1 4401
TP 2 4400
TP 3 4370

SL @ 4425

Trade accordingly and only trade with money you can afford to LOSE.",2026-09-08T10:33:48Z,2026-09-08T09:51:27Z,
@fxtradingvision,84631,2026-09-08T10:03:32Z,"TP 1 & 2 are BOTH hit ✅

+ 180 pips profit secured as we used double lotsize 🔥🔥🔥

Move your SL back to entry.",2026-09-08T10:33:48Z,2026-09-08T10:03:33Z,
@fxtradingvision,84632,2026-09-08T10:10:25Z,"⚠️YES, OUR VIP IS CURRENTLY FREE… 

AT 4000 MEMBERS IT WILL BE PAID…

4 MORE FREE SPOTS LEFT 🐸",2026-09-08T10:33:48Z,2026-09-08T10:10:26Z,
@fxtradingvision,84633,2026-09-08T10:10:42Z,LET’S SEE WHO WILL BE THE LAST 4 MEMBERS.,2026-09-08T10:33:48Z,2026-09-08T10:10:43Z,
@fxtradingvision,84634,2026-09-08T10:11:29Z,ALL YOU HAVE TO DO IS FOLLOW THE STEPS.,2026-09-08T10:33:48Z,2026-09-08T10:11:31Z,
@fxtradingvision,84635,2026-09-08T10:20:02Z,"New trade on GOLD shared in the VIP ☕️

Which direction? Buy or Sell?

👉 CLICK HERE TO CLAIM YOUR SPOT & UNLOCK ALL THE TRADES",2026-09-08T10:33:48Z,2026-09-08T10:20:03Z,2026-09-08T14:45:18Z
@phenexbillions,6834,2026-09-08T06:10:20Z,"✅ NEUER PREMIUM TRADE! ✅

Solltest du noch nicht Mitglied meiner VIP Gruppe sein, hast du soeben ein kostenloses Signal verpasst.

Schreib mir jetzt ""START"" und sichere dir deinen kostenlosen Zugang zur VIP mit 2-4 präzisen Signalen am Tag❗️

➡ @billions_vitus",2026-09-08T10:33:57Z,,
@phenexbillions,6835,2026-09-08T06:34:07Z,"+40 Pips vom besten Einstieg ✅

Break Even nach Belieben…",2026-09-08T10:33:57Z,,
@phenexbillions,6836,2026-09-08T06:42:30Z,"TP1 hit, that’s +800 pips 🚀✅

SL nach Belieben auf Break Even…",2026-09-08T10:33:57Z,,
@phenexbillions,6837,2026-09-08T06:46:43Z,+100 Pips 💎✅,2026-09-08T10:33:57Z,,
@phenexbillions,6838,2026-09-08T09:53:19Z,⚡️,2026-09-08T10:33:57Z,,
@fxtradingvision,84636,2026-09-08T11:13:09Z,"LIVE FREE GOLD TRADE 

STILL",2026-09-08T14:45:18Z,2026-09-08T11:13:11Z,
@fxtradingvision,84637,2026-09-08T11:27:21Z,Just got to work and I've almost made my monthly wage. Going for my annual before end of the day.,2026-09-08T14:45:18Z,2026-09-08T11:27:21Z,
@fxtradingvision,84638,2026-09-08T11:34:26Z,"NEW TRADE IDEA

XAUUSD SELL 4405

TP 1 4401
TP 2 4400
TP 3 4370

SL @ 4435

Trade accordingly and only trade with money you can afford to LOSE.",2026-09-08T14:45:18Z,2026-09-08T11:34:27Z,
@fxtradingvision,84639,2026-09-08T11:51:35Z,"TP 1 & 2 are BOTH hit ✅

+ 180 pips profit secured as we used double lotsize 🔥🔥🔥

Move your SL back to entry.",2026-09-08T14:45:18Z,2026-09-08T11:51:35Z,
@fxtradingvision,84640,2026-09-08T12:16:15Z,"TP 1 & 2 are BOTH hit ✅

+ 180 pips profit secured as we used double lotsize 🔥🔥🔥

Move your SL back to entry.",2026-09-08T14:45:18Z,2026-09-08T12:16:16Z,
@fxtradingvision,84641,2026-09-08T12:16:17Z,Nice.,2026-09-08T14:45:18Z,2026-09-08T12:16:18Z,
@fxtradingvision,84642,2026-09-08T12:16:37Z,Did everyone make some nice profits with the gold sell?,2026-09-08T14:45:18Z,2026-09-08T12:16:37Z,
@fxtradingvision,84643,2026-09-08T12:21:54Z,"OPEN NEW GOLD SELLS

FUCK IT.",2026-09-08T14:45:18Z,2026-09-08T12:21:55Z,
@fxtradingvision,84644,2026-09-08T12:22:40Z,"NEW TRADE IDEA

XAUUSD SELL 4394

TP 1 4390
TP 2 4389
TP 3 4360

SL @ 4415

Trade accordingly and only trade with money you can afford to LOSE.",2026-09-08T14:45:18Z,2026-09-08T12:22:41Z,
@fxtradingvision,84646,2026-09-08T12:47:01Z,,2026-09-08T14:45:18Z,2026-09-08T12:47:01Z,
@fxtradingvision,84647,2026-09-08T13:01:14Z,"Close your gold sells.

Open gold buys.

Double lotsize.",2026-09-08T14:45:18Z,2026-09-08T13:01:15Z,
@fxtradingvision,84648,2026-09-08T13:01:43Z,"NEW TRADE IDEA

XAUUSD BUY 4406

TP 1 4410
TP 2 4412
TP 3 4440

SL @ 4380

Trade accordingly and only trade with money you can afford to LOSE.",2026-09-08T14:45:18Z,2026-09-08T13:01:44Z,
@fxtradingvision,84649,2026-09-08T13:06:35Z,"HOLD STRONG!

LET’S FLY TOGETHER!",2026-09-08T14:45:18Z,2026-09-08T13:06:36Z,
@fxtradingvision,84650,2026-09-08T13:06:55Z,DO NOT LET THE MARKET SCARE YOU OFF!,2026-09-08T14:45:18Z,2026-09-08T13:06:55Z,
@fxtradingvision,84651,2026-09-08T13:08:18Z,"These gold buys are on double lotsize.

This is for the JACKPOT.",2026-09-08T14:45:18Z,2026-09-08T13:08:18Z,
@fxtradingvision,84652,2026-09-08T13:11:21Z,"JACKPOT SOON!!!

ARE YOU HOLDING?",2026-09-08T14:45:18Z,2026-09-08T13:11:21Z,
@fxtradingvision,84653,2026-09-08T13:16:30Z,You are warned for the gold PUMP!,2026-09-08T14:45:18Z,2026-09-08T13:16:31Z,
@fxtradingvision,84654,2026-09-08T13:18:43Z,,2026-09-08T14:45:18Z,2026-09-08T13:18:44Z,
@fxtradingvision,84655,2026-09-08T14:37:34Z,What a boring movement of gold…,2026-09-08T14:45:18Z,2026-09-08T14:37:35Z,
@fxtradingvision,84656,2026-09-08T14:38:12Z,"New trade on GOLD shared in the VIP ☕️

Which direction? Buy or Sell?

👉 CLICK HERE TO CLAIM YOUR SPOT & UNLOCK ALL THE TRADES",2026-09-08T14:45:18Z,2026-09-08T14:38:13Z,2026-09-08T18:10:19Z
@fxtradingvision,84657,2026-09-08T14:44:22Z,"⚠️YES, OUR VIP IS CURRENTLY FREE… 

AT 4000 MEMBERS IT WILL BE PAID…

4 MORE FREE SPOTS LEFT 🐸",2026-09-08T14:45:18Z,2026-09-08T14:44:24Z,
@phenexbillions,6839,2026-09-08T11:03:38Z,"✅ NEUER PREMIUM TRADE! ✅

Solltest du noch nicht Mitglied meiner VIP Gruppe sein, hast du soeben ein kostenloses Signal verpasst.

Schreib mir jetzt ""START"" und sichere dir deinen kostenlosen Zugang zur VIP mit 2-4 präzisen Signalen am Tag❗️

➡ @billions_vitus",2026-09-08T14:45:28Z,,
@phenexbillions,6840,2026-09-08T11:16:29Z,"TP1 hit, that’s +500 pips 🚀✅

SL nach Belieben auf Break Even…",2026-09-08T14:45:28Z,,
@phenexbillions,6841,2026-09-08T11:20:08Z,Hier knapp 100 Pips wieder…,2026-09-08T14:45:28Z,,
@phenexbillions,6842,2026-09-08T11:45:09Z,"TP2 hit, that’s +1600 pips 🚀✅",2026-09-08T14:45:28Z,,
@fxtradingvision,84658,2026-09-08T14:52:45Z,Move gold SL to 4370,2026-09-08T18:10:19Z,2026-09-08T14:52:46Z,
@fxtradingvision,84659,2026-09-08T14:52:56Z,OPEN NEW GOLD BUYS,2026-09-08T18:10:19Z,2026-09-08T14:52:57Z,
@fxtradingvision,84660,2026-09-08T14:53:18Z,"NEW TRADE IDEA

XAUUSD BUY 4389

TP 1 4393
TP 2 4394
TP 3 4430

SL @ 4370

Trade accordingly and only trade with money you can afford to LOSE.",2026-09-08T18:10:19Z,2026-09-08T14:53:21Z,
@fxtradingvision,84661,2026-09-08T14:57:39Z,"TP 1 & 2 are BOTH hit ✅

+ 180 pips profit secured as we used double lotsize 🔥🔥🔥

Move your SL back to entry.",2026-09-08T18:10:19Z,2026-09-08T14:57:40Z,
@fxtradingvision,84662,2026-09-08T15:04:10Z,Did you open the extra gold buys when I said so?,2026-09-08T18:10:19Z,2026-09-08T15:04:11Z,
@fxtradingvision,84663,2026-09-08T15:10:38Z,OPEN EXTRA GOLD BUYS,2026-09-08T18:10:19Z,2026-09-08T15:10:38Z,
@fxtradingvision,84664,2026-09-08T15:12:52Z,TIME TO FLY NOW THEN.,2026-09-08T18:10:19Z,2026-09-08T15:12:52Z,
@fxtradingvision,84665,2026-09-08T16:05:02Z,"NEW TRADE IDEA

XAUUSD BUY 4392

TP 1 4396
TP 2 4397
TP 3 4430

SL @ 4370

Trade accordingly and only trade with money you can afford to LOSE.",2026-09-08T18:10:19Z,2026-09-08T16:05:03Z,
@fxtradingvision,84666,2026-09-08T16:25:28Z,LISTEN UP!,2026-09-08T18:10:19Z,2026-09-08T16:25:30Z,
@fxtradingvision,84667,2026-09-08T16:25:50Z,10 MEMBERS JOINING THE VIP NOW WILL GET A 100% DEPOSIT BONUS FROM ME,2026-09-08T18:10:19Z,2026-09-08T16:25:51Z,
@fxtradingvision,84668,2026-09-08T16:26:21Z,READY?,2026-09-08T18:10:19Z,2026-09-08T16:26:21Z,
@fxtradingvision,84669,2026-09-08T16:28:54Z,READY?,2026-09-08T18:10:19Z,2026-09-08T16:28:55Z,
@fxtradingvision,84670,2026-09-08T16:29:07Z,100% DEPOSIT BONUS,2026-09-08T18:10:19Z,2026-09-08T16:29:07Z,
@fxtradingvision,84671,2026-09-08T16:29:13Z,FIRST TIME I AM DOING THIS,2026-09-08T18:10:19Z,2026-09-08T16:29:13Z,
@fxtradingvision,84672,2026-09-08T16:29:32Z,"10 limited spots for our VIP are open now inclusive a DEPOSIT bonus ☕️

It’s simple as that, let’s go!",2026-09-08T18:10:19Z,2026-09-08T17:42:44Z,
@fxtradingvision,84673,2026-09-08T16:31:39Z,"TP 1 & 2 are BOTH hit ✅

+ 180 pips profit secured as we used double lotsize 🔥🔥🔥

Move your SL back to entry.",2026-09-08T18:10:19Z,2026-09-08T16:31:41Z,
@fxtradingvision,84675,2026-09-08T16:34:38Z,"100% DEPOSIT BONUS FOR THE FIRST TIME IN FXTRADINGVISION HISTORY.

MAKE USE OF IT.

YOU GOT NO EXCUSE ANYMORE.",2026-09-08T18:10:19Z,2026-09-08T16:34:38Z,
@fxtradingvision,84678,2026-09-08T16:43:31Z,CRAZY OFFER FIRST TIME EVER! 🎁,2026-09-08T18:10:19Z,2026-09-08T16:43:32Z,
@fxtradingvision,84679,2026-09-08T17:24:20Z,NO RISK…. NO…..,2026-09-08T18:10:19Z,2026-09-08T17:24:21Z,
@fxtradingvision,84680,2026-09-08T17:34:26Z,"Close gold buys.

Open gold sells.

Double lot.",2026-09-08T18:10:19Z,2026-09-08T17:34:26Z,
@fxtradingvision,84681,2026-09-08T17:36:14Z,"NEW TRADE IDEA

XAUUSD SELL 4393

TP 1 4389
TP 2 4388
TP 3 4360

SL @ 4415

Trade accordingly and only trade with money you can afford to LOSE.",2026-09-08T18:10:19Z,2026-09-08T17:36:14Z,
@fxtradingvision,84682,2026-09-08T17:40:46Z,"TP 1 & 2 are BOTH hit ✅

+ 180 pips profit secured as we used double lotsize 🔥🔥🔥

Move your SL back to entry.",2026-09-08T18:10:19Z,2026-09-08T17:40:47Z,
@fxtradingvision,84683,2026-09-08T17:42:38Z,"New trade on GOLD shared in the VIP ☕️

Which direction? Buy or Sell?

👉 CLICK HERE TO CLAIM YOUR SPOT & UNLOCK ALL THE TRADES",2026-09-08T18:10:19Z,2026-09-08T17:42:39Z,2026-09-08T21:10:32Z
@fxtradingvision,84684,2026-09-08T17:47:44Z,"OPEN ONE MORE GOLD SELL.

Fuck it.",2026-09-08T18:10:19Z,2026-09-08T17:47:44Z,
@fxtradingvision,84685,2026-09-08T17:49:34Z,"NEW TRADE IDEA

XAUUSD SELL 4388

TP 1 4384
TP 2 4383
TP 3 4360

SL @ 4415

Trade accordingly and only trade with money you can afford to LOSE.",2026-09-08T18:10:19Z,2026-09-08T17:49:35Z,
@phenexbillions,6843,2026-09-08T14:49:14Z,"✅ NEUER PREMIUM TRADE! ✅

Solltest du noch nicht Mitglied meiner VIP Gruppe sein, hast du soeben ein kostenloses Signal verpasst.

Schreib mir jetzt ""START"" und sichere dir deinen kostenlosen Zugang zur VIP mit 2-4 präzisen Signalen am Tag❗️

➡ @billions_vitus",2026-09-08T18:10:29Z,,
@phenexbillions,6844,2026-09-08T14:56:02Z,"TP1 hit, that’s +500 pips 🥷🏼✅

SL nach Belieben auf Break Even…",2026-09-08T18:10:29Z,,
@phenexbillions,6845,2026-09-08T16:17:30Z,+260 Pips ✅🤑,2026-09-08T18:10:29Z,,
@phenexbillions,6846,2026-09-08T17:02:21Z,,2026-09-08T18:10:29Z,,
@fxtradingvision,84686,2026-09-08T18:24:30Z,"Want to join our X10 challenge?

Follow the instructions below to UNLOCK your access directly! 👇

@FXTV10Xonboarding_bot",2026-09-08T21:10:32Z,2026-09-08T18:24:31Z,
@fxtradingvision,84687,2026-09-08T18:32:24Z,"TP 1 & 2 are BOTH hit ✅

+ 180 pips profit secured as we used double lotsize 🔥🔥🔥

Move your SL back to entry.",2026-09-08T21:10:32Z,2026-09-08T18:32:24Z,
@fxtradingvision,84689,2026-09-08T18:46:01Z,,2026-09-08T21:10:32Z,2026-09-08T18:46:01Z,
@fxtradingvision,84690,2026-09-08T18:50:53Z,"TP 1 & 2 are BOTH hit ✅

+ 180 pips profit secured as we used double lotsize 🔥🔥🔥

Move your SL back to entry.",2026-09-08T21:10:32Z,2026-09-08T18:50:55Z,
@fxtradingvision,84691,2026-09-08T18:53:06Z,ENTER NOW GOLD SELLS.,2026-09-08T21:10:32Z,2026-09-08T18:53:07Z,
@fxtradingvision,84693,2026-09-08T18:55:30Z,"NEW TRADE IDEA

XAUUSD SELL 4369

TP 1 4365
TP 2 4364
TP 3 4330

SL @ 4395

Trade accordingly and only trade with money you can afford to LOSE.",2026-09-08T21:10:32Z,2026-09-08T18:55:31Z,
@fxtradingvision,84694,2026-09-08T19:33:28Z,Fresh profit. Keep it up Mike!,2026-09-08T21:10:32Z,2026-09-08T19:33:28Z,
@fxtradingvision,84695,2026-09-08T19:33:36Z,"TP 1 & 2 are BOTH hit ✅

+ 180 pips profit secured as we used double lotsize 🔥🔥🔥

Move your SL back to entry.",2026-09-08T21:10:32Z,2026-09-08T19:33:37Z,
@fxtradingvision,84697,2026-09-08T19:36:01Z,,2026-09-08T21:10:32Z,2026-09-08T19:36:01Z,
@fxtradingvision,84698,2026-09-08T19:36:32Z,JUST IN: 🇺🇸🇮🇷 US launches strikes on Iran.,2026-09-08T21:10:32Z,2026-09-08T19:36:33Z,
@fxtradingvision,84700,2026-09-08T19:55:23Z,JUST IN: 🇮🇷 Iran launches attack on ships in the Strait of Hormuz.,2026-09-08T21:10:32Z,2026-09-08T19:55:25Z,
@fxtradingvision,84701,2026-09-08T19:55:32Z,It’s getting on again….,2026-09-08T21:10:32Z,2026-09-08T19:55:33Z,
@fxtradingvision,84702,2026-09-08T19:56:19Z,"New trade on GOLD shared in the VIP ☕️

Which direction? Buy or Sell?

👉 CLICK HERE TO CLAIM YOUR SPOT & UNLOCK ALL THE TRADES",2026-09-08T21:10:32Z,2026-09-08T19:56:19Z,2026-09-08T23:24:45Z
@fxtradingvision,84703,2026-09-08T20:02:00Z,"TP 1 & 2 are BOTH hit ✅

+ 180 pips profit secured as we used double lotsize 🔥🔥🔥

Move your SL back to entry.",2026-09-08T21:10:32Z,2026-09-08T20:02:00Z,
@phenexbillions,6847,2026-09-08T18:50:41Z,"TP2 hit, that’s +2100 pips 🥷🏼✅",2026-09-08T21:10:42Z,,
@phenexbillions,6848,2026-09-08T18:50:45Z,"TP3 hit, that’s +4000 pips 🥷🏼✅",2026-09-08T21:10:42Z,,
@phenexbillions,6849,2026-09-08T20:13:32Z,"🔥 Heute wieder mit allen Signalen ins Schwarze getroffen. Die Setups liefen sauber durch und alle in der Community konnten super Profite verbuchen!

Die Community wächst, die Resultate werden immer stabiler und das Momentum nimmt weiter zu. Genau so wollen wir es sehen – Tag für Tag Fortschritt und klare Profite. Morgen geht’s genauso weiter.

Trete jetzt meiner VIP bei um ab morgen bei jedem Signal dabei zu sein. Alles was du brauchst sind 10 Minuten täglich um die Signale umzusetzen. Schreib mir ""START"" und wir legen los!

➡ @billions_vitus",2026-09-08T21:10:42Z,,
@fxtradingvision,84597,2026-09-08T03:22:02Z,,2026-09-08T23:24:45Z,2026-09-08T22:01:24Z,
@fxtradingvision,84704,2026-09-08T21:39:01Z,"If you want to copy all my trades tomorrow, now is the time to join the VIP.

It’s free guys - you pay zero fees and commission. 

LET’S KILL IT TOGETHER ❤️

With or without you, it’s going to be another awesome day 😃",2026-09-08T23:24:45Z,2026-09-08T22:01:18Z,
@fxtradingvision,84705,2026-09-08T22:01:12Z,"TODAY'S RESULTS IN MY VIP GROUP
September 08, 2026

📊 Trades shared: 9
✅ Win: 8
❌ Loss: 0
⚡ Still running: 1

>> Win-ratio: 100.0%

TOMORROW WE GO AGAIN! What an incredible day for the VIP community 🔥
Don't miss the action! Just send me a personal message and I'll help you to get inside the VIP for free 👇🏼

🔵 CLICK HERE to be onboarded to the VIP (FREE) 🤝",2026-09-08T23:24:45Z,2026-09-08T22:01:13Z,
@fxtradingvision,84705,2026-09-08T22:01:12Z,"TODAY'S RESULTS IN MY VIP GROUP
September 08, 2026

📊 Trades shared: 9
✅ Win: 8
❌ Loss: 0
⚡ Still running: 1

>> Win-ratio: 100.0%

TOMORROW WE GO AGAIN! What an incredible day for the VIP community 🔥",2026-09-09T06:37:09Z,2026-09-09T03:27:06Z,
@fxtradingvision,84706,2026-09-09T02:32:01Z,"Good morning legends! We are halfway through the trading week.

What is the status of your account? 

Are you up? Are you breakeven? Are you down? 

Anyways, TIME TO STEP UP YOUR GAME! Remember the goals you set for this month.. You gotta go after it! 🫡🫡",2026-09-09T06:37:09Z,2026-09-09T02:32:01Z,
@fxtradingvision,84707,2026-09-09T03:25:09Z,,2026-09-09T06:37:09Z,2026-09-09T03:25:10Z,
@fxtradingvision,84708,2026-09-09T03:27:01Z,"Early birds catch the most worms :) 

GET TO WORK BUDDY! Or be ready to copy my trades. I’m on my way back home to get behind the charts. Don’t miss anything! Get inside the VIP nowwwwww 👇🏻👇🏻👇🏻",2026-09-09T06:37:09Z,2026-09-09T05:00:17Z,
@fxtradingvision,84709,2026-09-09T04:39:01Z,"Let’s make today another profitable day! ☺️❤️

Yesterday we absolutely smashed it with gold trades, today we continue 🚀",2026-09-09T06:37:09Z,2026-09-09T04:39:01Z,
@fxtradingvision,84710,2026-09-09T05:00:11Z,"YESTERDAY'S RESULTS IN MY VIP GROUP
September 08, 2026

📊 Trades shared: 9
✅ Win: 8
❌ Loss: 0
⚡ Still running: 1

>> Win-ratio: 100.0%",2026-09-09T06:37:09Z,2026-09-09T05:53:06Z,
@fxtradingvision,84711,2026-09-09T05:01:01Z,,2026-09-09T06:37:09Z,2026-09-09T05:01:01Z,
@fxtradingvision,84712,2026-09-09T05:27:01Z,Im making my salary 3 time in the week,2026-09-09T06:37:09Z,2026-09-09T05:27:01Z,
@fxtradingvision,84713,2026-09-09T05:27:01Z,"1k this week so far, thanks to youre signals!📈",2026-09-09T06:37:09Z,2026-09-09T05:27:01Z,
@fxtradingvision,84714,2026-09-09T05:27:01Z,"Thanks champ. Made some nice profits today. Market moved perfectly. Your a legend 🐐

Let’s keep going",2026-09-09T06:37:09Z,2026-09-09T05:27:01Z,
@fxtradingvision,84715,2026-09-09T05:27:01Z,You are the best in industry 🍾🏖️🥩,2026-09-09T06:37:09Z,2026-09-09T05:27:01Z,
@fxtradingvision,84716,2026-09-09T05:31:01Z,,2026-09-09T06:37:09Z,2026-09-09T05:31:01Z,
@fxtradingvision,84717,2026-09-09T05:32:01Z,"Time to get paid 🤑🤑 new GOLD trade is loading ➖

Are you going to copy it?",2026-09-09T06:37:09Z,2026-09-09T05:32:01Z,
@fxtradingvision,84718,2026-09-09T05:51:01Z,,2026-09-09T06:37:09Z,2026-09-09T05:51:01Z,
@fxtradingvision,84719,2026-09-09T05:53:01Z,"Told you! Many times!!!

Don’t be the guy that is procrastinating all day long. Lets get you started so you can make money TODAY! 🤑

✅ CLICK HERE TO GET STARTED IN MY VIP AND COPY ALL MY TRADES TODAY

See you there ❤️",2026-09-09T06:37:09Z,2026-09-09T05:53:01Z,
@phenexbillions,6850,2026-09-09T05:29:02Z,"📈 Klare Entscheidungen, saubere Setups und ein strukturierter Ablauf. Genau so entsteht Fortschritt im Trading – nicht durch Zufall, sondern durch Wiederholung. Wer Märkte versteht, handelt mit Plan statt Emotion. Mit jedem Tag wächst Sicherheit, wenn Analyse und Umsetzung zusammenpassen. So werden Ergebnisse Schritt für Schritt stabiler.

Wenn du meinen kostenlosen Service kennenlernen willst und Trading strukturiert angehen möchtest, schreib mir ""START"".

➡ @billions_vitus",2026-09-09T06:37:18Z,,
@fxtradingvision,84719,2026-09-09T05:53:01Z,"Told you! Many times!!!

Don’t be the guy that is procrastinating all day long. Lets get you started so you can make money TODAY! 🤑",2026-09-09T11:48:02Z,2026-09-09T08:26:46Z,
@fxtradingvision,84720,2026-09-09T07:01:16Z,"WHATS UP!

OPEN GOLD SELLS!",2026-09-09T11:48:02Z,2026-09-09T07:01:17Z,
@fxtradingvision,84721,2026-09-09T07:04:58Z,"NEW TRADE IDEA

XAUUSD SELL 4402

TP 1 4398
TP 2 4397
TP 3 4360

SL @ 4425

Trade accordingly and only trade with money you can afford to LOSE.",2026-09-09T11:48:02Z,2026-09-09T07:05:01Z,
@fxtradingvision,84722,2026-09-09T07:47:37Z,"Close gold sells, with little loss.

Open gold buys.

Double lotsize.",2026-09-09T11:48:02Z,2026-09-09T07:47:38Z,
@fxtradingvision,84723,2026-09-09T07:48:09Z,"NEW TRADE IDEA

XAUUSD BUY 4410

TP 1 4414
TP 2 4415
TP 3 4440

SL @ 4385

Trade accordingly and only trade with money you can afford to LOSE.",2026-09-09T11:48:02Z,2026-09-09T07:48:10Z,
@fxtradingvision,84724,2026-09-09T07:53:23Z,OPEN EXTRA GOLD BUYS.,2026-09-09T11:48:02Z,2026-09-09T07:53:23Z,
@fxtradingvision,84725,2026-09-09T08:09:01Z,,2026-09-09T11:48:02Z,2026-09-09T08:09:01Z,
@fxtradingvision,84726,2026-09-09T08:16:49Z,"Enjoy the ride, wait for your targets.",2026-09-09T11:48:02Z,2026-09-09T08:16:51Z,
@fxtradingvision,84727,2026-09-09T08:26:42Z,"THIS WEEK'S RESULTS IN MY VIP GROUP (so far)
Week 37, 2026

📊 Trades shared: 8
✅ Win: 8
❌ Loss: 0

>> Win-ratio: 100.0%

We keep going today! More setups are coming, make sure you're there 🔔

WANT TO COPY ALL MY TRADES? Click the button below to get FREE ACCESS to my VIP 👇🏻",2026-09-09T11:48:02Z,2026-09-09T08:26:43Z,
@fxtradingvision,84729,2026-09-09T08:46:59Z,"DON’T LOVE AND CRY.

MAKE MONEY AND FLY 🚀🚀🚀",2026-09-09T11:48:02Z,2026-09-09T08:47:01Z,
@fxtradingvision,84730,2026-09-09T08:55:18Z,"NEW TRADE IDEA

XAUUSD BUY 4402

TP 1 4406
TP 2 4407
TP 3 4440

SL @ 4375

Trade accordingly and only trade with money you can afford to LOSE.",2026-09-09T11:48:02Z,2026-09-09T08:55:18Z,
@fxtradingvision,84732,2026-09-09T08:57:30Z,"I SAID

LET’S FLYYYYY

WHERE ARE THE LIKES BABY?",2026-09-09T11:48:02Z,2026-09-09T08:57:31Z,
@fxtradingvision,84733,2026-09-09T08:57:52Z,"WE HAVE TO DO IT TOGETHER GUYS.

IT’S US AGAINST THEM.",2026-09-09T11:48:02Z,2026-09-09T08:57:53Z,
@fxtradingvision,84734,2026-09-09T09:22:26Z,"⚠️YES, OUR VIP IS CURRENTLY FREE… 

AT 4000 MEMBERS IT WILL BE PAID…

4 MORE FREE SPOTS LEFT 🐸",2026-09-09T11:48:02Z,2026-09-09T09:22:27Z,
@fxtradingvision,84735,2026-09-09T09:24:06Z,"EVERYONE JOINING NOW GETS

👉 100% DEPOSIT BONUS 🎁

👉 FREE RISK MANAGEMENT PLAN WORTH $997!",2026-09-09T11:48:02Z,2026-09-09T09:24:06Z,
@fxtradingvision,84736,2026-09-09T09:54:09Z,"I GOT 2 MORE SPOTS LEFT FOR 

DEPOSIT BONUS & RISK MANAGEMENT PLAN",2026-09-09T11:48:02Z,2026-09-09T09:54:11Z,
@fxtradingvision,84737,2026-09-09T09:56:13Z,"MOVE ALL YOUR GOLD STOPLOSSES TO 4368

IT WANTS TO GO FOR DOWNSIDE LIQUIDITY.

WE WILL OPEN NEW BUYS FOR THE JACKPOT SOON.",2026-09-09T11:48:02Z,2026-09-09T09:56:13Z,2026-09-09T15:25:40Z
@fxtradingvision,84738,2026-09-09T10:04:16Z,ALWAYS ADAPT YOUR POSITIONS ACCORDING TO MARKET MOVEMENT & LIQUIDITY.,2026-09-09T11:48:02Z,2026-09-09T10:04:17Z,2026-09-09T15:25:40Z
@fxtradingvision,84739,2026-09-09T10:05:38Z,"SUMMER IS OVER.

New run, starts now!",2026-09-09T11:48:02Z,2026-09-09T10:05:39Z,2026-09-09T15:25:40Z
@fxtradingvision,84740,2026-09-09T10:15:02Z,DO YOU WANT ME TO HEDGE?,2026-09-09T11:48:02Z,2026-09-09T10:15:03Z,2026-09-09T15:25:40Z
@fxtradingvision,84742,2026-09-09T10:15:18Z,SOMETHING ONLY PROFESSIONALS DO?,2026-09-09T11:48:02Z,2026-09-09T10:15:18Z,2026-09-09T15:25:40Z
@fxtradingvision,84743,2026-09-09T10:15:41Z,WAIT PATIENTLY.,2026-09-09T11:48:02Z,2026-09-09T10:15:41Z,2026-09-09T15:25:40Z
@fxtradingvision,84744,2026-09-09T10:39:53Z,LIVE FREE GOLD TRADE,2026-09-09T11:48:02Z,2026-09-09T10:39:54Z,
@fxtradingvision,84746,2026-09-09T11:30:23Z,"TP 1 & 2 are BOTH hit ✅

+ 180 pips profit secured as we used double lotsize 🔥🔥🔥

Move your SL back to entry.",2026-09-09T11:48:02Z,2026-09-09T11:30:24Z,
@fxtradingvision,84747,2026-09-09T11:30:25Z,Nice.,2026-09-09T11:48:02Z,2026-09-09T11:30:25Z,
@phenexbillions,6851,2026-09-09T07:02:20Z,"✅ NEUER PREMIUM TRADE! ✅

Solltest du noch nicht Mitglied meiner VIP Gruppe sein, hast du soeben ein kostenloses Signal verpasst.

Schreib mir jetzt ""START"" und sichere dir deinen kostenlosen Zugang zur VIP mit 2-4 präzisen Signalen am Tag❗️

➡ @billions_vitus",2026-09-09T11:48:11Z,,
@phenexbillions,6852,2026-09-09T08:12:27Z,"Schlecht Einstiege im Gewinn raus gute auf Break Even absichern und laufen lassen 💯

+100 Pips ✅",2026-09-09T11:48:11Z,,
@phenexbillions,6853,2026-09-09T08:31:35Z,Analyse+ deiner Trade Idea = Boom,2026-09-09T11:48:11Z,,
@phenexbillions,6854,2026-09-09T08:31:35Z,,2026-09-09T11:48:11Z,,
@phenexbillions,6855,2026-09-09T08:31:35Z,+130 Pips ✅,2026-09-09T11:48:11Z,,
@phenexbillions,6856,2026-09-09T09:15:23Z,"Tagesziel erreicht ✌️💪
Liebe Grüße 😎",2026-09-09T11:48:11Z,,
@phenexbillions,6857,2026-09-09T09:25:29Z,"TP1 hit, that’s +1450 pips 🥷🏼✅

SL nach Belieben auf Break Even…",2026-09-09T11:48:11Z,,
@phenexbillions,6858,2026-09-09T09:29:11Z,,2026-09-09T11:48:11Z,,
@phenexbillions,6859,2026-09-09T09:50:28Z,,2026-09-09T11:48:11Z,,
@phenexbillions,6860,2026-09-09T10:00:15Z,"TP2 hit, that’s +2100 pips 🥷🏼✅",2026-09-09T11:48:11Z,,
@fxtradingvision,84748,2026-09-09T11:51:56Z,"TP 1 & 2 are BOTH hit ✅

+ 180 pips profit secured as we used double lotsize 🔥🔥🔥

Move your SL back to entry.",2026-09-09T15:25:40Z,2026-09-09T11:51:57Z,
@fxtradingvision,84749,2026-09-09T11:55:14Z,"Always have faith.

Enjoy your profits.",2026-09-09T15:25:40Z,2026-09-09T11:55:14Z,
@fxtradingvision,84750,2026-09-09T12:22:32Z,"Do you want a new VIP gold trade?

SHOW ME THE LIKES",2026-09-09T15:25:40Z,2026-09-09T12:22:32Z,
@fxtradingvision,84751,2026-09-09T12:31:47Z,ALRIGHT.,2026-09-09T15:25:40Z,2026-09-09T12:31:48Z,
@fxtradingvision,84752,2026-09-09T12:31:50Z,COME IN THE CHAT,2026-09-09T15:25:40Z,2026-09-09T12:31:51Z,
@fxtradingvision,84753,2026-09-09T12:32:58Z,OPEN NEW GOLD BUYS.,2026-09-09T15:25:40Z,2026-09-09T12:32:58Z,
@fxtradingvision,84754,2026-09-09T12:38:36Z,"NEW TRADE IDEA

XAUUSD BUY 4394

TP 1 4398
TP 2 4399
TP 3 4420

SL @ 4370

Trade accordingly and only trade with money you can afford to LOSE.",2026-09-09T15:25:40Z,2026-09-09T12:38:37Z,
@fxtradingvision,84755,2026-09-09T12:45:50Z,"TP 1 & 2 are BOTH hit ✅

+ 180 pips profit secured as we used double lotsize 🔥🔥🔥

Move your SL back to entry.",2026-09-09T15:25:40Z,2026-09-09T12:45:51Z,
@fxtradingvision,84756,2026-09-09T12:46:23Z,"Nice…

Did you catch it? Hihi.",2026-09-09T15:25:40Z,2026-09-09T12:46:24Z,
@fxtradingvision,84757,2026-09-09T12:48:53Z,"Haha, nice.

Love the energy.

Very hard market movements this week… but we still manage to catch them.",2026-09-09T15:25:40Z,2026-09-09T12:48:54Z,
@fxtradingvision,84758,2026-09-09T12:51:46Z,DO YOU WANT ONE MORE GOLD TRADE?,2026-09-09T15:25:40Z,2026-09-09T12:51:47Z,2026-09-09T18:49:41Z
@fxtradingvision,84759,2026-09-09T12:56:27Z,Hmm… okay,2026-09-09T15:25:40Z,2026-09-09T12:56:27Z,2026-09-09T18:49:41Z
@fxtradingvision,84760,2026-09-09T12:56:29Z,Come in the chat,2026-09-09T15:25:40Z,2026-09-09T12:56:30Z,2026-09-09T18:49:41Z
@fxtradingvision,84761,2026-09-09T12:56:53Z,3…,2026-09-09T15:25:40Z,2026-09-09T12:56:54Z,2026-09-09T18:49:41Z
@fxtradingvision,84762,2026-09-09T12:56:55Z,2…,2026-09-09T15:25:40Z,2026-09-09T12:56:56Z,2026-09-09T18:49:41Z
@fxtradingvision,84763,2026-09-09T12:56:59Z,1…,2026-09-09T15:25:40Z,2026-09-09T12:56:59Z,2026-09-09T18:49:41Z
@fxtradingvision,84764,2026-09-09T12:57:03Z,"THIS TRADE IS NEXT LEVEL, OKAY?",2026-09-09T15:25:40Z,2026-09-09T12:57:04Z,2026-09-09T18:49:41Z
@fxtradingvision,84765,2026-09-09T12:57:14Z,"It has 100 clicks before the link will be invalid… the fastest 100 will be allowed to join the VIP for free.. 👇

GOLD TRADE IS HERE 👇",2026-09-09T15:25:40Z,2026-09-09T13:27:57Z,2026-09-09T18:49:41Z
@fxtradingvision,84766,2026-09-09T13:10:04Z,"TP 1 & 2 are BOTH hit ✅

+ 180 pips profit secured as we used double lotsize 🔥🔥🔥

Move your SL back to entry.",2026-09-09T15:25:40Z,2026-09-09T13:10:05Z,
@fxtradingvision,84767,2026-09-09T13:21:40Z,"TP 1 & 2 are BOTH hit ✅

+ 180 pips profit secured as we used double lotsize 🔥🔥🔥

Move your SL back to entry.",2026-09-09T15:25:40Z,2026-09-09T13:21:41Z,
@fxtradingvision,84768,2026-09-09T13:21:47Z,"AGAINNNN BABY.

VIP IS PRINTING.",2026-09-09T15:25:40Z,2026-09-09T13:21:47Z,
@fxtradingvision,84770,2026-09-09T13:31:33Z,We had some heavy buys inside the VIP,2026-09-09T15:25:40Z,2026-09-09T13:31:33Z,
@fxtradingvision,84771,2026-09-09T13:32:11Z,Other channels have been selling😂😂,2026-09-09T15:25:40Z,2026-09-09T13:32:11Z,
@fxtradingvision,84772,2026-09-09T13:39:30Z,WANT TO SEE OUR BUYS FROM THE VIP???,2026-09-09T15:25:40Z,2026-09-09T13:39:31Z,
@fxtradingvision,84773,2026-09-09T13:40:53Z,"THATS HOW WE DO BABY!!!

FIRED THE SHIT OUT OF GOLD BUYS

HEAVY PROFITS.",2026-09-09T15:25:40Z,2026-09-09T13:40:54Z,
@fxtradingvision,84775,2026-09-09T13:45:38Z,Thanks Mike you’re champion 🍻,2026-09-09T15:25:40Z,2026-09-09T13:45:38Z,
@fxtradingvision,84776,2026-09-09T13:47:55Z,OUR VIP MEMBERS PRINTED CRAZY AMOUNTS OF PROFITS TODAY,2026-09-09T15:25:40Z,2026-09-09T13:47:56Z,
@fxtradingvision,84778,2026-09-09T14:05:59Z,"TP 1 & 2 are BOTH hit ✅

+ 180 pips profit secured as we used double lotsize 🔥🔥🔥

Move your SL back to entry.",2026-09-09T15:25:40Z,2026-09-09T14:06:00Z,
@fxtradingvision,84779,2026-09-09T14:36:23Z,WANT ANOTHER GOLD TRADE?,2026-09-09T15:25:40Z,2026-09-09T14:36:24Z,
@fxtradingvision,84780,2026-09-09T14:36:33Z,OPEN GOLD BUYS NOW!,2026-09-09T15:25:40Z,2026-09-09T14:36:34Z,
@fxtradingvision,84781,2026-09-09T14:36:57Z,"NEW TRADE IDEA

XAUUSD BUY 4424

TP 1 4428
TP 2 4429
TP 3 4455

SL @ 4400

Trade accordingly and only trade with money you can afford to LOSE.",2026-09-09T15:25:40Z,2026-09-09T14:36:57Z,
@fxtradingvision,84782,2026-09-09T14:50:47Z,Open one more gold buy.,2026-09-09T15:25:40Z,2026-09-09T14:50:48Z,
@fxtradingvision,84784,2026-09-09T15:01:31Z,"TP 1 & 2 are BOTH hit ✅

+ 180 pips profit secured as we used double lotsize 🔥🔥🔥

Move your SL back to entry.",2026-09-09T15:25:40Z,2026-09-09T15:01:31Z,
@fxtradingvision,84785,2026-09-09T15:01:50Z,NICE ONE BABY.,2026-09-09T15:25:40Z,2026-09-09T15:01:51Z,
@fxtradingvision,84786,2026-09-09T15:02:59Z,Did everyone make some nice profits?,2026-09-09T15:25:40Z,2026-09-09T15:03:01Z,
@fxtradingvision,84787,2026-09-09T15:08:06Z,Woah TP was spot on!  Got saved Before the big drop - How are you so good at TP's mike?? Levels are so good,2026-09-09T15:25:40Z,2026-09-09T15:08:07Z,
@fxtradingvision,84788,2026-09-09T15:08:19Z,"ALWAYS FOLLOW WHAT I SAY.

SIMPLE MONEY.",2026-09-09T15:25:40Z,2026-09-09T15:08:21Z,
@fxtradingvision,84789,2026-09-09T15:12:17Z,"New trade on GOLD shared in the VIP ☕️

Which direction? Buy or Sell?

👉 CLICK HERE TO CLAIM YOUR SPOT & UNLOCK ALL THE TRADES",2026-09-09T15:25:40Z,2026-09-09T15:12:18Z,2026-09-09T18:49:41Z
@fxtradingvision,84790,2026-09-09T15:13:37Z,COME PRINT WITH US BABY! ✌️,2026-09-09T15:25:40Z,2026-09-09T15:13:38Z,
@fxtradingvision,84791,2026-09-09T15:24:01Z,"TP 1 & 2 are BOTH hit ✅

+ 180 pips profit secured as we used double lotsize 🔥🔥🔥

Move your SL back to entry.",2026-09-09T15:25:40Z,2026-09-09T15:24:01Z,
@fxtradingvision,84792,2026-09-09T15:25:20Z,Today from the VIP 🫶🏽,2026-09-09T15:25:40Z,2026-09-09T15:25:21Z,
@phenexbillions,6861,2026-09-09T12:27:29Z,"✅ NEUER PREMIUM TRADE! ✅

Solltest du noch nicht Mitglied meiner VIP Gruppe sein, hast du soeben ein kostenloses Signal verpasst.

Schreib mir jetzt ""START"" und sichere dir deinen kostenlosen Zugang zur VIP mit 2-4 präzisen Signalen am Tag❗️

➡ @billions_vitus",2026-09-09T15:25:50Z,,
@phenexbillions,6862,2026-09-09T12:35:01Z,"TP1 hit, that’s +350 pips 🥷🏼✅

SL nach Belieben auf Break Even…",2026-09-09T15:25:50Z,,
@phenexbillions,6863,2026-09-09T14:07:03Z,"Ziel erreicht, Danke dir mein Bester☺️",2026-09-09T15:25:50Z,,
@phenexbillions,6864,2026-09-09T15:03:13Z,"✅ NEUER PREMIUM TRADE! ✅

Solltest du noch nicht Mitglied meiner VIP Gruppe sein, hast du soeben ein kostenloses Signal verpasst.

Schreib mir jetzt ""START"" und sichere dir deinen kostenlosen Zugang zur VIP mit 2-4 präzisen Signalen am Tag❗️

➡ @billions_vitus",2026-09-09T15:25:50Z,,
@phenexbillions,6865,2026-09-09T15:14:14Z,"Schlecht Einstiege im Gewinn raus gute auf Break Even absichern und laufen lassen 💯

+100 Pips ✅",2026-09-09T15:25:50Z,,
@fxtradingvision,84793,2026-09-09T15:30:28Z,we be printing money in the vip and many are still missing out😄😄,2026-09-09T18:49:41Z,2026-09-09T15:30:28Z,
@fxtradingvision,84794,2026-09-09T15:33:25Z,It’s a lifestyle baby 💰,2026-09-09T18:49:41Z,2026-09-09T15:33:26Z,
@fxtradingvision,84802,2026-09-09T16:00:02Z,,2026-09-09T18:49:41Z,,
@fxtradingvision,84821,2026-09-09T17:00:25Z,OPEN GOLD BUYS,2026-09-09T18:49:41Z,2026-09-09T17:00:26Z,
@fxtradingvision,84822,2026-09-09T17:00:58Z,"NEW TRADE IDEA

XAUUSD BUY 4409

TP 1 4413
TP 2 4414
TP 3 4440

SL @ 4390

Trade accordingly and only trade with money you can afford to LOSE.",2026-09-09T18:49:41Z,2026-09-09T17:00:59Z,
@fxtradingvision,84823,2026-09-09T17:06:08Z,"TP 1 & 2 are BOTH hit ✅

+ 180 pips profit secured as we used double lotsize 🔥🔥🔥

Move your SL back to entry.",2026-09-09T18:49:41Z,2026-09-09T17:06:09Z,
@fxtradingvision,84824,2026-09-09T17:09:52Z,"WHAT A PERFECT TRADE BABY.

Did you catch it?",2026-09-09T18:49:41Z,2026-09-09T17:09:52Z,
@fxtradingvision,84828,2026-09-09T18:05:14Z,"THIS WEEK'S RESULTS IN MY VIP GROUP (so far)
Week 37, 2026

📊 Trades shared: 17
✅ Win: 17
❌ Loss: 0

>> Win-ratio: 100.0%

3 days down, 2 to go! And the best setups often come on Thursday and Friday. You don't want to miss those 💪🏼 The second half of the week is where legends are made.",2026-09-09T18:49:41Z,2026-09-09T18:14:18Z,
@fxtradingvision,84829,2026-09-09T18:14:10Z,"New trade on GOLD shared in the VIP ☕️

Which direction? Buy or Sell?

👉 CLICK HERE TO CLAIM YOUR SPOT & UNLOCK ALL THE TRADES",2026-09-09T18:49:41Z,2026-09-09T18:14:11Z,2026-09-09T21:19:07Z
@fxtradingvision,84830,2026-09-09T18:20:26Z,,2026-09-09T18:49:41Z,2026-09-09T18:20:27Z,
@fxtradingvision,84831,2026-09-09T18:42:10Z,Do you want a new VIP gold trade?,2026-09-09T18:49:41Z,2026-09-09T18:42:11Z,
@fxtradingvision,84832,2026-09-09T18:43:25Z,"Well… get inside the VIP then.

The rest of the week everything will be VIP-ONLY ✌️",2026-09-09T18:49:41Z,2026-09-09T18:43:26Z,
@fxtradingvision,84833,2026-09-09T18:47:14Z,"⚠️YES, OUR VIP IS CURRENTLY FREE… 

AT 4000 MEMBERS IT WILL BE PAID…

4 MORE FREE SPOTS LEFT 🐸",2026-09-09T18:49:41Z,2026-09-09T18:47:14Z,2026-09-09T21:19:07Z
@fxtradingvision,84834,2026-09-09T18:47:15Z,"EVERYONE JOINING NOW GETS

👉 100% DEPOSIT BONUS 🎁

👉 FREE RISK MANAGEMENT PLAN WORTH $997!",2026-09-09T18:49:41Z,2026-09-09T18:47:16Z,2026-09-09T21:19:07Z
@phenexbillions,6866,2026-09-09T15:31:01Z,+200 Pips wer unten rein ist in der Zone ✅,2026-09-09T18:49:51Z,,
@phenexbillions,6867,2026-09-09T15:35:36Z,"TP1 hit, that’s +2300 pips 🚀✅

SL nach Belieben auf Break Even…",2026-09-09T18:49:51Z,,
@phenexbillions,6868,2026-09-09T16:48:56Z,"TP2 hit, that’s +3100 pips 🚀✅",2026-09-09T18:49:51Z,,
@phenexbillions,6869,2026-09-09T18:10:28Z,"TP3 hit, that’s +4430 pips 🚀✅",2026-09-09T18:49:51Z,,
@fxfaro,489,2026-09-09T20:28:52Z,"I’ll close this out for now and move forward with others. If you’re ready later, just message me",2026-09-09T21:19:05Z,,
@fxtradingvision,84835,2026-09-09T18:53:03Z,"⚠️YES, OUR VIP IS CURRENTLY FREE… 

AT 4000 MEMBERS IT WILL BE PAID…

4 MORE FREE SPOTS LEFT 🐸",2026-09-09T21:19:07Z,2026-09-09T18:53:03Z,
@fxtradingvision,84836,2026-09-09T20:19:01Z,"Forex trading is THE BEST business model in 2026. Start your trading today with our guidance 🔥🚀

Tomorrow is going to be firework again don’t miss it.

👉🏻 CLICK HERE to start trading in our group (and copy all our trades) ‼️",2026-09-09T21:19:07Z,2026-09-09T20:19:01Z,
@phenexbillions,6870,2026-09-09T19:35:25Z,"💰 PAYDAY DEAL 💰

Die Rechnungen stapeln sich und du fragst dich warum dein Geld immer so schnell weg ist?

Ganz einfach, weil du noch kein VIP Mitglied bist. 

Der PAYDAY DEAL gibt dir 100% mehr Power auf deine Ersteinzahlung❗️


💵 500$   → 1000$
💵 700$   → 1400$
💵 1000$ → 2000$

Schreib mir jetzt eine Nachricht mit „START“ und wir legen direkt zusammen los!

➡ @billions_vitus",2026-09-09T21:19:16Z,,
@fxtradingvision,84836,2026-09-09T20:19:01Z,"Forex trading is THE BEST business model in 2026. Start your trading today with our guidance 🔥🚀

Tomorrow is going to be firework again don’t miss it.",2026-09-09T23:19:15Z,2026-09-09T22:01:18Z,
@fxtradingvision,84837,2026-09-09T22:01:11Z,"TODAY'S RESULTS IN MY VIP GROUP
September 09, 2026

📊 Trades shared: 11
✅ Win: 10
❌ Loss: 0
⚡ Still running: 1

>> Win-ratio: 100.0%

Another day of firework! This is what consistency looks like when you follow a proven system 💪🏼
Don't miss the action! Just send me a personal message and I'll help you to get inside the VIP for free 👇🏼

🔵 CLICK HERE to be onboarded to the VIP (FREE) 🤝",2026-09-09T23:19:15Z,2026-09-09T22:01:13Z,
@phenexbillions,6871,2026-09-09T21:30:41Z,"Bergfest 🤩🥳🤗
Danke für Alles😊",2026-09-09T23:19:25Z,,
@fxtradingvision,84837,2026-09-09T22:01:11Z,"TODAY'S RESULTS IN MY VIP GROUP
September 09, 2026

📊 Trades shared: 11
✅ Win: 10
❌ Loss: 0
⚡ Still running: 1

>> Win-ratio: 100.0%

Another day of firework! This is what consistency looks like when you follow a proven system 💪🏼",2026-09-10T05:59:11Z,2026-09-10T03:23:06Z,
@fxtradingvision,84838,2026-09-10T02:47:01Z,"hope you slept well and are fully recharged for a new day on the charts! 

I’m 100% ready for today. Markets looking great, VIP also doing great this week. Let’s make it a nice Thursday!!",2026-09-10T05:59:11Z,2026-09-10T02:47:01Z,
@fxtradingvision,84839,2026-09-10T03:11:01Z,,2026-09-10T05:59:11Z,2026-09-10T03:11:01Z,
@fxtradingvision,84840,2026-09-10T03:23:01Z,START COPYING ALL MY TRADES TODAY! I’m sharing every trade I personally take into my VIP.,2026-09-10T05:59:11Z,2026-09-10T04:37:05Z,
@fxtradingvision,84841,2026-09-10T04:35:08Z,,2026-09-10T05:59:11Z,2026-09-10T04:35:09Z,
@fxtradingvision,84843,2026-09-10T05:00:12Z,"YESTERDAY'S RESULTS IN MY VIP GROUP
September 09, 2026

📊 Trades shared: 11
✅ Win: 10
❌ Loss: 0
⚡ Still running: 1

>> Win-ratio: 100.0%

We do this EVERY SINGLE DAY. Consistency is everything and today will be no different! 💪🏼
Don't miss today's trades! Send me a message and I'll get you inside the VIP for free 👇🏼

🔵 CLICK HERE to be onboarded to the VIP (FREE) 🤝",2026-09-10T05:59:11Z,2026-09-10T05:00:13Z,
@fxtradingvision,84844,2026-09-10T05:14:01Z,,2026-09-10T05:59:11Z,2026-09-10T05:14:01Z,
@fxtradingvision,84845,2026-09-10T05:45:11Z,"€1,226 PROFIT SINCE JOINING THE VIP ✅

Brigitte just copied my trades and got this result. It’s a very simple framework that requires around 15 minutes per day. SIMPLE!!!!",2026-09-10T05:59:11Z,2026-09-10T05:45:11Z,
@fxtradingvision,84846,2026-09-10T05:45:11Z,,2026-09-10T05:59:11Z,,
@phenexbillions,6872,2026-09-10T05:22:02Z,"✈️ Kurz raus, neuer Ort, gleicher Fokus. Shorttrips zeigen, wie flexibel Alltag werden kann, wenn Abläufe unabhängig vom Ort funktionieren. Genau daraus entsteht ein echtes Lifestyle-Upgrade: Ergebnisse laufen weiter, während du unterwegs bist. Trading ermöglicht diesen Spielraum mit klaren Setups und effizienter Umsetzung. Wer heute startet, nimmt die Chancen direkt mit.

Wenn du meinen kostenlosen Service nutzen willst und heute noch loslegen möchtest, schreib mir ""START"".

➡ @billions_vitus",2026-09-10T05:59:20Z,,
@fxtradingvision,84843,2026-09-10T05:00:12Z,"YESTERDAY'S RESULTS IN MY VIP GROUP
September 09, 2026

📊 Trades shared: 11
✅ Win: 10
❌ Loss: 0
⚡ Still running: 1

>> Win-ratio: 100.0%",2026-09-10T10:35:40Z,2026-09-10T06:04:05Z,
@fxtradingvision,84847,2026-09-10T06:04:01Z,"🚨 20 spots to my VIP are open right now 

First come first serve!",2026-09-10T10:35:40Z,2026-09-10T08:00:37Z,
@fxtradingvision,84848,2026-09-10T06:21:01Z,NEXT TRADE LOADING ⏳,2026-09-10T10:35:40Z,2026-09-10T06:21:01Z,
@fxtradingvision,84849,2026-09-10T06:23:01Z,THEN GET INSIDE THE VIP BEFORE ITS TOO LATE 👆🏻👆🏻,2026-09-10T10:35:40Z,2026-09-10T06:23:01Z,
@fxtradingvision,84850,2026-09-10T06:55:13Z,"Just assisted 17 new VIP members get their full access to the team! They are now 100% ready to copy our signals tomorrow 🔥🔥🔥🔥

Future winners let’s goooo",2026-09-10T10:35:40Z,2026-09-10T06:55:13Z,
@fxtradingvision,84851,2026-09-10T07:24:11Z,DO YOU WANT A VIP GOLD TRADE?,2026-09-10T10:35:40Z,2026-09-10T07:24:12Z,
@fxtradingvision,84852,2026-09-10T07:24:42Z,OPEN GOLD BUYS!,2026-09-10T10:35:40Z,2026-09-10T07:24:43Z,
@fxtradingvision,84853,2026-09-10T07:27:30Z,"NEW TRADE IDEA

XAUUSD BUY 4409

TP 1 4413
TP 2 4414
TP 3 4440

SL @ 4385

Trade accordingly and only trade with money you can afford to LOSE.",2026-09-10T10:35:40Z,2026-09-10T07:27:31Z,
@fxtradingvision,84854,2026-09-10T07:44:01Z,,2026-09-10T10:35:40Z,2026-09-10T07:44:01Z,
@fxtradingvision,84855,2026-09-10T07:51:38Z,"TP 1 & 2 are BOTH hit ✅

+ 180 pips profit secured as we used double lotsize 🔥🔥🔥

Move your SL back to entry.",2026-09-10T10:35:40Z,2026-09-10T07:51:39Z,
@fxtradingvision,84856,2026-09-10T07:53:52Z,"THAT’S ANOTHER HIT INFRONT OF YOUR EYES BABY!

Next trade is VIP ONLY…

See you inside ✌️",2026-09-10T10:35:40Z,2026-09-10T07:53:53Z,
@fxtradingvision,84858,2026-09-10T08:04:54Z,Well… targets hit… easy baby….,2026-09-10T10:35:40Z,2026-09-10T08:04:55Z,
@fxtradingvision,84859,2026-09-10T08:08:37Z,Mike got his fave gold volume back! The goat is here!,2026-09-10T10:35:40Z,2026-09-10T08:08:37Z,
@fxtradingvision,84860,2026-09-10T08:16:50Z,Simple as that…! 🤝,2026-09-10T10:35:40Z,2026-09-10T08:16:51Z,
@fxtradingvision,84861,2026-09-10T08:16:50Z,,2026-09-10T10:35:40Z,,
@fxtradingvision,84863,2026-09-10T08:39:14Z,"THIS WEEK'S RESULTS IN MY VIP GROUP (so far)
Week 37, 2026

📊 Trades shared: 21
✅ Win: 21
❌ Loss: 0

>> Win-ratio: 100.0%

We keep going today! More setups are coming, make sure you're there 🔔

WANT TO COPY ALL MY TRADES? Click the button below to get FREE ACCESS to my VIP 👇🏻",2026-09-10T10:35:40Z,2026-09-10T08:39:15Z,
@fxtradingvision,84864,2026-09-10T08:39:22Z,,2026-09-10T10:35:40Z,,
@fxtradingvision,84865,2026-09-10T08:49:37Z,"TP 1 & 2 are BOTH hit ✅

+ 180 pips profit secured as we used double lotsize 🔥🔥🔥

Move your SL back to entry.",2026-09-10T10:35:40Z,2026-09-10T08:49:37Z,
@fxtradingvision,84866,2026-09-10T08:55:26Z,Ive doubled my budget in less than 3 days started with 340$,2026-09-10T10:35:40Z,2026-09-10T08:55:27Z,
@fxtradingvision,84867,2026-09-10T09:11:38Z,"New trade on GOLD shared in the VIP ☕️

Which direction? Buy or Sell?

👉 CLICK HERE TO CLAIM YOUR SPOT & UNLOCK ALL THE TRADES",2026-09-10T10:35:40Z,2026-09-10T09:11:39Z,2026-09-10T14:36:57Z
@fxtradingvision,84868,2026-09-10T09:31:11Z,"DO YOU WANT TO RECEIVE THE VIP
GOLD TRADE?

SHOW ME THE LIKES BABY",2026-09-10T10:35:40Z,2026-09-10T09:31:12Z,
@fxtradingvision,84869,2026-09-10T09:31:47Z,"HMM… OKAY… FUCK IT

OPEN GOLD SELLS NOW",2026-09-10T10:35:40Z,2026-09-10T09:31:48Z,
@fxtradingvision,84871,2026-09-10T09:35:10Z,"NEW TRADE IDEA

XAUUSD SELL 4392

TP 1 4388
TP 2 4387
TP 3 4360

SL @ 4410

Trade accordingly and only trade with money you can afford to LOSE.",2026-09-10T10:35:40Z,2026-09-10T09:35:11Z,
@fxtradingvision,84873,2026-09-10T09:59:15Z,LIVE FREE GOLD TRADE,2026-09-10T10:35:40Z,2026-09-10T09:59:16Z,
@fxtradingvision,84876,2026-09-10T10:31:47Z,"Open one more gold sell.

Fuck it.",2026-09-10T10:35:40Z,2026-09-10T10:31:48Z,
@fxtradingvision,84877,2026-09-10T10:33:29Z,Told you.,2026-09-10T10:35:40Z,2026-09-10T10:33:30Z,
@fxtradingvision,84878,2026-09-10T10:33:44Z,"TP 1 & 2 are BOTH hit ✅

+ 180 pips profit secured as we used double lotsize 🔥🔥🔥

Move your SL back to entry.",2026-09-10T10:35:40Z,2026-09-10T10:33:44Z,
@fxtradingvision,84879,2026-09-10T10:34:19Z,WHO IS THE BEST?,2026-09-10T10:35:40Z,2026-09-10T10:34:20Z,
@phenexbillions,6873,2026-09-10T08:57:52Z,"Schlecht Einstiege im Gewinn raus gute auf Break Even absichern und laufen lassen 💯

+90 Pips ✅",2026-09-10T10:35:49Z,,
@phenexbillions,6874,2026-09-10T09:09:20Z,"✅ NEUER PREMIUM TRADE! ✅

Solltest du noch nicht Mitglied meiner VIP Gruppe sein, hast du soeben ein kostenloses Signal verpasst.

Schreib mir jetzt ""START"" und sichere dir deinen kostenlosen Zugang zur VIP mit 2-4 präzisen Signalen am Tag❗️

➡ @billions_vitus",2026-09-10T10:35:49Z,,
@phenexbillions,6875,2026-09-10T09:50:13Z,🚀🚀🚀,2026-09-10T10:35:49Z,,
@fxtradingvision,84880,2026-09-10T10:36:38Z,You’ve done it again XAUUSD 🐐🐐👏🏾👏🏾,2026-09-10T14:36:57Z,2026-09-10T10:36:40Z,
@fxtradingvision,84881,2026-09-10T10:36:38Z,Your D Goat 🐐,2026-09-10T14:36:57Z,2026-09-10T10:36:40Z,
@fxtradingvision,84883,2026-09-10T10:45:32Z,"TP 1 & 2 are BOTH hit ✅

+ 180 pips profit secured as we used double lotsize 🔥🔥🔥

Move your SL back to entry.",2026-09-10T14:36:57Z,2026-09-10T10:45:32Z,
@fxtradingvision,84884,2026-09-10T10:45:49Z,"TARGETS HIT ONCE AGAIN…

100% WIN RATIO GOING STRONG THIS WEEK INSIDE THE VIP.",2026-09-10T14:36:57Z,2026-09-10T10:45:51Z,
@fxtradingvision,84885,2026-09-10T10:49:45Z,"Cmon mike LEST F*CKING GOO BAYBY consisten profits, big wins.",2026-09-10T14:36:57Z,2026-09-10T10:49:46Z,
@fxtradingvision,84886,2026-09-10T10:56:28Z,"TP 1 & 2 are BOTH hit ✅

+ 180 pips profit secured as we used double lotsize 🔥🔥🔥

Move your SL back to entry.",2026-09-10T14:36:57Z,2026-09-10T10:56:29Z,
@fxtradingvision,84887,2026-09-10T10:57:55Z,WANT TO SEE THE TRADE?,2026-09-10T14:36:57Z,2026-09-10T10:57:56Z,
@fxtradingvision,84888,2026-09-10T10:58:36Z,"Simple.

In & out, baby.",2026-09-10T14:36:57Z,2026-09-10T10:58:37Z,
@fxtradingvision,84889,2026-09-10T10:58:36Z,,2026-09-10T14:36:57Z,,
@fxtradingvision,84890,2026-09-10T11:11:34Z,DO YOU WANT A NEW VIP GOLD TRADE?,2026-09-10T14:36:57Z,2026-09-10T11:11:34Z,
@fxtradingvision,84891,2026-09-10T11:14:18Z,Alright….,2026-09-10T14:36:57Z,2026-09-10T11:14:20Z,
@fxtradingvision,84892,2026-09-10T11:14:26Z,I need to see more likes,2026-09-10T14:36:57Z,2026-09-10T11:14:26Z,
@fxtradingvision,84893,2026-09-10T11:18:29Z,Hmm…. Okay… come in the chat….,2026-09-10T14:36:57Z,2026-09-10T11:18:31Z,
@fxtradingvision,84894,2026-09-10T11:18:54Z,This trade will be 95% a banger…..,2026-09-10T14:36:57Z,2026-09-10T11:18:55Z,
@fxtradingvision,84895,2026-09-10T11:19:51Z,3…,2026-09-10T14:36:57Z,2026-09-10T11:19:51Z,
@fxtradingvision,84896,2026-09-10T11:19:56Z,2…,2026-09-10T14:36:57Z,2026-09-10T11:19:57Z,
@fxtradingvision,84897,2026-09-10T11:20:10Z,1…,2026-09-10T14:36:57Z,2026-09-10T11:20:11Z,
@fxtradingvision,84899,2026-09-10T12:12:36Z,"EASY BABY.

WANT ANOTHER ONE?",2026-09-10T14:36:57Z,2026-09-10T12:12:37Z,
@fxtradingvision,84900,2026-09-10T12:19:01Z,,2026-09-10T14:36:57Z,2026-09-10T12:19:01Z,
@fxtradingvision,84901,2026-09-10T12:32:12Z,HEAVYYYY TARGETS HIT IN THE VIP,2026-09-10T14:36:57Z,2026-09-10T12:32:14Z,
@fxtradingvision,84902,2026-09-10T12:32:15Z,WANT TO SEE THEM?,2026-09-10T14:36:57Z,2026-09-10T12:32:15Z,
@fxtradingvision,84903,2026-09-10T12:35:17Z,OPEN GOLD SELLS NOW,2026-09-10T14:36:57Z,2026-09-10T12:35:17Z,
@fxtradingvision,84904,2026-09-10T12:35:52Z,"NEW TRADE IDEA

XAUUSD SELL 4341

TP 1 4337
TP 2 4336
TP 3 4310

SL @ 4465

Trade accordingly and only trade with money you can afford to LOSE.",2026-09-10T14:36:57Z,2026-09-10T12:35:53Z,
@fxtradingvision,84905,2026-09-10T12:37:28Z,"TP 1 & 2 are BOTH hit ✅

+ 180 pips profit secured as we used double lotsize 🔥🔥🔥

Move your SL back to entry.",2026-09-10T14:36:57Z,2026-09-10T12:37:29Z,
@fxtradingvision,84906,2026-09-10T12:40:02Z,"WHERE ARE THE LIKES?

Look at the drop",2026-09-10T14:36:57Z,2026-09-10T12:40:02Z,
@fxtradingvision,84907,2026-09-10T12:44:07Z,"TP 3 is hit

+ 330 pips profit",2026-09-10T14:36:57Z,2026-09-10T12:44:07Z,
@fxtradingvision,84908,2026-09-10T12:44:20Z,"INSIDE OUR VIP WE JUST HIT TWO TIMES A TP 3 WHICH IS THE JACKPOT…

WANT TO SEE IT???",2026-09-10T14:36:57Z,2026-09-10T12:44:21Z,
@fxtradingvision,84910,2026-09-10T12:50:07Z,"We had 3 gold sells inside the VIP…

One entry from 4373 hit all 3 the targets which is the jackpot.

Extra entry from 4363 also hit all 3 the targets.

And the entry from the FREE channel from 4341.

Do you see the power of the VIP? 🏆",2026-09-10T14:36:57Z,2026-09-10T12:50:08Z,
@fxtradingvision,84911,2026-09-10T12:54:04Z,"Only these 3 trades could bring you thousands of dollars in profit within a few minutes…

The VIP is printing differently man…",2026-09-10T14:36:57Z,2026-09-10T12:54:04Z,
@fxtradingvision,84912,2026-09-10T13:04:02Z,"New trade on GOLD shared in the VIP ☕️

Which direction? Buy or Sell?

👉 CLICK HERE TO CLAIM YOUR SPOT & UNLOCK ALL THE TRADES",2026-09-10T14:36:57Z,2026-09-10T13:04:03Z,2026-09-10T17:50:13Z
@fxtradingvision,84913,2026-09-10T13:18:05Z,"TP 1 & 2 are BOTH hit ✅

+ 180 pips profit secured as we used double lotsize 🔥🔥🔥

Move your SL back to entry.",2026-09-10T14:36:57Z,2026-09-10T13:18:06Z,
@fxtradingvision,84914,2026-09-10T13:30:41Z,"AND ANOTHER HIT INSIDE THE VIP….

100% WIN RATIO IS GOING STRONG.",2026-09-10T14:36:57Z,2026-09-10T13:30:41Z,
@fxtradingvision,84915,2026-09-10T13:35:40Z,"We entered a trade inside the VIP with very high lotsize…

Targets hit…

Want to see it?",2026-09-10T14:36:57Z,2026-09-10T13:35:41Z,
@fxtradingvision,84916,2026-09-10T13:36:52Z,☕️☕️☕️,2026-09-10T14:36:57Z,2026-09-10T13:36:53Z,
@fxtradingvision,84917,2026-09-10T13:36:53Z,,2026-09-10T14:36:57Z,,
@fxtradingvision,84918,2026-09-10T13:46:06Z,"Is there anyone else on this level?

Hell no. The best in what we do.

Pure quality.",2026-09-10T14:36:57Z,2026-09-10T13:46:07Z,
@fxtradingvision,84919,2026-09-10T13:49:41Z,"If you lost with another trading channel… 

Let me know how much you lost and with which channel.

I will give you FREE VIP access to recover your losses.

@TradingVisionHelpDesk",2026-09-10T14:36:57Z,2026-09-10T13:49:41Z,
@fxtradingvision,84920,2026-09-10T14:18:00Z,,2026-09-10T14:36:57Z,2026-09-10T14:18:01Z,2026-09-10T17:50:13Z
@fxtradingvision,84921,2026-09-10T14:23:17Z,"Answers this question right here…

I have something crazy for everyone.",2026-09-10T14:36:57Z,2026-09-10T14:23:17Z,2026-09-10T17:50:13Z
@fxtradingvision,84922,2026-09-10T14:27:56Z,Looks like I have this secret sauce for the 80% who WANTS TO MAKE MORE MONEY.,2026-09-10T14:36:57Z,2026-09-10T14:27:57Z,2026-09-10T17:50:13Z
@fxtradingvision,84923,2026-09-10T14:28:15Z,"Let me show you what one of our member achieved with a funded account… He started with losses in his trading career and took a risk to change his life.

Look at what he did in a month.  ONLY 6% on a 200K account…",2026-09-10T14:36:57Z,2026-09-10T14:28:16Z,2026-09-10T17:50:13Z
@fxtradingvision,84924,2026-09-10T14:33:44Z,Do you want me to reveal the secret sauce that has made hundreds of traders financially free and completely broke their old trading routine? 👀,2026-09-10T14:36:57Z,2026-09-10T14:33:45Z,2026-09-10T17:50:13Z
@phenexbillions,6876,2026-09-10T12:21:07Z,"✅ NEUER PREMIUM TRADE! ✅

Solltest du noch nicht Mitglied meiner VIP Gruppe sein, hast du soeben ein kostenloses Signal verpasst.

Schreib mir jetzt ""START"" und sichere dir deinen kostenlosen Zugang zur VIP mit 2-4 präzisen Signalen am Tag❗️

➡ @billions_vitus",2026-09-10T14:37:07Z,,
@phenexbillions,6877,2026-09-10T12:23:16Z,"TP1 hit, that’s +400 pips 🚀✅

SL nach Belieben auf Break Even…",2026-09-10T14:37:07Z,,
@phenexbillions,6878,2026-09-10T12:28:38Z,"TP1 hit, that’s +400 pips 🚀✅

SL nach Belieben auf Break Even…",2026-09-10T14:37:07Z,,
@phenexbillions,6879,2026-09-10T13:05:35Z,"✅ NEUER PREMIUM TRADE! ✅

Solltest du noch nicht Mitglied meiner VIP Gruppe sein, hast du soeben ein kostenloses Signal verpasst.

Schreib mir jetzt ""START"" und sichere dir deinen kostenlosen Zugang zur VIP mit 2-4 präzisen Signalen am Tag❗️

➡ @billions_vitus",2026-09-10T14:37:07Z,,
@phenexbillions,6880,2026-09-10T13:26:43Z,"TP1 hit, that’s +800 pips 🚀✅

SL nach Belieben auf Break Even…",2026-09-10T14:37:07Z,,
@phenexbillions,6881,2026-09-10T13:26:46Z,"TP2 hit, that’s +1600 pips 🚀✅",2026-09-10T14:37:07Z,,
@phenexbillions,6882,2026-09-10T13:26:50Z,"TP3 hit, that’s +3000 pips 🚀✅",2026-09-10T14:37:07Z,,
@phenexbillions,6883,2026-09-10T13:27:40Z,"TP1 hit, that’s +600 pips 🥷🏼✅

SL nach Belieben auf Break Even…",2026-09-10T14:37:07Z,,
@phenexbillions,6884,2026-09-10T13:27:43Z,"TP2 hit, that’s +1000 pips 🥷🏼✅",2026-09-10T14:37:07Z,,
@phenexbillions,6885,2026-09-10T13:36:13Z,"TP1 hit, that’s +500 pips 🥷🏼✅

SL nach Belieben auf Break Even…",2026-09-10T14:37:07Z,,
@phenexbillions,6886,2026-09-10T13:36:16Z,Wieder 100 Pips 🤑✅,2026-09-10T14:37:07Z,,
@phenexbillions,6887,2026-09-10T13:36:39Z,"✅ NEUER PREMIUM TRADE! ✅

Solltest du noch nicht Mitglied meiner VIP Gruppe sein, hast du soeben ein kostenloses Signal verpasst.

Schreib mir jetzt ""START"" und sichere dir deinen kostenlosen Zugang zur VIP mit 2-4 präzisen Signalen am Tag❗️

➡ @billions_vitus",2026-09-10T14:37:07Z,,
@phenexbillions,6888,2026-09-10T13:39:49Z,+470 Pips im BUY 🚀✅,2026-09-10T14:37:07Z,,
@phenexbillions,6889,2026-09-10T14:17:25Z,"TP2 hit, that’s +1600 pips 🥷🏼✅",2026-09-10T14:37:07Z,,
@fxtradingvision,84939,2026-09-10T15:19:54Z,"NEW TRADE IDEA

XAUUSD SELL 4364

TP 1 4360
TP 2 4359
TP 3 4330

SL @ 4390

Trade accordingly and only trade with money you can afford to LOSE.",2026-09-10T17:50:13Z,2026-09-10T15:19:54Z,
@fxtradingvision,84943,2026-09-10T15:47:01Z,,2026-09-10T17:50:13Z,2026-09-10T15:47:01Z,
@fxtradingvision,84944,2026-09-10T16:00:12Z,"THIS WEEK'S RESULTS IN MY VIP GROUP (so far)
Week 37, 2026

📊 Trades shared: 30
✅ Win: 30
❌ Loss: 0

>> Win-ratio: 100.0%

Almost at the finish line! Tomorrow is the last day of the regular trading week and I'm going ALL IN on the setups 🚀 Don't let this week pass without taking action.

WANT TO COPY ALL MY TRADES? Click the button below to get FREE ACCESS to my VIP 👇🏻",2026-09-10T17:50:13Z,2026-09-10T16:00:13Z,
@fxtradingvision,84945,2026-09-10T16:00:12Z,,2026-09-10T17:50:13Z,,
@fxtradingvision,84946,2026-09-10T16:10:56Z,"TP 1 & 2 are BOTH hit ✅

+ 180 pips profit secured as we used double lotsize 🔥🔥🔥

Move your SL back to entry.",2026-09-10T17:50:13Z,2026-09-10T16:10:57Z,
@fxtradingvision,84955,2026-09-10T17:42:02Z,"What’s up…

Do you want another trade? ☕️",2026-09-10T17:50:13Z,2026-09-10T17:42:03Z,
@fxtradingvision,84957,2026-09-10T17:45:03Z,"NEW TRADE IDEA

XAUUSD SELL 4359

TP 1 4355
TP 2 4354
TP 3 4320

SL @ 4380

Trade accordingly and only trade with money you can afford to LOSE.",2026-09-10T17:50:13Z,2026-09-10T17:45:04Z,
@fxtradingvision,84958,2026-09-10T18:24:28Z,"TP 1 & 2 are BOTH hit ✅

+ 180 pips profit secured as we used double lotsize 🔥🔥🔥

Move your SL back to entry.",2026-09-10T20:09:52Z,2026-09-10T18:24:28Z,
@fxtradingvision,84959,2026-09-10T18:24:31Z,Hihi……,2026-09-10T20:09:52Z,2026-09-10T18:24:31Z,
@fxtradingvision,84960,2026-09-10T18:24:52Z,Did everyone make some nice profits?,2026-09-10T20:09:52Z,2026-09-10T18:24:53Z,
@fxtradingvision,84961,2026-09-10T18:42:33Z,"New trade on GOLD shared in the VIP ☕️

Which direction? Buy or Sell?

👉 CLICK HERE TO CLAIM YOUR SPOT & UNLOCK ALL THE TRADES",2026-09-10T20:09:52Z,2026-09-10T18:42:33Z,2026-09-10T22:36:13Z
@fxtradingvision,84962,2026-09-10T18:58:41Z,"TP 1 & 2 are BOTH hit ✅

+ 180 pips profit secured as we used double lotsize 🔥🔥🔥

Move your SL back to entry.",2026-09-10T20:09:52Z,2026-09-10T18:58:42Z,
@fxtradingvision,84963,2026-09-10T19:02:22Z,"WE CONTINUE.

ANOTHER ONE BABY! 🚀🚀🚀",2026-09-10T20:09:52Z,2026-09-10T19:02:23Z,
@fxtradingvision,84964,2026-09-10T19:08:49Z,,2026-09-10T20:09:52Z,2026-09-10T19:08:51Z,
@fxtradingvision,84965,2026-09-10T19:08:49Z,I deposited 500$ yesterday and made almost 200% in one day - absolute legend ♥️🐐,2026-09-10T20:09:52Z,2026-09-10T19:08:51Z,
@fxtradingvision,84966,2026-09-10T19:10:33Z,,2026-09-10T20:09:52Z,2026-09-10T19:10:33Z,
@fxtradingvision,84967,2026-09-10T19:10:33Z,Thank you mike u are Super star,2026-09-10T20:09:52Z,2026-09-10T19:10:33Z,
@fxtradingvision,84968,2026-09-10T19:54:49Z,"So… what’s up….

Did everyone have a nice day today?",2026-09-10T20:09:52Z,2026-09-10T19:54:50Z,
@fxtradingvision,84969,2026-09-10T19:56:01Z,"VIP-member Midas grew his £400 account to £1,907 (£1,507 profit) ✅

That’s nearly 5X and he has been in the VIP for only 1 week ✌🏻",2026-09-10T20:09:52Z,2026-09-10T19:56:01Z,
@fxtradingvision,84970,2026-09-10T19:56:01Z,,2026-09-10T20:09:52Z,,
@phenexbillions,6890,2026-09-10T19:04:31Z,"TP3 hit, that’s +2300 pips 🥷🏼✅",2026-09-10T20:10:01Z,,
@phenexbillions,6891,2026-09-10T19:04:34Z,"TP4 hit, that’s +6200 pips 🥷🏼✅",2026-09-10T20:10:01Z,,
@phenexbillions,6892,2026-09-10T19:19:30Z,🙏🫶🏼,2026-09-10T20:10:01Z,,
@phenexbillions,6893,2026-09-10T19:28:02Z,"🔥 Echter Lifestyle 🔥 

Beginnt genau dort, wo du aufhörst, nach dem Wochenende zu leben – und anfängst, jeden Tag zu gestalten. Freiheit bedeutet nicht, mehr Zeit zu haben – sondern entscheiden zu können, wie du sie nutzt.

Morgens entspannt starten, mittags Profite sichern, abends leben, statt zu überleben. Genau so sieht ein Alltag aus, wenn du die Kontrolle über dein Einkommen zurückholst. Keine Kompromisse, keine Ausreden – nur Moves, die dein Leben nach vorne bringen.

Wenn du genau diesen Lifestyle willst, statt weiter zuzusehen ➡️Schreib „START“.

➡ @billions_vitus",2026-09-10T20:10:01Z,,
@fxtradingvision,84971,2026-09-10T22:01:01Z,"TODAY'S RESULTS IN MY VIP GROUP
September 10, 2026

📊 Trades shared: 15
✅ Win: 15
❌ Loss: 0

>> Win-ratio: 100.0%

And tomorrow we continue! Absolutely amazing day, I'm looking forward to the rest of the week with A LOT of trades 🙏🏼🚀
Don't miss the action! Just send me a personal message and I'll help you to get inside the VIP for free 👇🏼

🔵 CLICK HERE to be onboarded to the VIP (FREE) 🤝",2026-09-10T22:36:13Z,2026-09-10T22:01:02Z,
@fxtradingvision,84972,2026-09-10T22:46:01Z,"Make sure to follow the instructions I sent you in DM guys if you want to join the VIP and copy the next trade that is going to be shared!

you're absolutely SPAMMING me right now to get access but make sure to follow the instructions step-by-step so i can grant you access immediately when I open your message!

Sorry about the small delay, Im trying to help everyone the best I can. It's just very busy and there is a lot of demand.

But everyone that follows the instructions will get their access, TONIGHT, I promise 🫡🫡",2026-09-11T00:29:44Z,2026-09-10T22:46:01Z,
@fxtradingvision,84971,2026-09-10T22:01:01Z,"TODAY'S RESULTS IN MY VIP GROUP
September 10, 2026

📊 Trades shared: 15
✅ Win: 15
❌ Loss: 0

>> Win-ratio: 100.0%",2026-09-11T05:08:15Z,2026-09-11T03:06:48Z,
@fxtradingvision,84973,2026-09-11T02:33:01Z,GOOD MORNING 🌞,2026-09-11T05:08:15Z,2026-09-11T02:33:01Z,
@fxtradingvision,84974,2026-09-11T03:06:43Z,"Started the day off the right way. Now I’m back in the office and I’m opening 15 spots to get FREE ACCESS to my community + receive 1-on-1 coaching + my full trading course RIGHT NOW ‼️

Use the link below if you want to take one of the spots 👇🏻👇🏻👇🏻👇🏻",2026-09-11T05:08:15Z,2026-09-11T05:00:08Z,
@fxtradingvision,84975,2026-09-11T03:33:16Z,"Fridays are my favorite. Based on the VIP data of the past 3,5 years, we know we hit the most TPs on the Friday 😃",2026-09-11T05:08:15Z,2026-09-11T03:33:16Z,
@fxtradingvision,84976,2026-09-11T03:54:01Z,,2026-09-11T05:08:15Z,2026-09-11T03:54:01Z,
@fxtradingvision,84977,2026-09-11T04:39:52Z,"How quickly this profit was made You're the best, my friend. 🤑🤑🤑",2026-09-11T05:08:15Z,2026-09-11T04:39:52Z,
@fxtradingvision,84978,2026-09-11T04:41:34Z,"I have absolutely no idea how much that is, but as you can see, people from around the whole world make money with my trades 🤣🚀 All I know is the color is BLUE and that is what we like 🤑 Doesn't matter where you're from, you can make money with my trades 🙂",2026-09-11T05:08:15Z,2026-09-11T04:41:34Z,
@fxtradingvision,84979,2026-09-11T05:00:01Z,"YESTERDAY'S RESULTS IN MY VIP GROUP
September 10, 2026

📊 Trades shared: 15
✅ Win: 15
❌ Loss: 0

>> Win-ratio: 100.0%

TODAY we go again and I expect even MORE trades! If you want to copy every single trade I take on my personal account today, click the link below 🔥
Don't miss today's trades! Send me a message and I'll get you inside the VIP for free 👇🏼

🔵 CLICK HERE to be onboarded to the VIP (FREE) 🤝",2026-09-11T05:08:15Z,2026-09-11T05:00:03Z,
@fxtradingvision,84979,2026-09-11T05:00:01Z,"YESTERDAY'S RESULTS IN MY VIP GROUP
September 10, 2026

📊 Trades shared: 15
✅ Win: 15
❌ Loss: 0

>> Win-ratio: 100.0%",2026-09-11T09:42:40Z,2026-09-11T06:23:55Z,
@fxtradingvision,84980,2026-09-11T05:38:01Z,,2026-09-11T09:42:40Z,2026-09-11T05:38:01Z,
@fxtradingvision,84981,2026-09-11T05:56:58Z,"Looking forward to an awesome day. Markets are moving strong and that is exactly where we can benefit. 

And remember: We dont care if price is going up or down, we can always make 🤑🤑🤑",2026-09-11T09:42:40Z,2026-09-11T05:56:58Z,
@fxtradingvision,84982,2026-09-11T06:21:30Z,"You think these just fell out of the sky? Or that I got these by being 'lucky'?

I see these as trophees for the (12) years of dedication and hard work I put into this forex thing.

And understand this: I started just like you! Maybe even in a worse position, but I pulled it off. Why do you think you can't reach this?

STOP MAKING EXCUSES, GET TO WORK!",2026-09-11T09:42:40Z,2026-09-11T06:21:31Z,
@fxtradingvision,84983,2026-09-11T06:23:51Z,"I can help you speed up the process tho.. In my VIP, I explain exactly how I did this.
Also the mistakes I made so you don't have to make them. It will save you YEARS!",2026-09-11T09:42:40Z,2026-09-11T08:38:27Z,
@fxtradingvision,84984,2026-09-11T07:19:01Z,,2026-09-11T09:42:40Z,2026-09-11T07:19:01Z,
@fxtradingvision,84985,2026-09-11T07:49:01Z,WANT A NEW GOLD TRADE?,2026-09-11T09:42:40Z,2026-09-11T07:49:02Z,
@fxtradingvision,84987,2026-09-11T07:49:36Z,🚀,2026-09-11T09:42:40Z,2026-09-11T07:49:36Z,
@fxtradingvision,84988,2026-09-11T07:49:47Z,OPEN GOLD SELLS NOW BABY!,2026-09-11T09:42:40Z,2026-09-11T07:49:48Z,
@fxtradingvision,84989,2026-09-11T07:51:32Z,"NEW TRADE IDEA

XAUUSD SELL 4343

TP 1 4339
TP 2 4338
TP 3 4300

SL @ 4360

Trade accordingly and only trade with money you can afford to LOSE.",2026-09-11T09:42:40Z,2026-09-11T07:51:33Z,
@fxtradingvision,84990,2026-09-11T08:01:33Z,LIVE FREE GOLD TRADE,2026-09-11T09:42:40Z,2026-09-11T08:01:34Z,2026-09-11T13:55:37Z
@fxtradingvision,84991,2026-09-11T08:28:36Z,Move your stoploss to 4370 and be ready for the counter trade.,2026-09-11T09:42:40Z,2026-09-11T08:28:37Z,2026-09-11T13:55:37Z
@fxtradingvision,84992,2026-09-11T08:29:11Z,"Time to drop towards the targets.

Like if you are inside the gold sell.",2026-09-11T09:42:40Z,2026-09-11T08:29:12Z,
@fxtradingvision,84993,2026-09-11T08:36:13Z,"Damn… looks like everyone is inside the sells.

We are together in this.

Gold, drop it baby.",2026-09-11T09:42:40Z,2026-09-11T08:36:14Z,
@fxtradingvision,84994,2026-09-11T08:38:20Z,"THIS WEEK'S RESULTS IN MY VIP GROUP (so far)
Week 37, 2026

📊 Trades shared: 33
✅ Win: 33
❌ Loss: 0

>> Win-ratio: 100.0%

Another day, another opportunity to print! Don't miss today's trades 🔔

WANT TO COPY ALL MY TRADES? Click the button below to get FREE ACCESS to my VIP 👇🏻",2026-09-11T09:42:40Z,2026-09-11T08:38:21Z,
@fxtradingvision,84995,2026-09-11T08:38:20Z,,2026-09-11T09:42:40Z,,
@fxtradingvision,84996,2026-09-11T08:43:40Z,"That’s crazy isn’t it?

100% win-ratio?

Let’s hope that we can end the week like this.",2026-09-11T09:42:40Z,2026-09-11T08:43:41Z,
@phenexbillions,6894,2026-09-11T07:31:35Z,"TP1 hit, that’s +300 pips 🥷🏼✅

SL nach Belieben auf Break Even…",2026-09-11T09:42:49Z,,
@phenexbillions,6895,2026-09-11T07:32:23Z,"✅ NEUER PREMIUM TRADE! ✅

Solltest du noch nicht Mitglied meiner VIP Gruppe sein, hast du soeben ein kostenloses Signal verpasst.

Schreib mir jetzt ""START"" und sichere dir deinen kostenlosen Zugang zur VIP mit 2-4 präzisen Signalen am Tag❗️

➡ @billions_vitus",2026-09-11T09:42:49Z,,
@phenexbillions,6896,2026-09-11T07:44:27Z,"TP2 hit, that’s +700 pips 🥷🏼✅",2026-09-11T09:42:49Z,,
@phenexbillions,6897,2026-09-11T08:15:34Z,"TP1 hit, that’s +500 pips 🚀✅

SL nach Belieben auf Break Even…",2026-09-11T09:42:49Z,,
@phenexbillions,6898,2026-09-11T08:45:19Z,🫵,2026-09-11T09:42:49Z,,
@phenexbillions,6899,2026-09-11T09:04:51Z,"TP1 hit, that’s +500 pips 🚀✅

SL nach Belieben auf Break Even…",2026-09-11T09:42:49Z,,
@fxtradingvision,84997,2026-09-11T09:51:20Z,"LIVE FREE GOLD TRADE

STILL ACTIVE",2026-09-11T13:55:37Z,2026-09-11T09:51:21Z,
@fxtradingvision,84998,2026-09-11T10:10:24Z,I am opening extra gold sells.,2026-09-11T13:55:37Z,2026-09-11T10:10:25Z,
@fxtradingvision,84999,2026-09-11T10:33:05Z,"⚠️YES, OUR VIP IS CURRENTLY FREE… 

AT 4000 MEMBERS IT WILL BE PAID…

4 MORE FREE SPOTS LEFT 🐸",2026-09-11T13:55:37Z,2026-09-11T10:33:06Z,
@fxtradingvision,85000,2026-09-11T10:49:04Z,READY FOR THE TARGETS?,2026-09-11T13:55:37Z,2026-09-11T10:49:04Z,
@fxtradingvision,85001,2026-09-11T10:56:43Z,"TP 1 & 2 are BOTH hit ✅

+ 180 pips profit secured as we used double lotsize 🔥🔥🔥

Move your SL back to entry.",2026-09-11T13:55:37Z,2026-09-11T10:56:44Z,
@fxtradingvision,85002,2026-09-11T10:57:28Z,"Simple as that baby….

Did everyone make some nice profits?",2026-09-11T13:55:37Z,2026-09-11T10:57:28Z,
@fxtradingvision,85003,2026-09-11T11:58:15Z,"New trade on GOLD shared in the VIP ☕️

Which direction? Buy or Sell?

👉 CLICK HERE TO CLAIM YOUR SPOT & UNLOCK ALL THE TRADES",2026-09-11T13:55:37Z,2026-09-11T11:58:16Z,2026-09-11T17:22:59Z
@fxtradingvision,85004,2026-09-11T12:06:43Z,"TP 1 & 2 are BOTH hit ✅

+ 180 pips profit secured as we used double lotsize 🔥🔥🔥

Move your SL back to entry.",2026-09-11T13:55:37Z,2026-09-11T12:06:43Z,
@fxtradingvision,85006,2026-09-11T12:08:07Z,On Tuesday I had a spare £50 so I deposited into my account. Now I’m sitting at £360 balance. 6x account in 3 days. Absolute madness 😮‍💨,2026-09-11T13:55:37Z,2026-09-11T12:08:09Z,
@fxtradingvision,85007,2026-09-11T12:09:02Z,"PRINTING HEAVILY INSIDE THE VIP BABY

100% WIN RATIO GOING STRONG",2026-09-11T13:55:37Z,2026-09-11T12:09:03Z,
@fxtradingvision,85008,2026-09-11T12:34:21Z,OPEN NEW GOLD SELLS,2026-09-11T13:55:37Z,2026-09-11T12:34:21Z,
@fxtradingvision,85010,2026-09-11T12:36:26Z,"NEW TRADE IDEA

XAUUSD SELL 4336

TP 1 4332
TP 2 4331
TP 3 4300

SL @ 4365

Trade accordingly and only trade with money you can afford to LOSE.",2026-09-11T13:55:37Z,2026-09-11T12:36:27Z,
@fxtradingvision,85013,2026-09-11T12:40:36Z,"NEW TRADE IDEA

XAUUSD SELL 4351

TP 1 4347
TP 2 4346
TP 3 4320

SL @ 4380

Trade accordingly and only trade with money you can afford to LOSE.",2026-09-11T13:55:37Z,2026-09-11T12:40:37Z,
@fxtradingvision,85014,2026-09-11T12:40:42Z,Move all gold stoplosses to 4380,2026-09-11T13:55:37Z,2026-09-11T12:40:42Z,
@fxtradingvision,85015,2026-09-11T12:41:28Z,Enjoy the ride ✌️,2026-09-11T13:55:37Z,2026-09-11T12:41:28Z,
@fxtradingvision,85016,2026-09-11T12:50:36Z,"Gold is trying to liquidate our positions.

Gold bias is bearish and it has to drop.

Before it drops it wants to go up to liquidate everyone.

That is why I am adapting our stoplosses.",2026-09-11T13:55:37Z,2026-09-11T12:50:36Z,
@fxtradingvision,85018,2026-09-11T12:52:32Z,"NEW TRADE IDEA

XAUUSD SELL 4376

TP 1 4372
TP 2 4371
TP 3 4330

SL @ 4400

Trade accordingly and only trade with money you can afford to LOSE.",2026-09-11T13:55:37Z,2026-09-11T12:52:33Z,
@fxtradingvision,85019,2026-09-11T12:52:38Z,Open this gold trade with double lotsize.,2026-09-11T13:55:37Z,2026-09-11T12:52:39Z,
@fxtradingvision,85020,2026-09-11T13:02:25Z,"Unfortunately, the first gold sell positions are stopped out due to very  extreme price action.

Nothing we can do about. Our first losses of the week.

We can’t control the market, but we are 101% transparent about both or wins and losses.",2026-09-11T13:55:37Z,2026-09-11T13:02:26Z,
@fxtradingvision,85021,2026-09-11T13:03:07Z,"Ofcourse, we wish we could win every trade and end the week with a 100% win-ratio.

We took a loss here, move on guys.

Part of trading. We don’t hide losses.",2026-09-11T13:55:37Z,2026-09-11T13:03:08Z,
@fxtradingvision,85022,2026-09-11T13:04:09Z,"I love you all we will make it back.

Don’t worry about that 😉",2026-09-11T13:55:37Z,2026-09-11T13:04:10Z,
@fxtradingvision,85023,2026-09-11T13:05:43Z,"Do you want one last trade?

Last shot of the day?",2026-09-11T13:55:37Z,2026-09-11T13:05:44Z,
@fxtradingvision,85024,2026-09-11T13:06:57Z,"NEW TRADE IDEA

XAUUSD SELL 4392

TP 1 4388
TP 2 4387
TP 3 4360

SL @ 4420

Trade accordingly and only trade with money you can afford to LOSE.",2026-09-11T13:55:37Z,2026-09-11T13:06:58Z,
@fxtradingvision,85025,2026-09-11T13:08:18Z,"TP 1 & 2 are BOTH hit ✅

+ 180 pips profit secured as we used double lotsize 🔥🔥🔥

Move your SL back to entry.",2026-09-11T13:55:37Z,2026-09-11T13:08:19Z,
@fxtradingvision,85026,2026-09-11T13:11:20Z,Want one more gold trade?,2026-09-11T13:55:37Z,2026-09-11T13:11:20Z,
@fxtradingvision,85027,2026-09-11T13:44:20Z,"NEW TRADE IDEA

XAUUSD SELL 4390

TP 1 4386
TP 2 4385
TP 3 4360

SL @ 4420

Trade accordingly and only trade with money you can afford to LOSE.",2026-09-11T13:55:37Z,2026-09-11T13:44:20Z,
@phenexbillions,6900,2026-09-11T13:07:42Z,"✅ NEUER PREMIUM TRADE! ✅

Solltest du noch nicht Mitglied meiner VIP Gruppe sein, hast du soeben ein kostenloses Signal verpasst.

Schreib mir jetzt ""START"" und sichere dir deinen kostenlosen Zugang zur VIP mit 2-4 präzisen Signalen am Tag❗️

➡ @billions_vitus",2026-09-11T13:55:46Z,,
@phenexbillions,6901,2026-09-11T13:08:47Z,"TP1 hit, that’s +400 pips 🥷🏼✅

SL nach Belieben auf Break Even…",2026-09-11T13:55:46Z,,
@phenexbillions,6902,2026-09-11T13:08:51Z,"TP2 hit, that’s +1200 pips 🥷🏼✅",2026-09-11T13:55:46Z,,
@phenexbillions,6903,2026-09-11T13:12:58Z,Solide Woche 🤑,2026-09-11T13:55:46Z,,
@fxtradingvision,85028,2026-09-11T14:04:53Z,"TP 1 & 2 are BOTH hit ✅

+ 180 pips profit secured as we used double lotsize 🔥🔥🔥

Move your SL back to entry.",2026-09-11T17:22:59Z,2026-09-11T14:04:54Z,
@fxtradingvision,85029,2026-09-11T14:05:24Z,mike you are genius fucking genius you are a father of trading,2026-09-11T17:22:59Z,2026-09-11T14:05:25Z,
@fxtradingvision,85030,2026-09-11T14:05:24Z,,2026-09-11T17:22:59Z,2026-09-11T14:05:25Z,
@fxtradingvision,85031,2026-09-11T14:05:33Z,"DO YOU WANT ONE MORE GOLD TRADE?

SHOW ME THE LIKES BABY",2026-09-11T17:22:59Z,2026-09-11T14:05:34Z,
@fxtradingvision,85032,2026-09-11T14:06:45Z,OPEN NEW GOLD SELLS,2026-09-11T17:22:59Z,2026-09-11T14:06:46Z,
@fxtradingvision,85033,2026-09-11T14:07:42Z,"NEW TRADE IDEA

XAUUSD SELL 4389

TP 1 4385
TP 2 4384
TP 3 4360

SL @ 4415

Trade accordingly and only trade with money you can afford to LOSE.",2026-09-11T17:22:59Z,2026-09-11T14:07:42Z,
@fxtradingvision,85034,2026-09-11T14:09:09Z,"LIVE FREE GOLD TRADE

SHOW ME THE LIKES",2026-09-11T17:22:59Z,2026-09-11T14:09:10Z,
@fxtradingvision,85035,2026-09-11T14:11:23Z,"TP 1 & 2 are BOTH hit ✅

+ 180 pips profit secured as we used double lotsize 🔥🔥🔥

Move your SL back to entry.",2026-09-11T17:22:59Z,2026-09-11T14:11:24Z,
@fxtradingvision,85036,2026-09-11T14:13:15Z,Nice one…,2026-09-11T17:22:59Z,2026-09-11T14:13:15Z,
@fxtradingvision,85037,2026-09-11T14:13:34Z,"WANT ME TO CONTINUE?

SHOW ME THE LIKES",2026-09-11T17:22:59Z,2026-09-11T14:13:36Z,
@fxtradingvision,85038,2026-09-11T14:15:01Z,OPEN NEW GOLD SELLS,2026-09-11T17:22:59Z,2026-09-11T14:15:02Z,
@fxtradingvision,85039,2026-09-11T14:16:10Z,"NEW TRADE IDEA

XAUUSD SELL 4384

TP 1 4380
TP 2 4379
TP 3 4350

SL @ 4410

Trade accordingly and only trade with money you can afford to LOSE.",2026-09-11T17:22:59Z,2026-09-11T14:16:11Z,
@fxtradingvision,85040,2026-09-11T14:17:22Z,"TP 1 & 2 are BOTH hit ✅

+ 180 pips profit secured as we used double lotsize 🔥🔥🔥

Move your SL back to entry.",2026-09-11T17:22:59Z,2026-09-11T14:17:24Z,
@fxtradingvision,85041,2026-09-11T14:17:26Z,Niceee….,2026-09-11T17:22:59Z,2026-09-11T14:17:27Z,
@fxtradingvision,85042,2026-09-11T14:21:40Z,Open new gold sells,2026-09-11T17:22:59Z,2026-09-11T14:21:40Z,
@fxtradingvision,85043,2026-09-11T14:22:12Z,"NEW TRADE IDEA

XAUUSD SELL 4384

TP 1 4380
TP 2 4379
TP 3 4350

SL @ 4410

Trade accordingly and only trade with money you can afford to LOSE.",2026-09-11T17:22:59Z,2026-09-11T14:22:13Z,
@fxtradingvision,85044,2026-09-11T14:24:08Z,"FUCK IT!

ENTER MORE GOLD SELLS.

LETS HURT GOLD BABY.",2026-09-11T17:22:59Z,2026-09-11T14:24:09Z,
@fxtradingvision,85045,2026-09-11T14:24:32Z,"TP 1 & 2 are BOTH hit ✅

+ 180 pips profit secured as we used double lotsize 🔥🔥🔥

Move your SL back to entry.",2026-09-11T17:22:59Z,2026-09-11T14:24:32Z,
@fxtradingvision,85046,2026-09-11T14:24:43Z,"AND AGAIN!!!

TARGETS HIT! ✌️✌️✌️",2026-09-11T17:22:59Z,2026-09-11T14:24:44Z,
@fxtradingvision,85047,2026-09-11T14:25:21Z,You are the BEST of the Best,2026-09-11T17:22:59Z,2026-09-11T14:25:22Z,
@fxtradingvision,85048,2026-09-11T14:25:35Z,OPEN AGAIN GOLD SELLS BABY.,2026-09-11T17:22:59Z,2026-09-11T14:25:36Z,
@fxtradingvision,85049,2026-09-11T14:26:18Z,"NEW TRADE IDEA

XAUUSD SELL 4377

TP 1 4373
TP 2 4372
TP 3 4340

SL @ 4405

Trade accordingly and only trade with money you can afford to LOSE.",2026-09-11T17:22:59Z,2026-09-11T14:26:19Z,
@fxtradingvision,85050,2026-09-11T14:31:18Z,"TP 1 & 2 are BOTH hit ✅

+ 180 pips profit secured as we used double lotsize 🔥🔥🔥

Move your SL back to entry.",2026-09-11T17:22:59Z,2026-09-11T14:31:18Z,
@fxtradingvision,85051,2026-09-11T14:33:00Z,"That’s what you call next level baby…

6 wins in a row in a free channel…

Lmao",2026-09-11T17:22:59Z,2026-09-11T14:33:00Z,
@fxtradingvision,85052,2026-09-11T14:33:19Z,"Where are the likes?

Show some respect on the name",2026-09-11T17:22:59Z,2026-09-11T14:33:19Z,
@fxtradingvision,85053,2026-09-11T14:33:30Z,DO YOU WANT ONE MORE?,2026-09-11T17:22:59Z,2026-09-11T14:33:30Z,
@fxtradingvision,85054,2026-09-11T14:33:34Z,"OK!

open gold sells baby.",2026-09-11T17:22:59Z,2026-09-11T14:33:34Z,
@fxtradingvision,85055,2026-09-11T14:34:00Z,"NEW TRADE IDEA

XAUUSD SELL 4375

TP 1 4371
TP 2 4370
TP 3 4340

SL @ 4405

Trade accordingly and only trade with money you can afford to LOSE.",2026-09-11T17:22:59Z,2026-09-11T14:34:00Z,
@fxtradingvision,85056,2026-09-11T14:35:40Z,And again.. lol,2026-09-11T17:22:59Z,2026-09-11T14:35:41Z,
@fxtradingvision,85057,2026-09-11T14:35:46Z,"TP 1 & 2 are BOTH hit ✅

+ 180 pips profit secured as we used double lotsize 🔥🔥🔥

Move your SL back to entry.",2026-09-11T17:22:59Z,2026-09-11T14:35:48Z,
@fxtradingvision,85058,2026-09-11T14:36:43Z,"AIN’T JOKING ON THIS SIDE BABY!

DID EVERYONE BANK SOME HEAVY PROFITS OR WHAT?",2026-09-11T17:22:59Z,2026-09-11T14:36:44Z,
@fxtradingvision,85060,2026-09-11T14:46:39Z,"WANT THE TRADE?

SEE YOU INSIDE THE VIP ✌️",2026-09-11T17:22:59Z,2026-09-11T14:46:39Z,
@fxtradingvision,85061,2026-09-11T14:49:37Z,OR SHALL I SHARE ONE MORE?,2026-09-11T17:22:59Z,2026-09-11T14:49:38Z,
@fxtradingvision,85062,2026-09-11T14:49:39Z,FUCK IT?,2026-09-11T17:22:59Z,2026-09-11T14:49:39Z,
@fxtradingvision,85063,2026-09-11T14:49:44Z,OPEN GOLD SELLS BABY,2026-09-11T17:22:59Z,2026-09-11T14:49:46Z,
@fxtradingvision,85066,2026-09-11T14:52:12Z,"NEW TRADE IDEA

XAUUSD SELL 4380

TP 1 4376
TP 2 4375
TP 3 4340

SL @ 4410

Trade accordingly and only trade with money you can afford to LOSE.",2026-09-11T17:22:59Z,2026-09-11T14:52:13Z,
@fxtradingvision,85067,2026-09-11T14:52:18Z,Right numbers of the gold sell.,2026-09-11T17:22:59Z,2026-09-11T14:52:18Z,
@fxtradingvision,85068,2026-09-11T14:57:12Z,"TP 1 & 2 are BOTH hit ✅

+ 180 pips profit secured as we used double lotsize 🔥🔥🔥

Move your SL back to entry.",2026-09-11T17:22:59Z,2026-09-11T14:57:13Z,
@fxtradingvision,85069,2026-09-11T15:04:44Z,LOOK AT THIS DROP BABBYYYY,2026-09-11T17:22:59Z,2026-09-11T15:04:44Z,
@fxtradingvision,85070,2026-09-11T15:04:58Z,SHOOT FOR THE STARS AIM FOR THE MOON BABYYYYYY,2026-09-11T17:22:59Z,2026-09-11T15:04:58Z,
@fxtradingvision,85071,2026-09-11T15:05:02Z,INSANEEEE PROFITSSS TODAY,2026-09-11T17:22:59Z,2026-09-11T15:05:04Z,
@fxtradingvision,85073,2026-09-11T15:09:32Z,Guess what lol….,2026-09-11T17:22:59Z,2026-09-11T15:09:33Z,
@fxtradingvision,85074,2026-09-11T15:09:35Z,TARGETS HIT BABYYYY,2026-09-11T17:22:59Z,2026-09-11T15:09:36Z,
@fxtradingvision,85075,2026-09-11T15:10:01Z,"TP 1 & 2 are BOTH hit ✅

+ 180 pips profit secured as we used double lotsize 🔥🔥🔥

Move your SL back to entry.",2026-09-11T17:22:59Z,2026-09-11T15:10:02Z,
@fxtradingvision,85076,2026-09-11T15:10:05Z,HEAVY WIN STREAK,2026-09-11T17:22:59Z,2026-09-11T15:10:06Z,
@fxtradingvision,85077,2026-09-11T15:10:44Z,Hell yeah! You’re the man Mike!,2026-09-11T17:22:59Z,2026-09-11T15:10:45Z,
@fxtradingvision,85078,2026-09-11T15:11:20Z,Thanks for everything Mike! In a week I’ve gone from EUR 350 to more than 800 EUR,2026-09-11T17:22:59Z,2026-09-11T15:11:21Z,
@fxtradingvision,85079,2026-09-11T15:16:37Z,"IN IT!!!

8 WINS IN A ROW…

TALK WITH ME…

WHO DOES THAT?",2026-09-11T17:22:59Z,2026-09-11T15:16:38Z,
@fxtradingvision,85081,2026-09-11T15:52:32Z,GET INSIDE THE VIP.,2026-09-11T17:22:59Z,2026-09-11T15:52:33Z,
@fxtradingvision,85082,2026-09-11T15:54:18Z,"TARGETS HIT AGAINNNN

WANT TO SEE THE TRADE?",2026-09-11T17:22:59Z,2026-09-11T15:54:19Z,
@fxtradingvision,85083,2026-09-11T15:55:06Z,Simple as that baby…..,2026-09-11T17:22:59Z,2026-09-11T15:55:07Z,
@fxtradingvision,85084,2026-09-11T15:55:06Z,,2026-09-11T17:22:59Z,,
@fxtradingvision,85086,2026-09-11T16:00:12Z,"THIS WEEK'S RESULTS IN MY VIP GROUP (so far)
Week 37, 2026

📊 Trades shared: 45
✅ Win: 44
❌ Loss: 1

>> Win-ratio: 97.8%

What a WEEK! And guess what? The grind doesn't stop here. I'll be sharing crypto trades this weekend in the VIP 🚀 The markets never sleep and neither do we.

WANT TO COPY ALL MY TRADES? Click the button below to get FREE ACCESS to my VIP 👇🏻",2026-09-11T17:22:59Z,2026-09-11T16:00:13Z,
@fxtradingvision,85088,2026-09-11T16:01:13Z,"The next gold trade will be shared inside my VIP within 45 minutes.

It has a HIGH chance of hitting the targets.

See you inside 🚶‍♂️",2026-09-11T17:22:59Z,2026-09-11T16:01:14Z,
@fxtradingvision,85090,2026-09-11T16:22:21Z,What a beatiful entry right there…,2026-09-11T17:22:59Z,2026-09-11T16:22:22Z,
@fxtradingvision,85091,2026-09-11T16:23:02Z,"TP 3 is hit!

That’s + 290 pips profit secured! 👏",2026-09-11T17:22:59Z,2026-09-11T16:23:03Z,
@fxtradingvision,85092,2026-09-11T16:23:29Z,"TP 3 is hit!

That’s + 300 pips profit secured! 👏",2026-09-11T17:22:59Z,2026-09-11T16:23:30Z,
@fxtradingvision,85093,2026-09-11T16:23:50Z,"Another TP 3 is hit!

That’s + 320 pips profit secured! 👏

WHAT A DAY!!! 🚀🚀🚀",2026-09-11T17:22:59Z,2026-09-11T16:23:51Z,
@fxtradingvision,85094,2026-09-11T16:46:01Z,,2026-09-11T17:22:59Z,2026-09-11T16:46:01Z,
@fxtradingvision,85095,2026-09-11T17:08:55Z,"New trade on GOLD shared in the VIP ☕️

Which direction? Buy or Sell?

👉 CLICK HERE TO CLAIM YOUR SPOT & UNLOCK ALL THE TRADES",2026-09-11T17:22:59Z,2026-09-11T17:08:56Z,2026-09-11T22:16:21Z
@fxtradingvision,85096,2026-09-11T17:20:24Z,DO YOU WANT ME TO SHARE IT HERE?,2026-09-11T17:22:59Z,2026-09-11T17:20:24Z,
@fxtradingvision,85097,2026-09-11T17:21:19Z,"I will not share the gold trade here…

But….",2026-09-11T17:22:59Z,2026-09-11T17:21:20Z,
@phenexbillions,6904,2026-09-11T14:52:21Z,,2026-09-11T17:23:08Z,,
@phenexbillions,6905,2026-09-11T14:52:25Z,🤩🤩,2026-09-11T17:23:08Z,,
@phenexbillions,6906,2026-09-11T15:01:58Z,Tagesziel wieder erreicht. Mega cool ❤️❤️❤️❤️,2026-09-11T17:23:08Z,,
@phenexbillions,6907,2026-09-11T16:30:20Z,"TP3 hit, that’s +3000 pips 🥷🏼✅",2026-09-11T17:23:08Z,,
@phenexbillions,6908,2026-09-11T16:34:55Z,,2026-09-11T17:23:08Z,,
@fxtradingvision,85098,2026-09-11T17:23:44Z,I will bless you….,2026-09-11T19:59:33Z,2026-09-11T17:23:45Z,
@fxtradingvision,85099,2026-09-11T17:24:18Z,"EVERYONE JOINING THE VIP NOW GETS

👉 100% DEPOSIT BONUS 🎁

👉 FREE RISK MANAGEMENT PLAN WORTH $997!",2026-09-11T19:59:33Z,2026-09-11T17:24:18Z,
@fxtradingvision,85101,2026-09-11T17:45:45Z,,2026-09-11T19:59:33Z,2026-09-11T17:45:46Z,
@fxtradingvision,85102,2026-09-11T18:14:22Z,"TP 1 & 2 are BOTH hit ✅

+ 180 pips profit secured as we used double lotsize 🔥🔥🔥

Move your SL back to entry.",2026-09-11T19:59:33Z,2026-09-11T18:14:23Z,
@fxtradingvision,85108,2026-09-11T18:32:01Z,,2026-09-11T19:59:33Z,2026-09-11T18:32:02Z,
@fxtradingvision,85121,2026-09-11T19:18:46Z,"TP 1 & 2 are BOTH hit ✅

+ 180 pips profit secured as we used double lotsize 🔥🔥🔥

Move your SL back to entry.",2026-09-11T19:59:33Z,2026-09-11T19:18:47Z,
@phenexbillions,6909,2026-09-11T19:32:03Z,"🚀 Ein echtes Upgrade passiert nicht auf einmal, sondern durch Entscheidungen, die du täglich triffst. Neue Standards entstehen, wenn du aufhörst dich mit dem Alten zufriedenzugeben. Schritt für Schritt verändert sich dein Alltag, wenn Ergebnisse konstant wachsen. Trading kann genau dieser Hebel sein, der dich auf das nächste Level bringt. Wer dranbleibt, sieht den Unterschied.

Wenn du meinen kostenlosen Service kennenlernen willst und dein nächstes Level erreichen möchtest, schreib mir ""START"".

➡ @billions_vitus",2026-09-11T19:59:42Z,,
@fxtradingvision,85123,2026-09-11T20:53:01Z,,2026-09-11T22:16:21Z,2026-09-11T20:53:01Z,
@fxtradingvision,85124,2026-09-11T21:07:53Z,"God bless you,sir,
from 190 to 833 within 2 days",2026-09-11T22:16:21Z,2026-09-11T21:07:54Z,
@fxtradingvision,85126,2026-09-11T22:01:12Z,"TODAY'S RESULTS IN MY VIP GROUP
September 11, 2026

📊 Trades shared: 17
✅ Win: 14
❌ Loss: 1
⚡ Still running: 2

>> Win-ratio: 93.3%

That's a wrap on another profitable week! This weekend I'll be hunting crypto setups in the VIP to keep the momentum going 💪🏼
Don't miss the action! Just send me a personal message and I'll help you to get inside the VIP for free 👇🏼

🔵 CLICK HERE to be onboarded to the VIP (FREE) 🤝",2026-09-11T22:16:21Z,2026-09-11T22:01:13Z,
@phenexbillions,6910,2026-09-11T20:31:45Z,,2026-09-11T22:16:30Z,,
@fxtradingvision,85126,2026-09-11T22:01:12Z,"TODAY'S RESULTS IN MY VIP GROUP
September 11, 2026

📊 Trades shared: 17
✅ Win: 14
❌ Loss: 1
⚡ Still running: 2

>> Win-ratio: 93.3%

That's a wrap on another profitable week! This weekend I'll be hunting crypto setups in the VIP to keep the momentum going 💪🏼",2026-09-12T04:42:57Z,2026-09-12T04:37:05Z,
@fxtradingvision,85127,2026-09-12T03:23:01Z,"Good morning team happy Saturday! LETS GET TO WORK ‼️

I don’t care what day it is, we are hustling ALWAYS",2026-09-12T04:42:57Z,2026-09-12T03:23:01Z,
@fxtradingvision,85128,2026-09-12T03:51:01Z,,2026-09-12T04:42:57Z,2026-09-12T03:51:01Z,
@fxtradingvision,85129,2026-09-12T04:07:01Z,,2026-09-12T04:42:57Z,2026-09-12T04:07:02Z,
@fxtradingvision,85130,2026-09-12T04:37:01Z,"€1,100 PROFIT IN 1 SINGLE DAY ✅

Andrea copied my trades yesterday and followed the strategy I gave her.. this made her half of a monthly salary in just 1 day 🤑

The sooner you start, the earlier YOU can get the same result…

>>> CLICK HERE to get FREE ACCESS to my VIP this weekend",2026-09-12T04:42:57Z,2026-09-12T04:37:02Z,
@fxtradingvision,85131,2026-09-12T04:37:01Z,,2026-09-12T04:42:57Z,,
@phenexbillions,6911,2026-09-12T00:45:21Z,111€….❤️✝️,2026-09-12T04:43:06Z,,
@fxtradingvision,85130,2026-09-12T04:37:01Z,"€1,100 PROFIT IN 1 SINGLE DAY ✅

Andrea copied my trades yesterday and followed the strategy I gave her.. this made her half of a monthly salary in just 1 day 🤑

The sooner you start, the earlier YOU can get the same result…",2026-09-12T08:55:27Z,2026-09-12T06:18:05Z,
@fxtradingvision,85132,2026-09-12T05:08:01Z,,2026-09-12T08:55:27Z,2026-09-12T05:08:01Z,
@fxtradingvision,85133,2026-09-12T06:18:01Z,"€438 PROFIT IN 1 SINGLE DAY ✅

Agnes just copied my trades in the VIP and got this result. It’s a very simple framework that requires around 15 minutes per day. SIMPLE!!!!

The sooner you start, the earlier YOU can get the same result…

>>> CLICK HERE to get FREE ACCESS to my VIP this weekend",2026-09-12T08:55:27Z,2026-09-12T06:18:02Z,
@fxtradingvision,85134,2026-09-12T06:18:01Z,,2026-09-12T08:55:27Z,,
@fxtradingvision,85135,2026-09-12T07:48:01Z,"Daily issue… which one am I taking today? 

Urus or Purosangue?",2026-09-12T08:55:27Z,2026-09-12T07:48:02Z,
@fxtradingvision,85136,2026-09-12T08:37:01Z,,2026-09-12T08:55:27Z,2026-09-12T08:37:02Z,
@phenexbillions,6912,2026-09-12T06:31:43Z,,2026-09-12T08:55:36Z,,
@phenexbillions,6913,2026-09-12T07:01:57Z,"☀️ Guten Morgen, genießt die Ruhe und nehmt euch bewusst Zeit für euch. Gleichzeitig entscheidet genau diese Zeit oft darüber, wer vorankommt und wer stehen bleibt. Entwicklung passiert nicht zufällig, sondern dann, wenn andere pausieren. Es geht nicht darum, den ganzen Tag zu arbeiten, sondern den Fokus nicht zu verlieren. Trading belohnt genau diese Haltung aus Klarheit und Konsequenz.

Wenn du meinen kostenlosen Service kennenlernen willst und auch am Wochenende Fortschritt machen möchtest, schreib mir ""START"".

➡ @billions_vitus",2026-09-12T08:55:36Z,,
@phenexbillions,6914,2026-09-12T08:35:36Z,,2026-09-12T08:55:36Z,,
@phenexbillions,6915,2026-09-12T08:35:36Z,,2026-09-12T08:55:36Z,,
@fxtradingvision,85133,2026-09-12T06:18:01Z,"€438 PROFIT IN 1 SINGLE DAY ✅

Agnes just copied my trades in the VIP and got this result. It’s a very simple framework that requires around 15 minutes per day. SIMPLE!!!!

The sooner you start, the earlier YOU can get the same result…",2026-09-12T12:27:41Z,2026-09-12T09:44:08Z,
@fxtradingvision,85137,2026-09-12T09:44:01Z,"You don't need to quit your job to start trading.

You need 10 minutes in the morning to copy my trade. Your phone, my signal, and the discipline to actually do it.

Some of my members make more from 1 trade than they earn in a full week at work.

Now it’s your time to shine. I’ll give you the EXACT system all my members are following and it’s 100% free 👇🏼",2026-09-12T12:27:41Z,2026-09-12T11:40:22Z,
@fxtradingvision,85138,2026-09-12T10:21:01Z,,2026-09-12T12:27:41Z,2026-09-12T10:21:01Z,
@fxtradingvision,85139,2026-09-12T11:38:21Z,"What’s up…..

Do you want a Bitcoin trade? ☕️",2026-09-12T12:27:41Z,2026-09-12T11:38:22Z,
@fxtradingvision,85140,2026-09-12T11:40:16Z,"400% profit in 3 days ✅

Itoro joined on Tuesday and 5X’ed his initial balance by following my trades in the VIP. What an insane result!

The sooner you start, the earlier YOU can get the same result…

>>> CLICK HERE to get FREE ACCESS to my VIP this weekend",2026-09-12T12:27:41Z,2026-09-12T11:40:18Z,
@fxtradingvision,85141,2026-09-12T11:40:16Z,,2026-09-12T12:27:41Z,,
@phenexbillions,6916,2026-09-12T10:35:21Z,Sniper 🙏🤝,2026-09-12T12:27:50Z,,
@fxtradingvision,85142,2026-09-12T12:57:01Z,"We’re genuinely winning on this side 🫡🫡🫡🫡

If you’ve been following my channel for a while, you’ve seen 100s of member screenshots 

All from different people 

Can’t be coincidence 🤷🏻‍♂️ my system is working 🤑🤑",2026-09-12T15:47:15Z,2026-09-12T12:57:01Z,
@fxtradingvision,85143,2026-09-12T13:19:01Z,,2026-09-12T15:47:15Z,2026-09-12T13:19:01Z,
@fxtradingvision,85144,2026-09-12T14:33:01Z,Which one do you pick?,2026-09-12T15:47:15Z,2026-09-12T14:33:01Z,
@phenexbillions,6917,2026-09-12T14:30:47Z,,2026-09-12T15:47:24Z,,
@fxtradingvision,85140,2026-09-12T11:40:16Z,"400% profit in 3 days ✅

Itoro joined on Tuesday and 5X’ed his initial balance by following my trades in the VIP. What an insane result!

The sooner you start, the earlier YOU can get the same result…",2026-09-12T17:56:00Z,2026-09-12T17:10:24Z,
@fxtradingvision,85145,2026-09-12T15:51:13Z,"$500,000 on the wrist.

Result of hard work & dedication.

Never give up.",2026-09-12T17:56:00Z,2026-09-12T15:51:14Z,
@fxtradingvision,85146,2026-09-12T15:53:34Z,"And $1,000,000 in this picture alone with my car.

If I can have it, why can’t you?",2026-09-12T17:56:00Z,2026-09-12T15:53:34Z,
@fxtradingvision,85147,2026-09-12T17:10:19Z,"€465 PROFIT IN 1 SINGLE DAY ✅

Yusuf followed my trades in the VIP and got this result with a few clicks on his phone. It doesn’t get any easier than this :)

The sooner you start, the earlier YOU can get the same result…

>>> CLICK HERE to get FREE ACCESS to my VIP this weekend",2026-09-12T17:56:00Z,2026-09-12T17:10:20Z,
@fxtradingvision,85148,2026-09-12T17:10:20Z,,2026-09-12T17:56:00Z,,
@phenexbillions,6918,2026-09-12T17:31:14Z,Nochmals re-entry in deine Zone. Hatte noch kurz gewartet wegen Momentum,2026-09-12T17:56:09Z,,
@fxtradingvision,85147,2026-09-12T17:10:19Z,"€465 PROFIT IN 1 SINGLE DAY ✅

Yusuf followed my trades in the VIP and got this result with a few clicks on his phone. It doesn’t get any easier than this :)

The sooner you start, the earlier YOU can get the same result…",2026-09-12T19:49:03Z,2026-09-12T18:53:06Z,
@fxtradingvision,85149,2026-09-12T18:53:01Z,"€903 PROFIT SINCE JOINING THE VIP ✅

Nanito started with €150 and made €903 profit (602% gain) by simply copying my trades 🤭 it doesn’t get any easier than this!!!!

The sooner you start, the earlier YOU can get the same result…

>>> CLICK HERE to get FREE ACCESS to my VIP this weekend",2026-09-12T19:49:03Z,2026-09-12T18:53:01Z,
@fxtradingvision,85150,2026-09-12T18:53:01Z,,2026-09-12T19:49:03Z,,
@fxtradingvision,85151,2026-09-12T19:41:01Z,,2026-09-12T19:49:03Z,2026-09-12T19:41:01Z,
@phenexbillions,6919,2026-09-12T19:25:26Z,"💆‍♂️ Die Woche ist durchgezogen, starke Profite eingefahren und jetzt wird bewusst runtergefahren. Nach Fokus und Umsetzung gehört es dazu, sich den Ausgleich zu gönnen. Genau diese Balance sorgt dafür, dass man langfristig konstant bleibt. Trading ist kein Dauerstress, sondern ein klarer Rhythmus aus Leistung und Erholung. So fühlt sich ein verdienter Wochenabschluss an.

Wenn du meinen kostenlosen Service kennenlernen willst und solche Wochen selbst erleben möchtest, schreib mir ""START"".

➡ @billions_vitus",2026-09-12T19:49:13Z,,
@phenexbillions,6920,2026-09-12T19:32:29Z,,2026-09-12T19:49:13Z,,
@fxtradingvision,85152,2026-09-13T03:29:01Z,"GOOD MORNINGGGG ☀️

Lets get ready for a massive week. Still on the lookout for BTC trades today. My VIP will get the full analysis as always 😃",2026-09-13T06:43:58Z,2026-09-13T03:29:02Z,
@fxtradingvision,85153,2026-09-13T04:29:01Z,,2026-09-13T06:43:58Z,2026-09-13T04:29:02Z,
@fxtradingvision,85154,2026-09-13T06:05:15Z,"IMPORTANT EYE OPENER 🚨

During the weekends, 99% of people relaxes. They worked from Monday to Friday (sometimes even less) and now it is time to rest and do nothing.

Remember: You have 104 free days per year. There is SO MUCH you can do with that time but still majority of people decides to waste their valuable time..

When I started my journey, I was looking for opportunities to MAKE CASH every single day. And I’m convinced this is a must for anyone that truly wants to achieve success. 

So if you have larger ambitions than a 9-5, start doing something my friend! Make sure to not waste these valuable days.",2026-09-13T06:43:58Z,2026-09-13T06:05:16Z,
@fxtradingvision,85155,2026-09-13T06:14:01Z,"And I never want to hear you give the excuse “no time” ever again!! You have time, you just don’t want it bad enough…",2026-09-13T06:43:58Z,2026-09-13T06:14:01Z,
@phenexbillions,6921,2026-09-13T06:35:28Z,,2026-09-13T06:44:08Z,,
@phenexbillions,6922,2026-09-13T06:35:28Z,,2026-09-13T06:44:08Z,,
@fxtradingvision,85149,2026-09-12T18:53:01Z,"€903 PROFIT SINCE JOINING THE VIP ✅

Nanito started with €150 and made €903 profit (602% gain) by simply copying my trades 🤭 it doesn’t get any easier than this!!!!

The sooner you start, the earlier YOU can get the same result…",2026-09-13T12:23:39Z,2026-09-13T06:50:17Z,
@fxtradingvision,85156,2026-09-13T06:48:01Z,,2026-09-13T12:23:39Z,2026-09-13T06:48:02Z,
@fxtradingvision,85157,2026-09-13T06:50:13Z,"Next BTC move incoming… ready to make some money today? I’m active now onboarding new people to my VIP, you can get inside now! 👇🏻",2026-09-13T12:23:39Z,2026-09-13T08:52:07Z,
@fxtradingvision,85158,2026-09-13T08:52:01Z,"📨 SUNDAY MEMBERS FEEDBACK 

Check what my members made this week… ✅🤝

New week is loading ✍️ you have some FRESH OPPORTUNITIES right in front of you! Are you going to miss out another time? Or take action?",2026-09-13T12:23:39Z,2026-09-13T11:41:05Z,
@fxtradingvision,85159,2026-09-13T08:52:01Z,,2026-09-13T12:23:39Z,,
@fxtradingvision,85160,2026-09-13T08:52:01Z,,2026-09-13T12:23:39Z,,
@fxtradingvision,85161,2026-09-13T08:52:01Z,,2026-09-13T12:23:39Z,,
@fxtradingvision,85162,2026-09-13T08:52:01Z,,2026-09-13T12:23:39Z,,
@fxtradingvision,85163,2026-09-13T08:52:01Z,,2026-09-13T12:23:39Z,,
@fxtradingvision,85164,2026-09-13T08:52:01Z,,2026-09-13T12:23:39Z,,
@fxtradingvision,85165,2026-09-13T08:52:01Z,,2026-09-13T12:23:39Z,,
@fxtradingvision,85166,2026-09-13T08:52:01Z,,2026-09-13T12:23:39Z,,
@fxtradingvision,85167,2026-09-13T09:26:01Z,,2026-09-13T12:23:39Z,2026-09-13T09:26:01Z,
@fxtradingvision,85168,2026-09-13T10:00:20Z,"What do you see if you look at the members?

Happy souls & a lot of money, right?",2026-09-13T12:23:39Z,2026-09-13T10:00:20Z,
@fxtradingvision,85169,2026-09-13T10:02:01Z,"The biggest mistake new traders make is trading without a plan. They see a candle moving, they jump in. No stoploss, no target, no idea what they're doing.

Then they wonder why they keep losing money.

A real trader has rules. A strategy. And the discipline to follow it even when it feels uncomfortable.

That's what separates winners from the 90% who blow their accounts. If you don't have a plan yet, that's exactly what the VIP gives you. Step by step.",2026-09-13T12:23:39Z,2026-09-13T10:02:02Z,
@fxtradingvision,85172,2026-09-13T11:39:01Z,,2026-09-13T12:23:39Z,2026-09-13T11:39:01Z,
@fxtradingvision,85173,2026-09-13T11:41:01Z,"DON'T JUST WATCH. Take action today.

👉🏼 CLICK HERE TO GET FREE VIP ACCESS",2026-09-13T12:23:39Z,2026-09-13T11:41:01Z,
@fxtradingvision,85174,2026-09-13T11:57:22Z,"X10 CHALLENGE IS BEING EXTENDED BY ONE WEEK! 🎁

Follow the instructions below to UNLOCK your access directly! 👇

@FXTV10Xonboarding_bot",2026-09-13T12:23:39Z,2026-09-13T11:57:22Z,
@fxtradingvision,85175,2026-09-13T12:01:06Z,"Want to join the final run edition?

Follow the steps of @FXTV10Xonboarding_bot",2026-09-13T12:23:39Z,2026-09-13T12:01:08Z,
@fxtradingvision,85176,2026-09-13T12:08:01Z,"The new week is going to be fireworks 🧨

Volume will be back in the markets. Let’s get to work 🤑",2026-09-13T12:23:39Z,2026-09-13T12:08:02Z,
@fxtradingvision,85177,2026-09-13T12:14:01Z,I’m warning you now. You want to get inside the VIP before the new week starts.,2026-09-13T12:23:39Z,2026-09-13T12:14:01Z,
@phenexbillions,6923,2026-09-13T07:23:16Z,"🏆 PREMIUM FEEDBACK 🏆

Eine weitere Woche liegt hinter uns – und diesmal hat Gold definitiv Geduld verlangt. 📈
Die Marktbewegungen waren teilweise unruhig und gerade in solchen Phasen kommt es darauf an, einen klaren Kopf zu behalten. Mit einem strukturierten Ansatz und der nötigen Geduld konnten wir auch diese Woche wieder starke Ergebnisse erzielen – mit einzelnen Tagen von über 5.800$ Profit. 🔥
Genau hier macht Disziplin den Unterschied: nicht jedem Move hinterherlaufen, auf klare Chancen warten und die eigene Strategie konsequent umsetzen.
Aktuell teile ich täglich 2–4 präzise Setups mit einer Trefferquote von über 93%. Der tägliche Zeitaufwand liegt dabei meistens bei nur 10–15 Minuten.


Wenn du meinen kostenlosen Service kennenlernen und keine Setups mehr verpassen möchtest, schreib mir einfach „START“. ❗️

➡ @billions_vitus",2026-09-13T12:23:49Z,,
@phenexbillions,6924,2026-09-13T07:23:16Z,,2026-09-13T12:23:49Z,,
@phenexbillions,6925,2026-09-13T07:23:16Z,,2026-09-13T12:23:49Z,,
@phenexbillions,6926,2026-09-13T07:23:16Z,,2026-09-13T12:23:49Z,,
@phenexbillions,6927,2026-09-13T07:23:16Z,,2026-09-13T12:23:49Z,,
@phenexbillions,6928,2026-09-13T07:23:16Z,,2026-09-13T12:23:49Z,,
@phenexbillions,6929,2026-09-13T07:23:16Z,,2026-09-13T12:23:49Z,,
@phenexbillions,6930,2026-09-13T07:23:17Z,,2026-09-13T12:23:49Z,,
@fxtradingvision,85178,2026-09-13T13:22:01Z,,2026-09-13T16:35:49Z,2026-09-13T13:22:01Z,
@fxtradingvision,85179,2026-09-13T14:53:01Z,,2026-09-13T16:35:49Z,2026-09-13T14:53:01Z,
@fxtradingvision,85180,2026-09-13T16:08:01Z,,2026-09-13T16:35:49Z,2026-09-13T16:08:01Z,
@phenexbillions,6931,2026-09-13T12:30:56Z,"🚀 Another week, another WIN! 🚀

Mit einem starken Nettoergebnis von +57.580 Pips schließen wir diese Woche ab.
Unsere konstante Performance bestätigt einmal mehr: The Phenex keeps rising – unstoppable, undeniable.


📊 The Trading Phenex – Wochenübersicht 📈

Gesamt Netto-Pips: +57.580 ❤️‍🔥

Tägliche Pips:
📆 7. Sep: +6.150
📆 8. Sep: +11.300
📆 9. Sep: +13.730
📆 10. Sep: +18.600
📆 11. Sep: +7.800

⸻

🔥 Trefferquote dieser Woche:
🎯 TP1: 100,00 %
🎯 TP2: 75,00 %
🎯 TP3: 43,75 %

Winrate: 100 % (kein SL)


Jetzt wieder mit Full Focus in die neue Handelswoche!🏆

⸻

Wir machen da weiter, wo andere aufhören.
Phenex never fades — it transforms.


Wir stehen für echte Transparenz – echte Trades, echte Resultate.
No excuses. No fake hype. Only real results.

Master the Markets. Rise with Phenex.


On to the next one! 🏆🦅",2026-09-13T16:35:59Z,,
@phenexbillions,6932,2026-09-13T13:37:34Z,,2026-09-13T16:35:59Z,,
@phenexbillions,6933,2026-09-13T16:35:33Z,Sniper mal wieder 🙏🙏,2026-09-13T16:35:59Z,,
@fxtradingvision,85181,2026-09-13T17:41:01Z,,2026-09-13T18:55:19Z,2026-09-13T17:41:01Z,
@phenexbillions,6934,2026-09-13T17:20:41Z,Danke Vitus 😍,2026-09-13T18:55:29Z,,
@fxtradingvision,85173,2026-09-13T11:41:01Z,DON'T JUST WATCH. Take action today.,2026-09-13T21:11:12Z,2026-09-13T20:50:05Z,
@fxtradingvision,85182,2026-09-13T19:07:58Z,"Are you inside the VIP?

This week will be insane.

Don’t miss out.",2026-09-13T21:11:12Z,2026-09-13T19:07:59Z,
@fxtradingvision,85183,2026-09-13T20:14:23Z,"X10 CHALLENGE IS BEING EXTENDED BY ONE WEEK! 🎁

Follow the instructions below to UNLOCK your access directly! 👇

@FXTV10Xonboarding_bot",2026-09-13T21:11:12Z,2026-09-13T20:14:26Z,
@fxtradingvision,85184,2026-09-13T20:43:01Z,"No risk, no…….. 🏎️",2026-09-13T21:11:12Z,2026-09-13T20:43:02Z,
@fxtradingvision,85185,2026-09-13T20:46:01Z,READY FOR THE NEW WEEK?!,2026-09-13T21:11:12Z,2026-09-13T20:46:01Z,
@fxtradingvision,85186,2026-09-13T20:50:01Z,"THIS WEEK'S RESULTS IN MY VIP GROUP
Week 37, 2026

📊 Trades shared: 48
✅ Win: 47
❌ Loss: 1

>> Win-ratio: 97.9%

We're wrapping up another BEAUTIFUL week! The markets are about to open... The volatility will kick in tomorrow morning and opportunities will present itself. Don't miss any of it! I'm sharing every single trade I personally take inside my VIP. If you want to copy all my trades, click the button below and I'll send you the steps BEFORE THE FIRST TRADE OF THE WEEK DROPS! 👇🏻",2026-09-13T21:11:12Z,2026-09-13T20:50:01Z,
@fxtradingvision,85187,2026-09-13T20:50:10Z,,2026-09-13T21:11:12Z,,
@fxtradingvision,85188,2026-09-13T21:08:01Z,"Are you finally going to take action??? 

Because the quote above is 100% true. You gotta take risks in life if you want to make it buddy ✌🏻✌🏻

So now is the time to get yourself prepared! I’ll stay active for the next 2 hours to onboard ACTION TAKERS! 

If you are 100% serious about making more money, click the link below and I’ll tell you EXACTLY how I did it (100% FREE)! 👇🏻

🚨 CLICK HERE to get FREE ACCESS to my VIP before the new week starts",2026-09-13T21:11:12Z,2026-09-13T21:08:02Z,
@phenexbillions,6935,2026-09-13T19:15:29Z,"🚀 Another week, another WIN! 🚀

Mit einem starken Nettoergebnis von +57.580 Pips schließen wir diese Woche ab.
Unsere konstante Performance bestätigt einmal mehr: The Phenex keeps rising – unstoppable, undeniable.

📊 The Trading Phenex – Wochenübersicht 📈
Gesamt Netto-Pips: +57.580 ❤️‍🔥

Tägliche Pips:
📆 7. Sep: +6.150
📆 8. Sep: +11.300
📆 9. Sep: +13.730
📆 10. Sep: +18.600
📆 11. Sep: +7.800
⸻
🔥 Trefferquote dieser Woche:
🎯 TP1: 100,00 %
🎯 TP2: 75,00 %
🎯 TP3: 43,75 %
Winrate: 100 % (kein SL)

Jetzt wieder mit Full Focus in die neue Handelswoche!🏆
⸻
Wir machen da weiter, wo andere aufhören.
Phenex never fades — it transforms.
Wir stehen für echte Transparenz – echte Trades, echte Resultate.
No excuses. No fake hype. Only real results.
Master the Markets. Rise with Phenex.
On to the next one! 🏆🦅

Schreib mir jetzt ""START"" und sichere dir deinen kostenlosen Zugang zur VIP mit 2-4 präzisen Signalen am Tag❗️

➡ @billions_vitus",2026-09-13T21:11:22Z,,
@phenexbillions,6936,2026-09-13T20:20:18Z,Na das hat sich doch zum Feierabend nochmal gelohnt. Danke Vitus 🤗,2026-09-13T21:11:22Z,,
@fxtradingvision,85188,2026-09-13T21:08:01Z,"Are you finally going to take action??? 

Because the quote above is 100% true. You gotta take risks in life if you want to make it buddy ✌🏻✌🏻

So now is the time to get yourself prepared! I’ll stay active for the next 2 hours to onboard ACTION TAKERS!",2026-09-14T06:18:25Z,2026-09-14T02:57:06Z,
@fxtradingvision,85189,2026-09-14T02:38:01Z,"Good morning! 

NEW WEEK, NEW CHANCES! I keep on mentioning it. Let’s kill it today guys I want to see you all win 🥇",2026-09-14T06:18:25Z,2026-09-14T02:38:01Z,
@fxtradingvision,85190,2026-09-14T02:57:01Z,"That was me 8 years ago when I was still working in a restaurant. Yes, I started with nothing as well. 

1,5 year later I quit my job to trade forex full time and it was the best choice I ever took. 

I can help you to reach the exact same freedom. The exact steps I took are explained in my VIP - send me a private message if you want to start 🙏🏼❤️",2026-09-14T06:18:25Z,2026-09-14T04:29:05Z,
@fxtradingvision,85191,2026-09-14T03:26:01Z,"If you are heading to your regular job now, big shout out to you. 

Keep on providing for your family. One day everything you deserve comes your way. I started in the exact same position.",2026-09-14T06:18:25Z,2026-09-14T03:26:02Z,
@fxtradingvision,85192,2026-09-14T03:52:01Z,,2026-09-14T06:18:25Z,2026-09-14T03:52:01Z,
@fxtradingvision,85193,2026-09-14T04:26:01Z,"FIRST TRADES OF THE WEEK ARE ABOUT TO BE SENT INTO THE VIP 🔥🚀

Did you follow the instructions & are you inside? 

You don’t want to miss this week’s trades ⏰",2026-09-14T06:18:25Z,2026-09-14T04:26:01Z,
@fxtradingvision,85195,2026-09-14T05:00:03Z,"LAST WEEK'S RESULTS IN MY VIP GROUP
Week 37, 2026

📊 Trades shared: 48
✅ Win: 47
❌ Loss: 1

>> Win-ratio: 97.9%

Another week of domination in the books! Let's keep this momentum going into the new week 💪🏼 I expect nothing less than excellence from myself and my VIP members.

WANT TO COPY ALL MY TRADES? Click the button below to get FREE ACCESS to my VIP 👇🏻",2026-09-14T06:18:25Z,2026-09-14T05:00:03Z,
@fxtradingvision,85196,2026-09-14T05:00:03Z,,2026-09-14T06:18:25Z,,
@fxtradingvision,85197,2026-09-14T05:28:01Z,"📨 LAST WEEK’S MEMBERS FEEDBACK 

Check what my members made last week… ✅🤝

New week is here! 🔥 You have some FRESH OPPORTUNITIES right in front of you! Are you going to miss out another time? Or take action?",2026-09-14T06:18:25Z,2026-09-14T05:28:02Z,
@fxtradingvision,85198,2026-09-14T05:28:01Z,,2026-09-14T06:18:25Z,,
@fxtradingvision,85199,2026-09-14T05:28:01Z,,2026-09-14T06:18:25Z,,
@fxtradingvision,85200,2026-09-14T05:28:01Z,,2026-09-14T06:18:25Z,,
@fxtradingvision,85201,2026-09-14T05:28:01Z,,2026-09-14T06:18:25Z,,
@fxtradingvision,85202,2026-09-14T05:28:01Z,,2026-09-14T06:18:25Z,,
@fxtradingvision,85203,2026-09-14T05:28:01Z,,2026-09-14T06:18:25Z,,
@fxtradingvision,85204,2026-09-14T05:28:01Z,,2026-09-14T06:18:25Z,,
@fxtradingvision,85205,2026-09-14T05:28:01Z,,2026-09-14T06:18:25Z,,
@fxtradingvision,85206,2026-09-14T06:03:01Z,,2026-09-14T06:18:25Z,2026-09-14T06:03:02Z,
@fxtradingvision,85207,2026-09-14T06:05:08Z,"I’ll help you become consistent. Just send me a private message and I’ll help you get started RIGHT NOW 🙏🏼

📥 CLICK HERE and get started with my guidance (everything will be explained from A to Z)",2026-09-14T06:18:25Z,2026-09-14T06:05:08Z,
@phenexbillions,6937,2026-09-14T05:31:02Z,"🚀 Montag, neuer Schwung und der Start in eine frische Handelswoche. Jetzt wird der Ton gesetzt – mit Fokus, Struktur und klarer Ausrichtung. Wer von Beginn an präsent ist, erkennt Chancen früher und bleibt ruhig im Ablauf. Trading lebt von Momentum, das durch saubere Vorbereitung entsteht. Los geht’s, volle Energie nach vorn.

Wenn du meinen kostenlosen Service kennenlernen willst und die Woche stark starten möchtest, schreib mir ""START"".

➡ @billions_vitus",2026-09-14T06:18:35Z,,
@phenexbillions,6938,2026-09-14T05:35:15Z,,2026-09-14T06:18:35Z,,
@fxtradingvision,85207,2026-09-14T06:05:08Z,I’ll help you become consistent. Just send me a private message and I’ll help you get started RIGHT NOW 🙏🏼,2026-09-14T12:56:38Z,2026-09-14T07:26:52Z,
@fxtradingvision,85208,2026-09-14T06:50:23Z,DO YOU WANT A VIP GOLD TRADE?,2026-09-14T12:56:38Z,2026-09-14T06:50:25Z,
@fxtradingvision,85209,2026-09-14T06:50:52Z,OPEN GOLD SELLS NOW!,2026-09-14T12:56:38Z,2026-09-14T06:50:55Z,
@fxtradingvision,85210,2026-09-14T06:52:11Z,"NEW TRADE IDEA

XAUUSD SELL 4323

TP 1 4319
TP 2 4318
TP 3 4290

SL @ 4345

Trade accordingly and only trade with money you can afford to LOSE.",2026-09-14T12:56:38Z,2026-09-14T06:52:11Z,
@fxtradingvision,85211,2026-09-14T07:02:02Z,"OPEN ONE MORE GOLD SELL

BE READY FOR THE DROP",2026-09-14T12:56:38Z,2026-09-14T07:02:02Z,
@fxtradingvision,85212,2026-09-14T07:03:24Z,"TP 1 & 2 are BOTH hit ✅

+ 180 pips profit secured as we used double lotsize 🔥🔥🔥

Move your SL back to entry.",2026-09-14T12:56:38Z,2026-09-14T07:03:25Z,
@fxtradingvision,85213,2026-09-14T07:15:06Z,"NEW TRADE IDEA

XAUUSD SELL 4325

TP 1 4321
TP 2 4320
TP 3 4290

SL @ 4345

Trade accordingly and only trade with money you can afford to LOSE.",2026-09-14T12:56:38Z,2026-09-14T07:15:06Z,
@fxtradingvision,85214,2026-09-14T07:18:01Z,Don’t waste a single minute today. You have dreams to chase.,2026-09-14T12:56:38Z,2026-09-14T07:18:01Z,
@fxtradingvision,85216,2026-09-14T07:23:14Z,"TP 1 & 2 are BOTH hit ✅

+ 180 pips profit secured as we used double lotsize 🔥🔥🔥

Move your SL back to entry.",2026-09-14T12:56:38Z,2026-09-14T07:23:16Z,
@fxtradingvision,85218,2026-09-14T07:31:21Z,"TP 1 & 2 are BOTH hit ✅

+ 180 pips profit secured as we used double lotsize 🔥🔥🔥

Move your SL back to entry.",2026-09-14T12:56:38Z,2026-09-14T07:31:21Z,
@fxtradingvision,85219,2026-09-14T07:32:24Z,DO YOU WANT ONE MORE VIP GOLD TRADE?,2026-09-14T12:56:38Z,2026-09-14T07:32:26Z,
@fxtradingvision,85220,2026-09-14T07:32:46Z,"OK!

OPEN GOLD SELLS BABY.",2026-09-14T12:56:38Z,2026-09-14T07:32:48Z,
@fxtradingvision,85221,2026-09-14T07:33:38Z,"NEW TRADE IDEA

XAUUSD SELL 4319

TP 1 4315
TP 2 4314
TP 3 4280

SL @ 4345

Trade accordingly and only trade with money you can afford to LOSE.",2026-09-14T12:56:38Z,2026-09-14T07:33:38Z,
@fxtradingvision,85222,2026-09-14T07:51:44Z,"TP 1 & 2 are BOTH hit ✅

+ 180 pips profit secured as we used double lotsize 🔥🔥🔥

Move your SL back to entry.",2026-09-14T12:56:38Z,2026-09-14T07:51:45Z,
@fxtradingvision,85224,2026-09-14T07:54:01Z,"It’s a brand new week and I want to start it strong WITH YOU 🔥

My VIP will receive every single trade I personally take as well and that is how win TOGETHER. 

If I win, you win and vice versa. We are a team on this side ❤️

This also means I will personally guide you from A to Z in your trading journey. The full blueprint I followed is laid out for you to follow. All you have to do is claim it…

Send me a DM and let me explain how you can access my VIP for free… 🤝",2026-09-14T12:56:38Z,2026-09-14T08:05:05Z,
@fxtradingvision,85225,2026-09-14T07:56:38Z,"What a day legends….

Next of the trades today will be ALL VIP ONLY. 

See you inside ✌️",2026-09-14T12:56:38Z,2026-09-14T07:56:39Z,
@fxtradingvision,85227,2026-09-14T08:51:35Z,"TP 1 & 2 are BOTH hit ✅

+ 180 pips profit secured as we used double lotsize 🔥🔥🔥

Move your SL back to entry.",2026-09-14T12:56:38Z,2026-09-14T08:51:36Z,
@fxtradingvision,85228,2026-09-14T08:53:01Z,,2026-09-14T12:56:38Z,2026-09-14T08:53:01Z,
@fxtradingvision,85230,2026-09-14T09:24:31Z,We continue baby! 🚀,2026-09-14T12:56:38Z,2026-09-14T09:24:31Z,
@fxtradingvision,85231,2026-09-14T09:32:19Z,"TP 1 & 2 are BOTH hit ✅

+ 180 pips profit secured as we used double lotsize 🔥🔥🔥

Move your SL back to entry.",2026-09-14T12:56:38Z,2026-09-14T09:32:19Z,
@fxtradingvision,85232,2026-09-14T09:49:30Z,"HIT AFTER HIT INSIDE THE VIP!

THIS WEEK IS GOING TO BE NEXT LEVEL.",2026-09-14T12:56:38Z,2026-09-14T09:49:31Z,
@fxtradingvision,85233,2026-09-14T10:23:26Z,OPEN GOLD BUYS,2026-09-14T12:56:38Z,2026-09-14T10:23:27Z,
@fxtradingvision,85234,2026-09-14T10:24:14Z,"NEW TRADE IDEA

XAUUSD BUY 4287

TP 1 4291
TP 2 4292
TP 3 4250

SL @ 4265

Trade accordingly and only trade with money you can afford to LOSE.",2026-09-14T12:56:38Z,2026-09-14T10:24:15Z,
@fxtradingvision,85235,2026-09-14T10:27:04Z,"TP 1 & 2 are BOTH hit ✅

+ 180 pips profit secured as we used double lotsize 🔥🔥🔥

Move your SL back to entry.",2026-09-14T12:56:38Z,2026-09-14T10:27:05Z,
@fxtradingvision,85236,2026-09-14T10:27:10Z,Simple as that baby ☕️,2026-09-14T12:56:38Z,2026-09-14T10:27:11Z,
@fxtradingvision,85237,2026-09-14T10:36:50Z,Do you want one more gold trade?,2026-09-14T12:56:38Z,2026-09-14T10:36:51Z,
@fxtradingvision,85244,2026-09-14T11:02:00Z,"It has 100 clicks before the link will be invalid… the fastest 100 will be allowed to join the VIP for free.. 👇

GOLD TRADE IS HERE 👇",2026-09-14T12:56:38Z,2026-09-14T11:26:18Z,
@fxtradingvision,85246,2026-09-14T11:33:52Z,"TP 1 & 2 are BOTH hit ✅

+ 180 pips profit secured as we used double lotsize 🔥🔥🔥

Move your SL back to entry.",2026-09-14T12:56:38Z,2026-09-14T11:33:52Z,
@fxtradingvision,85247,2026-09-14T11:41:23Z,"New trade on GOLD shared in the VIP ☕️

Which direction? Buy or Sell?

👉 CLICK HERE TO CLAIM YOUR SPOT & UNLOCK ALL THE TRADES",2026-09-14T12:56:38Z,2026-09-14T11:41:25Z,2026-09-14T18:16:39Z
@fxtradingvision,85248,2026-09-14T11:42:22Z,Today we ain’t joking around inside the VIP…. Heavy printing mode.,2026-09-14T12:56:38Z,2026-09-14T11:42:22Z,
@fxtradingvision,85249,2026-09-14T12:13:39Z,"Ok…

Do you want one last gold trade then?",2026-09-14T12:56:38Z,2026-09-14T12:13:39Z,
@fxtradingvision,85250,2026-09-14T12:13:51Z,"OPEN GOLD BUYS, FUCK IT.",2026-09-14T12:56:38Z,2026-09-14T12:13:51Z,
@fxtradingvision,85251,2026-09-14T12:14:22Z,"NEW TRADE IDEA

XAUUSD BUY 4293

TP 1 4297
TP 2 4398
TP 3 4330

SL @ 4270

Trade accordingly and only trade with money you can afford to LOSE.",2026-09-14T12:56:38Z,2026-09-14T12:14:22Z,
@fxtradingvision,85252,2026-09-14T12:36:35Z,Move SL to 4360 be ready for counter trade.,2026-09-14T12:56:38Z,2026-09-14T12:36:36Z,2026-09-14T18:16:39Z
@fxtradingvision,85253,2026-09-14T12:37:20Z,"NEW TRADE IDEA

XAUUSD BUY 4275

TP 1 4279
TP 2 4380
TP 3 4310

SL @ 4260

Trade accordingly and only trade with money you can afford to LOSE.",2026-09-14T12:56:38Z,2026-09-14T12:37:20Z,
@fxtradingvision,85254,2026-09-14T12:39:25Z,"TP 1 & 2 are BOTH hit ✅

+ 180 pips profit secured as we used double lotsize 🔥🔥🔥

Move your SL back to entry.",2026-09-14T12:56:38Z,2026-09-14T12:39:26Z,
@phenexbillions,6939,2026-09-14T06:29:49Z,"✅ NEUER PREMIUM TRADE! ✅

Solltest du noch nicht Mitglied meiner VIP Gruppe sein, hast du soeben ein kostenloses Signal verpasst.

Schreib mir jetzt ""START"" und sichere dir deinen kostenlosen Zugang zur VIP mit 2-4 präzisen Signalen am Tag❗️

➡ @billions_vitus",2026-09-14T12:56:48Z,,
@phenexbillions,6940,2026-09-14T07:25:49Z,"TP1 hit, that’s +250 pips 🚀✅

SL nach Belieben auf Break Even…",2026-09-14T12:56:48Z,,
@phenexbillions,6941,2026-09-14T07:40:55Z,"✅ NEUER PREMIUM TRADE! ✅

Solltest du noch nicht Mitglied meiner VIP Gruppe sein, hast du soeben ein kostenloses Signal verpasst.

Schreib mir jetzt ""START"" und sichere dir deinen kostenlosen Zugang zur VIP mit 2-4 präzisen Signalen am Tag❗️

➡ @billions_vitus",2026-09-14T12:56:48Z,,
@phenexbillions,6942,2026-09-14T07:50:06Z,"TP1 hit, that’s +600 pips 🥷🏼✅

SL nach Belieben auf Break Even…",2026-09-14T12:56:48Z,,
@phenexbillions,6943,2026-09-14T07:52:46Z,"TP2 hit, that’s +1100 pips 🥷🏼✅",2026-09-14T12:56:48Z,,
@phenexbillions,6944,2026-09-14T08:31:53Z,beiden Besten Positionen lass ich noch drin 🙏,2026-09-14T12:56:48Z,,
@phenexbillions,6945,2026-09-14T09:32:14Z,+100 Pips ✅,2026-09-14T12:56:48Z,,
@phenexbillions,6946,2026-09-14T09:32:23Z,"TP3 hit, that’s +2000 pips 🥷🏼✅",2026-09-14T12:56:48Z,,
@phenexbillions,6947,2026-09-14T09:42:04Z,"✅ NEUER PREMIUM TRADE! ✅

Solltest du noch nicht Mitglied meiner VIP Gruppe sein, hast du soeben ein kostenloses Signal verpasst.

Schreib mir jetzt ""START"" und sichere dir deinen kostenlosen Zugang zur VIP mit 2-4 präzisen Signalen am Tag❗️

➡ @billions_vitus",2026-09-14T12:56:48Z,,
@phenexbillions,6948,2026-09-14T10:19:42Z,Alles auf Break Even!! 🦅,2026-09-14T12:56:48Z,,
@phenexbillions,6949,2026-09-14T10:42:54Z,"TP1 hit, that’s +1500 pips 🚀✅

SL nach Belieben auf Break Even…

(Wer sich auf die tiefen Einstiege fokussiert hat)",2026-09-14T12:56:48Z,,
@phenexbillions,6950,2026-09-14T11:38:45Z,,2026-09-14T12:56:48Z,,
@phenexbillions,6951,2026-09-14T12:01:48Z,"Schlecht Einstiege im Gewinn raus gute auf Break Even absichern und laufen lassen 💯

+60 Pips 🤑✅",2026-09-14T12:56:48Z,,
@phenexbillions,6952,2026-09-14T12:09:24Z,"TP1 hit, that’s +900 pips 🚀✅

SL nach Belieben auf Break Even…",2026-09-14T12:56:48Z,,
@phenexbillions,6953,2026-09-14T12:13:34Z,Profffffiiiiiits,2026-09-14T12:56:48Z,,
@phenexbillions,6954,2026-09-14T12:54:58Z,"TP4 hit, that’s +5200 pips 🥷🏼✅",2026-09-14T12:56:48Z,,
@fxtradingvision,85255,2026-09-14T13:03:57Z,,2026-09-14T18:16:39Z,2026-09-14T13:03:58Z,
@fxtradingvision,85256,2026-09-14T13:04:07Z,VIP members have some heavy profits today,2026-09-14T18:16:39Z,2026-09-14T13:04:08Z,
@fxtradingvision,85257,2026-09-14T13:04:37Z,"Close all gold buys

OPEN NEW GOLD SELLS

DOUBLE LOT",2026-09-14T18:16:39Z,2026-09-14T13:04:38Z,
@fxtradingvision,85258,2026-09-14T13:05:42Z,"NEW TRADE IDEA

XAUUSD SELL 4269

TP 1 4265
TP 2 4264
TP 3 4230

SL @ 4295

Trade accordingly and only trade with money you can afford to LOSE.",2026-09-14T18:16:39Z,2026-09-14T13:05:44Z,
@fxtradingvision,85259,2026-09-14T13:06:42Z,These gold sells are on double lot.,2026-09-14T18:16:39Z,2026-09-14T13:06:43Z,
@fxtradingvision,85260,2026-09-14T13:08:00Z,"TP 1 & 2 are BOTH hit ✅

+ 180 pips profit secured as we used double lotsize 🔥🔥🔥

Move your SL back to entry.",2026-09-14T18:16:39Z,2026-09-14T13:08:00Z,
@fxtradingvision,85261,2026-09-14T13:10:37Z,"Gold buy closed with some loss.

This gold sell on double lotsize covered the loss a little bit.

Let’s continue now.",2026-09-14T18:16:39Z,2026-09-14T13:10:38Z,
@fxtradingvision,85262,2026-09-14T13:11:00Z,"Want me to continue?

Show me the likes baby.",2026-09-14T18:16:39Z,2026-09-14T13:11:01Z,
@fxtradingvision,85263,2026-09-14T13:11:34Z,"OPEN NEW GOLD SELLS

DOUBLE LOT",2026-09-14T18:16:39Z,2026-09-14T13:11:35Z,
@fxtradingvision,85264,2026-09-14T13:11:53Z,"NEW TRADE IDEA

XAUUSD SELL 4266

TP 1 4262
TP 2 4261
TP 3 4230

SL @ 4295

Trade accordingly and only trade with money you can afford to LOSE.",2026-09-14T18:16:39Z,2026-09-14T13:11:55Z,
@fxtradingvision,85266,2026-09-14T13:19:56Z,"Close with small loss for now.

We will enter it with a better price.",2026-09-14T18:16:39Z,2026-09-14T13:19:56Z,
@fxtradingvision,85267,2026-09-14T13:20:36Z,"Gold is behaving like a …. now.

Let’s give it some rest

We milked it too much today",2026-09-14T18:16:39Z,2026-09-14T13:20:36Z,
@fxtradingvision,85268,2026-09-14T13:21:58Z,"I owe you one more trade from the VIP today.

Don’t worry, it will be a banger.",2026-09-14T18:16:39Z,2026-09-14T13:21:59Z,
@fxtradingvision,85269,2026-09-14T13:31:58Z,But show me more likes,2026-09-14T18:16:39Z,2026-09-14T13:31:59Z,
@fxtradingvision,85270,2026-09-14T13:36:49Z,"OPEN GOLD SELLS

DOUBLE LOT",2026-09-14T18:16:39Z,2026-09-14T13:36:49Z,
@fxtradingvision,85272,2026-09-14T13:40:11Z,"NEW TRADE IDEA

XAUUSD SELL 4273

TP 1 4269
TP 2 4268
TP 3 4230

SL @ 4300

Trade accordingly and only trade with money you can afford to LOSE.",2026-09-14T18:16:39Z,2026-09-14T13:40:12Z,
@fxtradingvision,85273,2026-09-14T13:40:56Z,"TP 1 & 2 are BOTH hit ✅

+ 180 pips profit secured as we used double lotsize 🔥🔥🔥

Move your SL back to entry.",2026-09-14T18:16:39Z,2026-09-14T13:40:58Z,
@fxtradingvision,85274,2026-09-14T13:41:01Z,,2026-09-14T18:16:39Z,2026-09-14T13:41:01Z,
@fxtradingvision,85275,2026-09-14T13:41:04Z,"Well… I promised you right?

There you go.",2026-09-14T18:16:39Z,2026-09-14T13:41:04Z,
@fxtradingvision,85277,2026-09-14T13:43:12Z,,2026-09-14T18:16:39Z,2026-09-14T13:43:12Z,
@fxtradingvision,85278,2026-09-14T13:43:12Z,you are the boss,2026-09-14T18:16:39Z,2026-09-14T13:43:12Z,
@fxtradingvision,85279,2026-09-14T13:49:32Z,"5K for Zzzz

Simple as that",2026-09-14T18:16:39Z,2026-09-14T13:49:33Z,
@fxtradingvision,85280,2026-09-14T13:49:32Z,,2026-09-14T18:16:39Z,2026-09-14T13:49:33Z,
@fxtradingvision,85281,2026-09-14T13:49:32Z,you are the boss,2026-09-14T18:16:39Z,2026-09-14T13:49:33Z,
@fxtradingvision,85282,2026-09-14T13:53:44Z,DO YOU WANT ONE MORE???,2026-09-14T18:16:39Z,2026-09-14T13:53:45Z,
@fxtradingvision,85284,2026-09-14T14:09:42Z,The VIP,2026-09-14T18:16:39Z,2026-09-14T14:09:43Z,
@fxtradingvision,85285,2026-09-14T14:09:42Z,"TP 1 & 2 are BOTH hit ✅

+ 180 pips profit secured as we used double lotsize 🔥🔥🔥

Move your SL back to entry.",2026-09-14T18:16:39Z,2026-09-14T14:09:43Z,
@fxtradingvision,85287,2026-09-14T14:28:27Z,"NEW TRADE IDEA

XAUUSD SELL 4268

TP 1 4264
TP 2 4263
TP 3 4230

SL @ 4295

Trade accordingly and only trade with money you can afford to LOSE.",2026-09-14T18:16:39Z,2026-09-14T14:28:28Z,
@fxtradingvision,85288,2026-09-14T14:51:49Z,The Settee is set... Bought with proceeds from forex trading signal from Golden Mike. I'm just excited and bless the day I came across your channel... The Gold King 🤴.  FXTRADINGVISION to the WORLD 🌎 ✨️,2026-09-14T18:16:39Z,2026-09-14T14:51:49Z,
@fxtradingvision,85289,2026-09-14T14:52:00Z,"This is what I do it for!

Love you & enjoy!",2026-09-14T18:16:39Z,2026-09-14T14:52:01Z,
@fxtradingvision,85290,2026-09-14T15:11:36Z,"NEW TRADE IDEA

XAUUSD SELL 4281

TP 1 4277
TP 2 4276
TP 3 4240

SL @ 4305

Trade accordingly and only trade with money you can afford to LOSE.",2026-09-14T18:16:39Z,2026-09-14T15:11:38Z,
@fxtradingvision,85291,2026-09-14T15:11:43Z,Keep all gold stoplosses at 4305,2026-09-14T18:16:39Z,2026-09-14T15:11:44Z,
@fxtradingvision,85292,2026-09-14T15:17:28Z,"TP 1 & 2 are BOTH hit ✅

+ 180 pips profit secured as we used double lotsize 🔥🔥🔥

Move your SL back to entry.",2026-09-14T18:16:39Z,2026-09-14T15:17:28Z,
@fxtradingvision,85293,2026-09-14T15:31:48Z,Open new gold sells,2026-09-14T18:16:39Z,2026-09-14T15:31:49Z,
@fxtradingvision,85294,2026-09-14T15:32:23Z,"NEW TRADE IDEA

XAUUSD SELL 4285

TP 1 4281
TP 2 4280
TP 3 4250

SL @ 4310

Trade accordingly and only trade with money you can afford to LOSE.",2026-09-14T18:16:39Z,2026-09-14T15:32:24Z,
@fxtradingvision,85295,2026-09-14T15:40:36Z,"Move all gold stoplosses to 4315

Looks like gold wants to do a liquidity sweep.",2026-09-14T18:16:39Z,2026-09-14T15:40:38Z,
@fxtradingvision,85296,2026-09-14T15:54:00Z,"LIVE FREE GOLD TRADE

SHOW ME THE LIKES OR I WILL DELETE IT",2026-09-14T18:16:39Z,2026-09-14T15:54:01Z,
@fxtradingvision,85297,2026-09-14T16:00:11Z,"THIS WEEK'S RESULTS IN MY VIP GROUP (so far)
Week 38, 2026

📊 Trades shared: 14
✅ Win: 14
❌ Loss: 0

>> Win-ratio: 100.0%

We're off to a GREAT start of the week! I expect MANY more trades with high win-rate. Don't miss any of it 🔥 We are the most consistent signal group in the industry!

WANT TO COPY ALL MY TRADES? Click the button below to get FREE ACCESS to my VIP 👇🏻",2026-09-14T18:16:39Z,2026-09-14T16:00:12Z,
@fxtradingvision,85298,2026-09-14T16:00:11Z,,2026-09-14T18:16:39Z,,
@fxtradingvision,85301,2026-09-14T16:26:29Z,"NEW TRADE IDEA

XAUUSD SELL LIMIT 4310

TP 1 4306
TP 2 4305
TP 3 4280

SL @ 4330

Trade accordingly and only trade with money you can afford to LOSE.

USING HIGH LOTSIZE",2026-09-14T18:16:39Z,2026-09-14T16:26:30Z,
@fxtradingvision,85302,2026-09-14T16:42:26Z,"🚨 THIS WEEK 4 MAJOR MACRO CATALYSTS.

Sept 15–18 could trigger a major liquidity cascade across global markets:

• 🏛️ Sept 15: CLARITY Act Senate vote  
• 🏦 Sept 16: Fed rate decision  
• 🏠 Sept 17: US housing data  
• 🇯🇵 Sept 18: Japan CPI + BOJ decision  

4 days. 4 catalysts. Expect Highest Volatility.",2026-09-14T18:16:39Z,2026-09-14T16:42:27Z,2026-09-14T21:51:25Z
@fxtradingvision,85303,2026-09-14T16:51:44Z,"Unfortunately, the gold sells hit the stoploss.

Today wasn’t our best day in the free channel.

100% transparent about both our wins and losses.

That’s why I always tell you to join the VIP.",2026-09-14T18:16:39Z,2026-09-14T16:51:45Z,
@fxtradingvision,85304,2026-09-14T16:52:20Z,"Free channel is about luck and getting the right signals.

VIP receives all signals, so it’s not luck anymore. It’s knowing you will make profit in the end and yes even if you lose a trade sometimes which is part of the game.",2026-09-14T18:16:39Z,2026-09-14T16:52:21Z,
@fxtradingvision,85305,2026-09-14T16:52:48Z,"By staying in the free channel and not joining the VIP you are literally only hurting yourself.

You let your trades depend on luck.",2026-09-14T18:16:39Z,2026-09-14T16:52:48Z,
@fxtradingvision,85306,2026-09-14T16:53:06Z,"Get inside the VIP.

Print together with us.

Let me show you our VIP client profits.",2026-09-14T18:16:39Z,2026-09-14T16:53:08Z,
@fxtradingvision,85307,2026-09-14T16:54:35Z,"Thanks so much... The money hit my bank account this morning.

I'm heading to get the settee right away... This is my first major withdrawal since I started venturing into Forex Trading in 2021. 

You made this happened for me Mike. God bless you again.",2026-09-14T18:16:39Z,2026-09-14T16:54:36Z,
@fxtradingvision,85308,2026-09-14T16:54:35Z,,2026-09-14T18:16:39Z,2026-09-14T16:54:36Z,
@fxtradingvision,85309,2026-09-14T16:54:35Z,,2026-09-14T18:16:39Z,2026-09-14T16:54:36Z,
@fxtradingvision,85310,2026-09-14T16:55:11Z,"Stop being lazy.

Start taking action.

Follow the steps. See you inside the VIP.",2026-09-14T18:16:39Z,2026-09-14T16:55:12Z,
@fxtradingvision,85311,2026-09-14T16:58:10Z,"I warned you multiple times.

Do not let your succes depend on luck.

Free channel is 10% of the VIP.

I will show you an example okay?",2026-09-14T18:16:39Z,2026-09-14T16:58:11Z,
@fxtradingvision,85312,2026-09-14T16:58:20Z,We were in gold sells right?,2026-09-14T18:16:39Z,2026-09-14T16:58:21Z,
@fxtradingvision,85313,2026-09-14T16:58:47Z,"VIP was also in gold sells… but look at what we have done.

We have hedged with double lotsize and saved the sell loss.",2026-09-14T18:16:39Z,2026-09-14T16:58:48Z,
@fxtradingvision,85314,2026-09-14T16:58:53Z,Show me the likes and I will show you,2026-09-14T18:16:39Z,2026-09-14T16:58:55Z,
@fxtradingvision,85315,2026-09-14T17:01:45Z,"As you can see…

While you only receive 10% of the trades and let your life depend on luck….

We opened hedge trades double the lotsize of our gold sells.

Hit all 3 the targets and protected our capital with no loss 😉",2026-09-14T18:16:39Z,2026-09-14T17:01:46Z,
@fxtradingvision,85316,2026-09-14T17:02:37Z,"Watch the video, read what I said 🚨

Now… hate yourself for being lazy.

See this as a lesson. I will give you one last opportunity to join the VIP for FREE in 10 minutes.

Be ready.",2026-09-14T18:16:39Z,2026-09-14T17:02:38Z,
@fxtradingvision,85317,2026-09-14T17:05:18Z,"Now you probably hate yourself, it’s okay.

A human being is always lazy.

Now… make sure to not make the same mistake again.

See you in 5 minutes.",2026-09-14T18:16:39Z,2026-09-14T17:05:19Z,
@fxtradingvision,85318,2026-09-14T17:08:39Z,"I hope you are all awake now.

Ready?

2 more minutes left.",2026-09-14T18:16:39Z,2026-09-14T17:08:39Z,
@fxtradingvision,85320,2026-09-14T17:10:17Z,"EVERYONE JOINING THE VIP NOW GETS 🎁

10 SPOTS ARE OPEN NOW 🤝

👉 100% DEPOSIT BONUS 🎁

👉 FREE RISK MANAGEMENT PLAN WORTH $997!

👉 CLICK HERE TO CLAIM YOUR SPOT & UNLOCK ALL THE TRADES",2026-09-14T18:16:39Z,2026-09-14T17:10:18Z,
@fxtradingvision,85321,2026-09-14T17:27:28Z,Close around entry,2026-09-14T18:16:39Z,2026-09-14T17:27:29Z,
@fxtradingvision,85322,2026-09-14T17:37:48Z,"⚠️YES, OUR VIP IS CURRENTLY FREE… 

AT 4000 MEMBERS IT WILL BE PAID…

4 MORE FREE SPOTS LEFT 🐸",2026-09-14T18:16:39Z,2026-09-14T17:37:48Z,
@phenexbillions,6955,2026-09-14T12:58:13Z,"Sells so free heute… ✅

1. Setup TP1 +40 Pips 📈 
2. Setup TP4 +520 Pips 📉 
3. Setup TP1 +160 Pips 📈 
4. Setup +110 Pips 📈",2026-09-14T18:16:48Z,,
@phenexbillions,6956,2026-09-14T15:05:06Z,Wir sind doch die Besten 🔥💫,2026-09-14T18:16:48Z,,
@phenexbillions,6957,2026-09-14T15:38:43Z,"✅ NEUER PREMIUM TRADE! ✅

Solltest du noch nicht Mitglied meiner VIP Gruppe sein, hast du soeben ein kostenloses Signal verpasst.

Schreib mir jetzt ""START"" und sichere dir deinen kostenlosen Zugang zur VIP mit 2-4 präzisen Signalen am Tag❗️

➡ @billions_vitus",2026-09-14T18:16:48Z,,
@phenexbillions,6958,2026-09-14T15:41:53Z,"TP1 hit, that’s +500 pips 🥷🏼✅

SL nach Belieben auf Break Even…",2026-09-14T18:16:48Z,,
@phenexbillions,6959,2026-09-14T15:41:57Z,Jetzt aber Break Even wieder ✅,2026-09-14T18:16:48Z,,
@phenexbillions,6960,2026-09-14T15:52:45Z,"TP2 hit, that’s +1200 pips 🥷🏼✅",2026-09-14T18:16:48Z,,
@phenexbillions,6961,2026-09-14T15:57:27Z,,2026-09-14T18:16:48Z,,
@phenexbillions,6962,2026-09-14T15:57:27Z,,2026-09-14T18:16:48Z,,
@phenexbillions,6963,2026-09-14T15:57:27Z,,2026-09-14T18:16:48Z,,
@phenexbillions,6964,2026-09-14T15:57:27Z,,2026-09-14T18:16:48Z,,
@phenexbillions,6965,2026-09-14T15:57:27Z,"So krass heute 
Mega Danke Danke Danke 🙏 ❤️❤️❤️✝️",2026-09-14T18:16:48Z,,
@phenexbillions,6966,2026-09-14T16:02:03Z,,2026-09-14T18:16:48Z,,
@phenexbillions,6967,2026-09-14T16:53:17Z,"✅ NEUER PREMIUM TRADE! ✅

Solltest du noch nicht Mitglied meiner VIP Gruppe sein, hast du soeben ein kostenloses Signal verpasst.

Schreib mir jetzt ""START"" und sichere dir deinen kostenlosen Zugang zur VIP mit 2-4 präzisen Signalen am Tag❗️

➡ @billions_vitus",2026-09-14T18:16:48Z,,
@phenexbillions,6968,2026-09-14T17:02:22Z,,2026-09-14T18:16:48Z,,
@phenexbillions,6969,2026-09-14T17:16:40Z,"TP1 hit, that’s +700 pips 🥷🏼✅

SL nach Belieben auf Break Even…",2026-09-14T18:16:48Z,,
@fxtradingvision,85320,2026-09-14T17:10:17Z,"EVERYONE JOINING THE VIP NOW GETS 🎁

10 SPOTS ARE OPEN NOW 🤝

👉 100% DEPOSIT BONUS 🎁

👉 FREE RISK MANAGEMENT PLAN WORTH $997!",2026-09-14T21:51:25Z,2026-09-14T19:37:06Z,
@fxtradingvision,85323,2026-09-14T18:55:14Z,"🚨 THIS WEEK 4 MAJOR MACRO CATALYSTS.

Sept 15–18 could trigger a major liquidity cascade across global markets:

• 🏛️ Sept 15: CLARITY Act Senate vote  
• 🏦 Sept 16: Fed rate decision  
• 🏠 Sept 17: US housing data  
• 🇯🇵 Sept 18: Japan CPI + BOJ decision  

4 days. 4 catalysts. Expect Highest Volatility.",2026-09-14T21:51:25Z,2026-09-14T18:55:16Z,
@fxtradingvision,85324,2026-09-14T19:21:10Z,"I don’t fuck with job shaming.

As long as you work hard for your money, I respect you.

But use your brains, let your money work for you.",2026-09-14T21:51:25Z,2026-09-14T19:21:10Z,
@fxtradingvision,85325,2026-09-14T19:37:01Z,"10 SPOTS to join my VIP for free are OPEN right now! ⌛️

🎁 INCLUDING A 50% DEPOSIT BONUS (to give you a head start)

Click on the link below to UNLOCK FREE ACCESS to all the trades 👇🏻😊

👉🏼 CLICK HERE TO UNLOCK FREE ACCESS 🔓",2026-09-14T21:51:25Z,2026-09-14T19:37:02Z,
@fxtradingvision,85326,2026-09-14T20:50:23Z,master thank you you are the best 🥰 thanks to you I can stay at home with my children and earn money for my dream house,2026-09-14T21:51:25Z,2026-09-14T20:50:24Z,
@fxtradingvision,85327,2026-09-14T20:50:23Z,"Mike, it honestly feels like the market follows your instructions. 99% sniper entries every time — that precision is unreal. You’re not just good… you’re a legend.” 🔥📈",2026-09-14T21:51:25Z,2026-09-14T20:50:24Z,
@fxtradingvision,85328,2026-09-14T20:54:01Z,Always love to see these kind of messages. Makes me remember what I’m doing all of this for ❤️,2026-09-14T21:51:25Z,2026-09-14T20:54:01Z,
@fxtradingvision,85329,2026-09-14T21:40:28Z,"Life is all about speed

Make sure to move quick!

You already received the instructions to get into my VIP on our DM. Follow them and you can be inside within the next 15 minutes…

SIMPLE, BE FAST, MAKE MONEY 🙏🏼",2026-09-14T21:51:25Z,2026-09-14T21:40:28Z,
@phenexbillions,6970,2026-09-14T18:52:40Z,"TP2 hit, that’s +1300 pips 🥷🏼✅",2026-09-14T21:51:34Z,,
@phenexbillions,6971,2026-09-14T18:57:48Z,"Immer noch am laufen 🚀 
Ohne dem heute schon 120€ plus",2026-09-14T21:51:34Z,,
@phenexbillions,6972,2026-09-14T19:24:02Z,"Manche Leute glauben immer noch, dass Signalgruppen nicht echt sind… In meiner VIP Gruppe erhältst du täglich 2–4 präzise Signale mit über 93% Trefferquote – klare, strukturierte Setups statt leeren Versprechen. Gehe jetzt deinen ersten Schritt in Richtung finanzieller Freiheit.

Schreib mir ""START"" und sichere dir deinen kostenlosen Zugang, wenn du bereit bist, die Kontrolle über dein Einkommen selbst zu übernehmen.

➡️ @billions_vitus",2026-09-14T21:51:34Z,,
@phenexbillions,6973,2026-09-14T19:27:44Z,,2026-09-14T21:51:34Z,,
@phenexbillions,6974,2026-09-14T19:43:20Z,"TP3 hit, that’s +2500 pips 🥷🏼✅",2026-09-14T21:51:34Z,,
@phenexbillions,6975,2026-09-14T19:54:21Z,🦅🦅🦅,2026-09-14T21:51:34Z,,
@fxtradingvision,85325,2026-09-14T19:37:01Z,"10 SPOTS to join my VIP for free are OPEN right now! ⌛️

🎁 INCLUDING A 50% DEPOSIT BONUS (to give you a head start)

Click on the link below to UNLOCK FREE ACCESS to all the trades 👇🏻😊",2026-09-15T00:03:07Z,2026-09-14T22:01:19Z,
@fxtradingvision,85330,2026-09-14T21:57:01Z,"Tomorrow we kill it again 🚀 be ready for fireworks 🤑🤑 I’ll stay active for the next 1,5 hour to onboard new people…

Good night, see you tomorrow!",2026-09-15T00:03:07Z,2026-09-14T21:57:02Z,
@fxtradingvision,85331,2026-09-14T22:01:12Z,"TODAY'S RESULTS IN MY VIP GROUP
September 14, 2026

📊 Trades shared: 25
✅ Win: 16
❌ Loss: 0
⚡ Still running: 9

>> Win-ratio: 100.0%

Another day of firework! This is what consistency looks like when you follow a proven system 💪🏼
Don't miss the action! Just send me a personal message and I'll help you to get inside the VIP for free 👇🏼

🔵 CLICK HERE to be onboarded to the VIP (FREE) 🤝",2026-09-15T00:03:07Z,2026-09-14T22:01:13Z,
@phenexbillions,6976,2026-09-14T21:57:17Z,"Danke für dein starkes Signal 🏁👍😍💰💰
Gern oben auf das Startgeld achten.
Hier geht was ab ! 🥳🥳🙏🔥🔥🤑",2026-09-15T00:03:16Z,,
@fxtradingvision,85331,2026-09-14T22:01:12Z,"TODAY'S RESULTS IN MY VIP GROUP
September 14, 2026

📊 Trades shared: 25
✅ Win: 16
❌ Loss: 0
⚡ Still running: 9

>> Win-ratio: 100.0%

Another day of firework! This is what consistency looks like when you follow a proven system 💪🏼",2026-09-15T04:56:05Z,2026-09-15T03:34:06Z,
@fxtradingvision,85332,2026-09-15T02:32:01Z,"GOOD MORNING 

Yes, it’s early (if you are in European timezone). For all the early risers on the Monday, I see you! 

You are the ones that will probably achieve the most SOON. What we always like to say in the office: Early birds catch the best worms :)",2026-09-15T04:56:05Z,2026-09-15T02:32:02Z,
@fxtradingvision,85333,2026-09-15T02:41:01Z,"I’m heading to the gym now to start the day STRONG 

Healthy body = Healthy mind

And that’s what we need to stay sharp in these markets 🤑🤑",2026-09-15T04:56:05Z,2026-09-15T02:41:01Z,
@fxtradingvision,85334,2026-09-15T03:32:01Z,,2026-09-15T04:56:05Z,2026-09-15T03:32:01Z,
@fxtradingvision,85335,2026-09-15T03:34:01Z,Let’s kill it today! If you want to copy all my GOLD trades for free…,2026-09-15T04:56:05Z,2026-09-15T04:27:06Z,
@fxtradingvision,85336,2026-09-15T04:10:10Z,"Thanks so much... The money hit my bank account this morning.

I'm heading to get the settee right away... This is my first major withdrawal since I started venturing into Forex Trading in 2021. 

You made this happened for me Mike. God bless you again.",2026-09-15T04:56:05Z,2026-09-15T04:10:10Z,
@fxtradingvision,85337,2026-09-15T04:27:01Z,"Already helped 25 new VIP members get their full access this morning, they are now 100% ready to make money inside the community 🙏🏼❤️

And to everyone waiting to be onboarded.. I will be with you asap. MAKE SURE TO FOLLOW THE INSTRUCTIONS IF YOU WANT TO JOIN IN THE NEXT 20 MINUTES - the steps should all be straightforward so when done I can get you up and running immediately

If you didn’t receive the instructions yet.. 👉🏻 CLICK HERE to get FREE ACCESS to the VIP ‼️",2026-09-15T04:56:05Z,2026-09-15T04:27:01Z,
@fxtradingvision,85337,2026-09-15T04:27:01Z,"Already helped 25 new VIP members get their full access this morning, they are now 100% ready to make money inside the community 🙏🏼❤️

And to everyone waiting to be onboarded.. I will be with you asap. MAKE SURE TO FOLLOW THE INSTRUCTIONS IF YOU WANT TO JOIN IN THE NEXT 20 MINUTES - the steps should all be straightforward so when done I can get you up and running immediately",2026-09-15T09:41:14Z,2026-09-15T05:00:19Z,
@fxtradingvision,85338,2026-09-15T05:00:12Z,"YESTERDAY'S RESULTS IN MY VIP GROUP
September 14, 2026

📊 Trades shared: 25
✅ Win: 16
❌ Loss: 0
⚡ Still running: 9

>> Win-ratio: 100.0%

And guess what? Today is going to be even better! I'm already at the charts preparing the next setups for my VIP community 🚀",2026-09-15T09:41:14Z,2026-09-15T07:11:06Z,
@fxtradingvision,85339,2026-09-15T05:44:01Z,,2026-09-15T09:41:14Z,2026-09-15T05:44:02Z,
@fxtradingvision,85340,2026-09-15T06:38:01Z,,2026-09-15T09:41:14Z,2026-09-15T06:38:01Z,
@fxtradingvision,85341,2026-09-15T06:38:01Z,"Yes, first day in the VIP! Thank you!!",2026-09-15T09:41:14Z,2026-09-15T06:38:01Z,
@fxtradingvision,85342,2026-09-15T06:38:01Z,,2026-09-15T09:41:14Z,2026-09-15T06:38:01Z,
@fxtradingvision,85343,2026-09-15T07:07:08Z,Are you ready for today? 🚀,2026-09-15T09:41:14Z,2026-09-15T07:07:08Z,
@fxtradingvision,85344,2026-09-15T07:11:01Z,"This is for my early risers… the real action takers…

I will open 15 spots right now for FREE 1-on-1 mentorship by me personally and full access to my trading course + all the trades in the VIP 💥

100% FREE, YOU DONT PAY ME A SINGLE DOLLAR 🫡",2026-09-15T09:41:14Z,2026-09-15T08:25:19Z,
@fxtradingvision,85345,2026-09-15T07:52:15Z,OPEN NEW GOLD SELLS,2026-09-15T09:41:14Z,2026-09-15T07:52:16Z,
@fxtradingvision,85346,2026-09-15T07:53:01Z,"NEW TRADE IDEA

XAUUSD SELL 4280

TP 1 4276
TP 2 4275
TP 3 4250

SL @ 4305

Trade accordingly and only trade with money you can afford to LOSE.",2026-09-15T09:41:14Z,2026-09-15T07:53:01Z,
@fxtradingvision,85347,2026-09-15T07:58:31Z,"LIVE FREE GOLD TRADE

SHOW ME THE LIKES",2026-09-15T09:41:14Z,2026-09-15T07:58:31Z,
@fxtradingvision,85348,2026-09-15T08:01:06Z,"TP 1 & 2 are BOTH hit ✅

+ 180 pips profit secured as we used double lotsize 🔥🔥🔥

Move your SL back to entry.",2026-09-15T09:41:14Z,2026-09-15T08:01:07Z,
@fxtradingvision,85349,2026-09-15T08:04:18Z,"EASY AS THAT!

DID EVERYONE MAKE PROFITS?",2026-09-15T09:41:14Z,2026-09-15T08:04:19Z,
@fxtradingvision,85350,2026-09-15T08:16:23Z,"Do you want a new VIP gold trade?

Show me the likes….",2026-09-15T09:41:14Z,2026-09-15T08:16:24Z,
@fxtradingvision,85351,2026-09-15T08:22:01Z,"Get out of bed and start this day the right way, take action! 

Your life is not a joke also don’t treat it like that. You have to get everything yourself, there is nobody that will give you success on a golden plate 🍽️",2026-09-15T09:41:14Z,2026-09-15T08:22:01Z,
@fxtradingvision,85353,2026-09-15T08:26:25Z,"THIS WEEK'S RESULTS IN MY VIP GROUP (so far)
Week 38, 2026

📊 Trades shared: 17
✅ Win: 17
❌ Loss: 0

>> Win-ratio: 100.0%

Another day, another opportunity to print! Don't miss today's trades 🔔

WANT TO COPY ALL MY TRADES? Click the button below to get FREE ACCESS to my VIP 👇🏻",2026-09-15T09:41:14Z,2026-09-15T08:26:26Z,
@fxtradingvision,85355,2026-09-15T09:08:34Z,"TP 1 & 2 are BOTH hit ✅

+ 180 pips profit secured as we used double lotsize 🔥🔥🔥

Move your SL back to entry.",2026-09-15T09:41:14Z,2026-09-15T09:08:35Z,
@fxtradingvision,85356,2026-09-15T09:14:01Z,,2026-09-15T09:41:14Z,2026-09-15T09:14:01Z,
@phenexbillions,6977,2026-09-15T05:15:41Z,"☀️ Guten Morgen Trader – nach einem starken Montag starten wir heute mit genau dem Momentum, das wir uns erarbeitet haben. Die Setups haben gesessen, die Ergebnisse sprechen für sich und genau daran knüpfen wir jetzt an.

Neue Chancen liegen bereit, der Fokus ist da und wir gehen vorbereitet in den Tag. Wenn du gestern noch nicht mit verdient hast schreib mir heute ""START"" um kostenlos in der VIP Gruppe dabei zu sein!

➡ @billions_vitus",2026-09-15T09:41:23Z,,
@phenexbillions,6978,2026-09-15T07:52:28Z,"TP1 hit, that’s +500 pips 🚀✅

SL nach Belieben auf Break Even…",2026-09-15T09:41:23Z,,
@phenexbillions,6979,2026-09-15T07:52:33Z,100+ Pips - Erst mal ein Kaffee ☕️🥷🏼,2026-09-15T09:41:23Z,,
@phenexbillions,6980,2026-09-15T08:09:40Z,"TP4 hit, that’s +5200 pips 🥷🏼✅",2026-09-15T09:41:23Z,,
@phenexbillions,6981,2026-09-15T09:23:44Z,"Schlecht Einstiege im Gewinn raus gute auf Break Even absichern und laufen lassen 💯

+115 Pips 🤑✅",2026-09-15T09:41:23Z,,
@phenexbillions,6982,2026-09-15T09:38:24Z,"TP1 hit, that’s +500 pips 🚀✅

SL nach Belieben auf Break Even…",2026-09-15T09:41:23Z,,
@fxtradingvision,85358,2026-09-15T11:05:08Z,"What’s up….

Do you want a new VIP gold trade?",2026-09-15T14:31:48Z,2026-09-15T11:05:09Z,
@fxtradingvision,85359,2026-09-15T11:41:01Z,,2026-09-15T14:31:48Z,2026-09-15T11:41:02Z,
@fxtradingvision,85360,2026-09-15T11:45:32Z,"Listen carefully….

Why? Are you lazy? Are you scared? Do you like your comfort zone?

What is it… I don’t get it",2026-09-15T14:31:48Z,2026-09-15T11:45:33Z,
@fxtradingvision,85361,2026-09-15T12:07:02Z,"TP 1 & 2 are BOTH hit ✅

+ 180 pips profit secured as we used double lotsize 🔥🔥🔥

Move your SL back to entry.",2026-09-15T14:31:48Z,2026-09-15T12:07:02Z,
@fxtradingvision,85362,2026-09-15T12:23:14Z,VIP is having a nice win-streak ☕️,2026-09-15T14:31:48Z,2026-09-15T12:23:16Z,
@fxtradingvision,85363,2026-09-15T12:29:57Z,"TP 1 & 2 are BOTH hit ✅

+ 180 pips profit secured as we used double lotsize 🔥🔥🔥

Move your SL back to entry.",2026-09-15T14:31:48Z,2026-09-15T12:29:58Z,
@fxtradingvision,85364,2026-09-15T12:31:31Z,"Some important trading rules ⚠️

👉 Make peace with your losses and accept that’s just part of trading, nobody wins 100% of the trades.

👉 Risk management is key, don’t trade emotional.

👉 Don’t compare your trades with others and don’t listen to people. Trading is a subjective game, everyone reads the chart different.

👉Don’t think too much, just take action.",2026-09-15T14:31:48Z,2026-09-15T12:31:32Z,
@fxtradingvision,85365,2026-09-15T12:56:03Z,OPEN GOLD SELLS,2026-09-15T14:31:48Z,2026-09-15T12:56:04Z,
@fxtradingvision,85366,2026-09-15T12:57:04Z,"NEW TRADE IDEA

XAUUSD SELL 4292

TP 1 4288
TP 2 4287
TP 3 4260

SL @ 4320

Trade accordingly and only trade with money you can afford to LOSE.",2026-09-15T14:31:48Z,2026-09-15T12:57:04Z,
@fxtradingvision,85367,2026-09-15T12:57:32Z,"TP 1 & 2 are BOTH hit ✅

+ 180 pips profit secured as we used double lotsize 🔥🔥🔥

Move your SL back to entry.",2026-09-15T14:31:48Z,2026-09-15T12:57:33Z,
@fxtradingvision,85368,2026-09-15T13:06:50Z,"New trade on GOLD shared in the VIP ☕️

Which direction? Buy or Sell?

👉 CLICK HERE TO CLAIM YOUR SPOT & UNLOCK ALL THE TRADES",2026-09-15T14:31:48Z,2026-09-15T13:06:51Z,2026-09-15T18:26:57Z
@fxtradingvision,85369,2026-09-15T13:40:05Z,"TP 1 & 2 are BOTH hit ✅

+ 180 pips profit secured as we used double lotsize 🔥🔥🔥

Move your SL back to entry.",2026-09-15T14:31:48Z,2026-09-15T13:40:06Z,
@phenexbillions,6983,2026-09-15T09:49:15Z,,2026-09-15T14:31:57Z,,
@phenexbillions,6984,2026-09-15T09:49:51Z,,2026-09-15T14:31:57Z,,
@phenexbillions,6985,2026-09-15T10:07:28Z,"TP2 hit, that’s +1300 pips 🚀✅",2026-09-15T14:31:57Z,,
@phenexbillions,6986,2026-09-15T10:18:34Z,Ideal 🙏😁,2026-09-15T14:31:57Z,,
@phenexbillions,6987,2026-09-15T10:36:24Z,"✅ NEUER PREMIUM TRADE! ✅

Solltest du noch nicht Mitglied meiner VIP Gruppe sein, hast du soeben ein kostenloses Signal verpasst.

Schreib mir jetzt ""START"" und sichere dir deinen kostenlosen Zugang zur VIP mit 2-4 präzisen Signalen am Tag❗️

➡ @billions_vitus",2026-09-15T14:31:57Z,,
@phenexbillions,6988,2026-09-15T10:52:20Z,Bissl Profit nehmen wer will ✅,2026-09-15T14:31:57Z,,
@phenexbillions,6989,2026-09-15T10:53:32Z,,2026-09-15T14:31:57Z,,
@phenexbillions,6990,2026-09-15T10:57:43Z,"TP3 hit, that’s +2300 pips 🚀✅",2026-09-15T14:31:57Z,,
@phenexbillions,6991,2026-09-15T11:11:13Z,"Letzten Buy leider verpasst, vielen Dank",2026-09-15T14:31:57Z,,
@phenexbillions,6992,2026-09-15T12:07:27Z,"✅ NEUER PREMIUM TRADE! ✅

Solltest du noch nicht Mitglied meiner VIP Gruppe sein, hast du soeben ein kostenloses Signal verpasst.

Schreib mir jetzt ""START"" und sichere dir deinen kostenlosen Zugang zur VIP mit 2-4 präzisen Signalen am Tag❗️

➡ @billions_vitus",2026-09-15T14:31:57Z,,
@phenexbillions,6993,2026-09-15T12:11:41Z,"TP1 hit, that’s +400 pips 🥷🏼✅

SL nach Belieben auf Break Even…",2026-09-15T14:31:57Z,,
@phenexbillions,6994,2026-09-15T12:20:43Z,"TP2 hit, that’s +1100 pips 🥷🏼✅",2026-09-15T14:31:57Z,,
@phenexbillions,6995,2026-09-15T12:33:22Z,Vitus XAU Chef 😂👍,2026-09-15T14:31:57Z,,
@phenexbillions,6996,2026-09-15T13:15:31Z,,2026-09-15T14:31:57Z,,
@fxtradingvision,85370,2026-09-15T15:18:23Z,"⚠️YES, OUR VIP IS CURRENTLY FREE… 

AT 4000 MEMBERS IT WILL BE PAID…

4 MORE FREE SPOTS LEFT 🐸",2026-09-15T18:26:57Z,2026-09-15T15:18:23Z,
@fxtradingvision,85371,2026-09-15T16:00:11Z,"THIS WEEK'S RESULTS IN MY VIP GROUP (so far)
Week 38, 2026

📊 Trades shared: 23
✅ Win: 23
❌ Loss: 0

>> Win-ratio: 100.0%

Two days, two incredible sessions! The momentum is building and the best is yet to come this week 💪🏼 Don't wait until Friday to join... you'll regret the trades you missed.

WANT TO COPY ALL MY TRADES? Click the button below to get FREE ACCESS to my VIP 👇🏻",2026-09-15T18:26:57Z,2026-09-15T16:00:13Z,
@fxtradingvision,85373,2026-09-15T16:27:01Z,"GUYS.. no funded account passing slots available right now. 

Don't spam me about it, it won't change anything.

All I'm going to say is this…

DO NOT buy your funded account yet. 

Something HUGE is coming. Trust me you won't see it coming. 🧙",2026-09-15T18:26:57Z,2026-09-15T16:27:01Z,
@fxtradingvision,85374,2026-09-15T16:38:22Z,"NEW TRADE IDEA

XAUUSD BUY 4294

TP 1 4298
TP 2 4299
TP 3 4320

SL @ 4275

Trade accordingly and only trade with money you can afford to LOSE.",2026-09-15T18:26:57Z,2026-09-15T16:38:23Z,
@fxtradingvision,85375,2026-09-15T16:54:56Z,"TP 1 & 2 are BOTH hit ✅

+ 180 pips profit secured as we used double lotsize 🔥🔥🔥

Move your SL back to entry.",2026-09-15T18:26:57Z,2026-09-15T16:54:56Z,
@phenexbillions,6997,2026-09-15T15:02:59Z,,2026-09-15T18:27:07Z,,
@phenexbillions,6998,2026-09-15T15:02:59Z,,2026-09-15T18:27:07Z,,
@phenexbillions,6999,2026-09-15T15:02:59Z,,2026-09-15T18:27:07Z,,
@phenexbillions,7000,2026-09-15T15:02:59Z,A Traum Einfach so  Mega  Danke Danke Danke  Vitus 🙏  Gottes Segen ✝️,2026-09-15T18:27:07Z,,
@fxtradingvision,85376,2026-09-15T19:01:36Z,"Let’s enjoy the night…

Heavy target hits today ☕️",2026-09-15T21:42:49Z,2026-09-15T19:01:37Z,
@fxtradingvision,85377,2026-09-15T19:38:01Z,,2026-09-15T21:42:49Z,2026-09-15T19:38:01Z,
@fxtradingvision,85379,2026-09-15T21:38:01Z,"FROM BARTENDER TO FULL-TIME TRADER 🍸➡📈

A couple of years ago, I was working in a restaurant, grinding long hours, coming home exhausted, and wondering if things would ever change. I knew I wanted more out of life, but I didn’t know where to start 😅

That all shifted when I got into forex trading.

I didn’t have a finance background, I didn’t know any traders, I just had the drive to learn and the hunger to change my life. I studied, made mistakes, learned from them and eventually started seeing results. Fast forward to today I trade full-time while enjoying the freedom I used to only dream about

The truth is, anyone can do this with the right mindset and the right guidance. You don’t need to be a genius. You just need the right support

That’s why I created a trading program in my VIP community. In the program, I share the exact tools and strategies that changed my life. You’ll get:

✅ Accurate daily trade signals
✅ Proven strategies explained step-by-step
✅ Real-time support and insights
✅ A private community of serious traders

This is your chance to stop watching others win and start doing it yourself 🧏🏻‍♂️

If you are serious and want to take this opportunity, send me a DM with the word “START” for free VIP access! Just CLICK HERE TO DIRECTLY GET IN CONTACT WITH ME or message me on @TradingVisionHelpdesk

Let’s get to work",2026-09-15T21:42:49Z,2026-09-15T21:38:01Z,
@fxtradingvision,85380,2026-09-15T21:38:01Z,,2026-09-15T21:42:49Z,,
@phenexbillions,7001,2026-09-15T19:09:15Z,"🌙  Gute Nacht Trader 

Die meisten schauen Netflix oder sind nicht produktiv, aber genau jetzt entsteht der Abstand zwischen Durchschnitt und Erfolg.

Wenn du wirklich mehr willst, dann hör auf dich selbst auszubremsen. Jeder Profit, jeder TP, jede Veränderung beginnt mit einer Entscheidung – und die triffst nur du. 

Die letzten Tage haben gezeigt, was möglich ist, wenn man dranbleibt: Präzise Signale, führen zu echten Resultaten. Und genau das wartet morgen wieder.🚀

Wenn du bereit bist endlich was zu verändern ➡️ schreib „START“ und geh den ersten Schritt.

➡ @billions_vitus",2026-09-15T21:42:59Z,,
@phenexbillions,7002,2026-09-15T19:27:36Z,"TP4 hit, that’s +5000 pips 🚀✅",2026-09-15T21:42:59Z,,
@fxtradingvision,85325,2026-09-14T19:37:01Z,,2026-09-15T23:47:31Z,2026-09-15T22:01:24Z,
@fxtradingvision,85379,2026-09-15T21:38:01Z,"FROM BARTENDER TO FULL-TIME TRADER 🍸➡📈

A couple of years ago, I was working in a restaurant, grinding long hours, coming home exhausted, and wondering if things would ever change. I knew I wanted more out of life, but I didn’t know where to start 😅

That all shifted when I got into forex trading.

I didn’t have a finance background, I didn’t know any traders, I just had the drive to learn and the hunger to change my life. I studied, made mistakes, learned from them and eventually started seeing results. Fast forward to today I trade full-time while enjoying the freedom I used to only dream about

The truth is, anyone can do this with the right mindset and the right guidance. You don’t need to be a genius. You just need the right support

That’s why I created a trading program in my VIP community. In the program, I share the exact tools and strategies that changed my life. You’ll get:

✅ Accurate daily trade signals
✅ Proven strategies explained step-by-step
✅ Real-time support and insights
✅ A private community of serious traders

This is your chance to stop watching others win and start doing it yourself 🧏🏻‍♂️",2026-09-15T23:47:31Z,2026-09-15T22:01:18Z,
@fxtradingvision,85381,2026-09-15T22:01:11Z,"TODAY'S RESULTS IN MY VIP GROUP
September 15, 2026

📊 Trades shared: 11
✅ Win: 9
❌ Loss: 0
⚡ Still running: 2

>> Win-ratio: 100.0%

And tomorrow we continue! Absolutely amazing day, I'm looking forward to the rest of the week with A LOT of trades 🙏🏼🚀
Don't miss the action! Just send me a personal message and I'll help you to get inside the VIP for free 👇🏼

🔵 CLICK HERE to be onboarded to the VIP (FREE) 🤝",2026-09-15T23:47:31Z,2026-09-15T22:01:12Z,
@phenexbillions,7003,2026-09-15T23:33:00Z,Auf Break Even gute Nacht 💤,2026-09-15T23:47:40Z,,
@phenexbillions,7004,2026-09-15T23:34:42Z,"TP1 hit, that’s +500 pips 🚀✅

SL nach Belieben auf Break Even…",2026-09-15T23:47:40Z,,
@fxtradingvision,85381,2026-09-15T22:01:11Z,"TODAY'S RESULTS IN MY VIP GROUP
September 15, 2026

📊 Trades shared: 11
✅ Win: 9
❌ Loss: 0
⚡ Still running: 2

>> Win-ratio: 100.0%",2026-09-16T07:06:58Z,2026-09-16T03:57:05Z,
@fxtradingvision,85382,2026-09-16T02:38:01Z,"Good morning lads 🫡

We’re halfway through the trading week… time to step it up! 

The weekly candle is now getting clear. This means trades will become more accurate and that obviously means more PROFITS 🤑

I’ll be at the charts in about 1 hour. Will first get my workout in and then we smash the day 

LET’S GO",2026-09-16T07:06:58Z,2026-09-16T02:38:01Z,
@fxtradingvision,85383,2026-09-16T03:16:01Z,"Heading to the office… time to kill the charts… 

EVERYBODY READY FOR A PROFITABLE DAY?!",2026-09-16T07:06:58Z,2026-09-16T03:16:02Z,
@fxtradingvision,85384,2026-09-16T03:41:01Z,,2026-09-16T07:06:58Z,2026-09-16T03:41:01Z,
@fxtradingvision,85385,2026-09-16T03:57:01Z,"I will open 10 spots RIGHT NOW for my VIP group where I will personally guide you to profitability in forex trading 💰

You will receive: 
✅ 5-6 trades per day
✅ Full explanation on risk management + trading course
✅ Live market updates 
✅ 1-on-1 guidance (from me)",2026-09-16T07:06:58Z,2026-09-16T05:00:19Z,
@fxtradingvision,85386,2026-09-16T04:44:01Z,,2026-09-16T07:06:58Z,2026-09-16T04:44:01Z,
@fxtradingvision,85387,2026-09-16T05:00:12Z,"YESTERDAY'S RESULTS IN MY VIP GROUP
September 15, 2026

📊 Trades shared: 11
✅ Win: 9
❌ Loss: 0
⚡ Still running: 2

>> Win-ratio: 100.0%",2026-09-16T07:06:58Z,2026-09-16T06:33:06Z,
@fxtradingvision,85388,2026-09-16T05:26:01Z,,2026-09-16T07:06:58Z,2026-09-16T05:26:01Z,
@fxtradingvision,85389,2026-09-16T06:33:01Z,"I’m going to share the next trade into the VIP within 45 minutes from now. It looks really nice, don’t miss out and start copying my trades TODAY! Click the button below to get free instant access 👇🏻👇🏻

ℹ️➡️ GET FREE INSTANT ACCESS HERE",2026-09-16T07:06:58Z,2026-09-16T06:33:01Z,
@fxtradingvision,85390,2026-09-16T06:58:01Z,"It is still early. 

Make sure to follow the instructions I sent in the DM so you can join the community TODAY and make your first profits TODAY! (if you didn’t receive them yet message me and I’ll help you out)",2026-09-16T07:06:58Z,2026-09-16T06:58:01Z,
@phenexbillions,7005,2026-09-16T06:57:38Z,"TP2 hit, that’s +1200 pips 🚀✅",2026-09-16T07:07:08Z,,
@phenexbillions,7006,2026-09-16T06:57:42Z,"TP3 hit, that’s +2000 pips 🚀✅",2026-09-16T07:07:08Z,,
@phenexbillions,7007,2026-09-16T06:57:47Z,"TP4 hit, that’s +5500 pips 🚀✅",2026-09-16T07:07:08Z,,
@phenexbillions,7008,2026-09-16T06:57:56Z,"☀️ Guten Morgen Trader, der Tag ist da und der Markt bringt neue Bewegung. Wer jetzt klar im Kopf ist, erkennt Chancen bevor sie offensichtlich werden. Es geht nicht ums Hoffen, sondern ums saubere Umsetzen im richtigen Moment. Trading belohnt Präsenz, Struktur und Timing. Heute heißt es: Profite holen.

Wenn du meinen kostenlosen Service kennenlernen willst und direkt mitziehen möchtest, schreib mir ""START"".

➡ @billions_vitus",2026-09-16T07:07:08Z,,
@fxtradingvision,85389,2026-09-16T06:33:01Z,"I’m going to share the next trade into the VIP within 45 minutes from now. It looks really nice, don’t miss out and start copying my trades TODAY! Click the button below to get free instant access 👇🏻👇🏻",2026-09-16T12:36:56Z,2026-09-16T08:21:04Z,
@fxtradingvision,85391,2026-09-16T07:21:01Z,,2026-09-16T12:36:56Z,2026-09-16T07:21:01Z,
@fxtradingvision,85392,2026-09-16T08:07:32Z,Open gold buys,2026-09-16T12:36:56Z,2026-09-16T08:07:32Z,
@fxtradingvision,85393,2026-09-16T08:10:18Z,"NEW TRADE IDEA

XAUUSD BUY 4324

TP 1 4328
TP 2 4329
TP 3 4350

SL @ 4300

Trade accordingly and only trade with money you can afford to LOSE.",2026-09-16T12:36:56Z,2026-09-16T08:10:18Z,
@fxtradingvision,85394,2026-09-16T08:16:04Z,"TP 1 & 2 are BOTH hit ✅

+ 180 pips profit secured as we used double lotsize 🔥🔥🔥

Move your SL back to entry.",2026-09-16T12:36:56Z,2026-09-16T08:16:05Z,
@fxtradingvision,85395,2026-09-16T08:21:00Z,"THIS WEEK'S RESULTS IN MY VIP GROUP (so far)
Week 38, 2026

📊 Trades shared: 26
✅ Win: 26
❌ Loss: 0

>> Win-ratio: 100.0%

Today we will continue! I expect many more great trades, don't miss it! 🔔

WANT TO COPY ALL MY TRADES? Click the button below to get FREE ACCESS to my VIP 👇🏻",2026-09-16T12:36:56Z,2026-09-16T08:21:00Z,
@fxtradingvision,85396,2026-09-16T08:21:00Z,,2026-09-16T12:36:56Z,,
@fxtradingvision,85397,2026-09-16T09:07:12Z,"What a perfect trade…

Did you catch it?",2026-09-16T12:36:56Z,2026-09-16T09:07:13Z,
@fxtradingvision,85398,2026-09-16T09:39:51Z,DO YOU WANT A NEW VIP GOLD TRADE?,2026-09-16T12:36:56Z,2026-09-16T09:39:52Z,
@fxtradingvision,85399,2026-09-16T09:40:35Z,Show me the likes…,2026-09-16T12:36:56Z,2026-09-16T09:40:36Z,
@fxtradingvision,85400,2026-09-16T09:44:09Z,Be ready…,2026-09-16T12:36:56Z,2026-09-16T09:44:09Z,
@fxtradingvision,85401,2026-09-16T09:49:43Z,"NEW TRADE IDEA

XAUUSD BUY STOP 4341

TP 1 4345
TP 2 4346
TP 3 4370

SL @ 4315

Trade accordingly and only trade with money you can afford to LOSE.

WAIT FOR 4341 TO ENTER & USE HIGH LOT.",2026-09-16T12:36:56Z,2026-09-16T09:49:44Z,
@fxtradingvision,85402,2026-09-16T09:57:43Z,BE READY TO EXCECUTE.,2026-09-16T12:36:56Z,2026-09-16T09:57:44Z,
@fxtradingvision,85403,2026-09-16T10:10:52Z,"TP 1 & 2 are BOTH hit ✅

+ 180 pips profit secured as we used double lotsize 🔥🔥🔥

Move your SL back to entry.",2026-09-16T12:36:56Z,2026-09-16T10:10:54Z,
@fxtradingvision,85404,2026-09-16T10:11:49Z,"WHAT A TRADE….

Did you use high lot?",2026-09-16T12:36:56Z,2026-09-16T10:11:49Z,
@fxtradingvision,85405,2026-09-16T10:18:02Z,"Nice… enjoy your profits 🤝❤️

The rest of the day everything will be VIP-ONLY.",2026-09-16T12:36:56Z,2026-09-16T10:18:03Z,
@fxtradingvision,85406,2026-09-16T11:00:52Z,"New trade on GOLD shared in the VIP ☕️

Which direction? Buy or Sell?

👉 CLICK HERE TO CLAIM YOUR SPOT & UNLOCK ALL THE TRADES",2026-09-16T12:36:56Z,2026-09-16T11:00:53Z,2026-09-16T17:15:34Z
@fxtradingvision,85407,2026-09-16T11:21:01Z,,2026-09-16T12:36:56Z,2026-09-16T11:21:01Z,
@fxtradingvision,85408,2026-09-16T12:06:34Z,Do you want one more VIP gold trade?,2026-09-16T12:36:56Z,2026-09-16T12:06:36Z,
@fxtradingvision,85409,2026-09-16T12:09:41Z,Show me more likes,2026-09-16T12:36:56Z,2026-09-16T12:09:41Z,
@fxtradingvision,85410,2026-09-16T12:10:47Z,"NEW TRADE IDEA

XAUUSD BUY STOP 4354

TP 1 4358
TP 2 4359
TP 3 4390

SL @ 4335

Trade accordingly and only trade with money you can afford to LOSE.

USE HIGH LOT if it touches 4354",2026-09-16T12:36:56Z,2026-09-16T12:10:48Z,
@fxtradingvision,85411,2026-09-16T12:12:24Z,Only enter if it comes to 4354.,2026-09-16T12:36:56Z,2026-09-16T12:12:26Z,
@fxtradingvision,85412,2026-09-16T12:34:38Z,"LIVE FREE GOLD TRADE

WAITING TO BE ACTIVATED

WHERE ARE THE LIKES",2026-09-16T12:36:56Z,2026-09-16T12:34:39Z,
@phenexbillions,7009,2026-09-16T07:58:35Z,"✅ NEUER PREMIUM TRADE! ✅

Solltest du noch nicht Mitglied meiner VIP Gruppe sein, hast du soeben ein kostenloses Signal verpasst.

Schreib mir jetzt ""START"" und sichere dir deinen kostenlosen Zugang zur VIP mit 2-4 präzisen Signalen am Tag❗️

➡ @billions_vitus",2026-09-16T12:37:05Z,,
@phenexbillions,7010,2026-09-16T08:03:01Z,"TP1 hit, that’s +300 pips 🥷🏼✅

SL nach Belieben auf Break Even…",2026-09-16T12:37:05Z,,
@phenexbillions,7011,2026-09-16T08:03:04Z,"TP2 hit, that’s +700 pips 🥷🏼✅",2026-09-16T12:37:05Z,,
@phenexbillions,7012,2026-09-16T08:09:45Z,100+ Pips… Guten Morgen… ☕️,2026-09-16T12:37:05Z,,
@phenexbillions,7013,2026-09-16T08:31:30Z,"TP1 hit, that’s +700 pips 🥷🏼✅

SL nach Belieben auf Break Even…",2026-09-16T12:37:05Z,,
@phenexbillions,7014,2026-09-16T08:39:13Z,"TP2 hit, that’s +1100 pips 🥷🏼✅",2026-09-16T12:37:05Z,,
@phenexbillions,7015,2026-09-16T08:47:33Z,,2026-09-16T12:37:05Z,,
@phenexbillions,7016,2026-09-16T08:47:38Z,Krank :),2026-09-16T12:37:05Z,,
@phenexbillions,7017,2026-09-16T09:01:03Z,"Bin gespannt wo die Reise hingeht Bro ! 
Krank einfach .. lieg am Strand von Italien und kann Geld verdienen",2026-09-16T12:37:05Z,,
@phenexbillions,7018,2026-09-16T10:05:36Z,,2026-09-16T12:37:05Z,,
@phenexbillions,7019,2026-09-16T10:05:39Z,"So kann der Tag erfolgreich beginnen. Einfach Mega schön 
Danke dir von ganzem Herzen ❤️🙏✝️",2026-09-16T12:37:05Z,,
@phenexbillions,7020,2026-09-16T10:52:51Z,"✅ NEUER PREMIUM TRADE! ✅

Solltest du noch nicht Mitglied meiner VIP Gruppe sein, hast du soeben ein kostenloses Signal verpasst.

Schreib mir jetzt ""START"" und sichere dir deinen kostenlosen Zugang zur VIP mit 2-4 präzisen Signalen am Tag❗️

➡ @billions_vitus",2026-09-16T12:37:05Z,,
@phenexbillions,7021,2026-09-16T11:05:27Z,Dankeschön lieber Vitus🙏🏻,2026-09-16T12:37:05Z,,
@phenexbillions,7022,2026-09-16T11:05:27Z,,2026-09-16T12:37:05Z,,
@phenexbillions,7023,2026-09-16T12:01:24Z,Die zwei Positionen haben bei mir auf Break Even überlebt 💯,2026-09-16T12:37:05Z,,
@phenexbillions,7024,2026-09-16T12:21:25Z,"TP2 hit, that’s +1300 pips 🥷🏼✅ 

(Wer die Zone gehalten hat)",2026-09-16T12:37:05Z,,
@fxtradingvision,85413,2026-09-16T12:43:47Z,If this trade hits the target everything will be VIP only this week,2026-09-16T17:15:34Z,2026-09-16T12:43:48Z,
@fxtradingvision,85414,2026-09-16T12:44:18Z,,2026-09-16T17:15:34Z,2026-09-16T12:44:18Z,
@fxtradingvision,85415,2026-09-16T12:54:02Z,BE READY TO EXCECUTE.,2026-09-16T17:15:34Z,2026-09-16T12:54:03Z,
@fxtradingvision,85416,2026-09-16T12:57:07Z,"FASTEN YOUR SEATBELTS.

Once it goes up, it will fly.",2026-09-16T17:15:34Z,2026-09-16T12:57:08Z,
@fxtradingvision,85417,2026-09-16T13:13:22Z,ACTIVATED.,2026-09-16T17:15:34Z,2026-09-16T13:13:23Z,
@fxtradingvision,85418,2026-09-16T13:15:23Z,"TP 1 & 2 are BOTH hit ✅

+ 180 pips profit secured as we used double lotsize 🔥🔥🔥

Move your SL back to entry.",2026-09-16T17:15:34Z,2026-09-16T13:15:25Z,
@fxtradingvision,85419,2026-09-16T13:15:30Z,B00M… that’s how we do it baby.,2026-09-16T17:15:34Z,2026-09-16T13:15:31Z,
@fxtradingvision,85420,2026-09-16T13:31:18Z,"Let’s see 300 of you said that they want to join the VIP after we hit the targets.

Rest of the week all our trades will be shared only inside our VIP.",2026-09-16T17:15:34Z,2026-09-16T13:31:19Z,
@fxtradingvision,85421,2026-09-16T13:31:46Z,Send “VIP” to @TradingVisionHelpDesk,2026-09-16T17:15:34Z,2026-09-16T13:31:47Z,
@fxtradingvision,85422,2026-09-16T13:33:23Z,"The next gold trade will be shared inside my VIP within 45 minutes.

It has a HIGH chance of hitting the targets.

See you inside 🚶‍♂️",2026-09-16T17:15:34Z,2026-09-16T13:33:26Z,
@fxtradingvision,85425,2026-09-16T13:59:06Z,"TP 1 & 2 are BOTH hit ✅

+ 180 pips profit secured as we used double lotsize 🔥🔥🔥

Move your SL back to entry.",2026-09-16T17:15:34Z,2026-09-16T13:59:08Z,
@fxtradingvision,85426,2026-09-16T13:59:24Z,"Want to see the trade?

Hihi",2026-09-16T17:15:34Z,2026-09-16T13:59:24Z,
@fxtradingvision,85427,2026-09-16T14:00:21Z,Simple as that ☕️,2026-09-16T17:15:34Z,2026-09-16T14:00:22Z,
@fxtradingvision,85428,2026-09-16T14:00:21Z,,2026-09-16T17:15:34Z,,
@fxtradingvision,85429,2026-09-16T14:04:32Z,"Look at that drop now baby… open your gold chart….

+ 120 pips running…",2026-09-16T17:15:34Z,2026-09-16T14:04:33Z,
@fxtradingvision,85430,2026-09-16T14:04:52Z,By far the best in what we do.,2026-09-16T17:15:34Z,2026-09-16T14:04:53Z,
@fxtradingvision,85432,2026-09-16T14:12:57Z,Let’s continue…,2026-09-16T17:15:34Z,2026-09-16T14:12:58Z,
@fxtradingvision,85433,2026-09-16T14:27:41Z,"Do you want one more VIP gold trade?

Show me the likes",2026-09-16T17:15:34Z,2026-09-16T14:27:41Z,
@fxtradingvision,85434,2026-09-16T14:36:27Z,"TP 1 & 2 are BOTH hit ✅

+ 180 pips profit secured as we used double lotsize 🔥🔥🔥

Move your SL back to entry.",2026-09-16T17:15:34Z,2026-09-16T14:36:27Z,
@fxtradingvision,85442,2026-09-16T14:52:12Z,TARGETSSSS BABYYYY,2026-09-16T17:15:34Z,2026-09-16T14:52:13Z,
@fxtradingvision,85443,2026-09-16T14:52:15Z,WANT TO SEE THE TRADE?,2026-09-16T17:15:34Z,2026-09-16T14:52:16Z,
@fxtradingvision,85446,2026-09-16T14:53:22Z,"Look at this pump 👏

Perfectly timed, baby.

VIP is on HEAVY printing mode.",2026-09-16T17:15:34Z,2026-09-16T14:53:22Z,
@fxtradingvision,85447,2026-09-16T14:53:22Z,,2026-09-16T17:15:34Z,,
@fxtradingvision,85448,2026-09-16T14:56:32Z,Made $148 since joining the VIP group yesterday 🔥🔥🔥🔥,2026-09-16T17:15:34Z,2026-09-16T14:56:33Z,
@fxtradingvision,85449,2026-09-16T14:56:40Z,"Do you want to see some client profits?

Hihi.",2026-09-16T17:15:34Z,2026-09-16T14:56:41Z,
@fxtradingvision,85450,2026-09-16T15:01:02Z,,2026-09-16T17:15:34Z,2026-09-16T15:01:03Z,
@fxtradingvision,85451,2026-09-16T15:01:02Z,Letsgooo mike your the best❤️🔥🔥🔥,2026-09-16T17:15:34Z,2026-09-16T15:01:03Z,
@fxtradingvision,85452,2026-09-16T15:01:03Z,You're the goat man,2026-09-16T17:15:34Z,2026-09-16T15:01:03Z,
@fxtradingvision,85453,2026-09-16T15:01:03Z,Amazing bro high lot,2026-09-16T17:15:34Z,2026-09-16T15:01:04Z,
@fxtradingvision,85454,2026-09-16T15:01:03Z,What a day,2026-09-16T17:15:34Z,2026-09-16T15:01:04Z,
@fxtradingvision,85455,2026-09-16T15:01:38Z,1.5 weeks of trading buddy,2026-09-16T17:15:34Z,2026-09-16T15:01:39Z,
@fxtradingvision,85456,2026-09-16T15:01:38Z,"Protecting the account! Making $1,000 a week gotta get to $1,000 a day",2026-09-16T17:15:34Z,2026-09-16T15:01:39Z,
@fxtradingvision,85457,2026-09-16T15:01:53Z,,2026-09-16T17:15:34Z,2026-09-16T15:01:53Z,
@fxtradingvision,85458,2026-09-16T15:02:14Z,"MIKE YOU'RE MILKING HEAVILY, THE VIP IS AN ABSOLUTE PARADISE!!!!!",2026-09-16T17:15:34Z,2026-09-16T15:02:15Z,
@fxtradingvision,85459,2026-09-16T15:08:53Z,X5 today,2026-09-16T17:15:34Z,2026-09-16T15:08:56Z,
@fxtradingvision,85460,2026-09-16T15:09:52Z,"MEMBERS ALL OVER THE WORLD

NETHERLANDS, UK, INDIA, POLAND, BELGIUM, SWISS, ITALY, CANADA, TURKIYE

AND LIST GOES ON",2026-09-16T17:15:34Z,2026-09-16T15:09:53Z,
@fxtradingvision,85462,2026-09-16T15:50:27Z,OPEN GOLD BUYS NOW,2026-09-16T17:15:34Z,2026-09-16T15:50:28Z,
@fxtradingvision,85463,2026-09-16T15:51:06Z,"NEW TRADE IDEA

XAUUSD BUY 4350

TP 1 4354
TP 2 4355
TP 3 4380

SL @ 4330

Trade accordingly and only trade with money you can afford to LOSE.",2026-09-16T17:15:34Z,2026-09-16T15:51:07Z,
@fxtradingvision,85464,2026-09-16T15:52:59Z,"TP 1 & 2 are BOTH hit ✅

+ 180 pips profit secured as we used double lotsize 🔥🔥🔥

Move your SL back to entry.",2026-09-16T17:15:34Z,2026-09-16T15:53:01Z,
@fxtradingvision,85465,2026-09-16T15:53:03Z,Simple as that….,2026-09-16T17:15:34Z,2026-09-16T15:53:04Z,
@fxtradingvision,85466,2026-09-16T16:00:01Z,"GUYS.. no funded account passing slots available right now. 

Don't spam me about it, it won't change anything.

All I'm going to say is this…

DO NOT buy your funded account yet. 

Something HUGE is coming. Trust me you won't see it coming. 🧙",2026-09-16T17:15:34Z,2026-09-16T16:00:02Z,
@fxtradingvision,85467,2026-09-16T16:00:12Z,"THIS WEEK'S RESULTS IN MY VIP GROUP (so far)
Week 38, 2026

📊 Trades shared: 31
✅ Win: 31
❌ Loss: 0

>> Win-ratio: 100.0%

We're only halfway through the week! 2 more days to go in the regular trading week. Let's finish strong! 🔥 Imagine what the final results will look like on Friday...

WANT TO COPY ALL MY TRADES? Click the button below to get FREE ACCESS to my VIP 👇🏻",2026-09-16T17:15:34Z,2026-09-16T16:00:13Z,
@fxtradingvision,85468,2026-09-16T16:00:12Z,,2026-09-16T17:15:34Z,,
@fxtradingvision,85469,2026-09-16T16:08:09Z,"New trade on GOLD shared in the VIP ☕️

Which direction? Buy or Sell?

👉 CLICK HERE TO CLAIM YOUR SPOT & UNLOCK ALL THE TRADES",2026-09-16T17:15:34Z,2026-09-16T16:08:11Z,2026-09-16T20:08:52Z
@fxtradingvision,85470,2026-09-16T16:21:02Z,,2026-09-16T17:15:34Z,2026-09-16T16:21:02Z,
@phenexbillions,7025,2026-09-16T13:18:28Z,"✅ NEUER PREMIUM TRADE! ✅

Solltest du noch nicht Mitglied meiner VIP Gruppe sein, hast du soeben ein kostenloses Signal verpasst.

Schreib mir jetzt ""START"" und sichere dir deinen kostenlosen Zugang zur VIP mit 2-4 präzisen Signalen am Tag❗️

➡ @billions_vitus",2026-09-16T17:15:44Z,,
@phenexbillions,7026,2026-09-16T13:21:57Z,"TP1 hit, that’s +500 pips 🥷🏼✅

SL nach Belieben auf Break Even…",2026-09-16T17:15:44Z,,
@phenexbillions,7027,2026-09-16T13:22:01Z,"TP2 hit, that’s +1100 pips 🥷🏼✅",2026-09-16T17:15:44Z,,
@phenexbillions,7028,2026-09-16T13:36:07Z,,2026-09-16T17:15:44Z,,
@phenexbillions,7029,2026-09-16T13:58:52Z,"TP3 hit, that’s +1700 pips 🥷🏼✅",2026-09-16T17:15:44Z,,
@phenexbillions,7030,2026-09-16T13:58:57Z,+200 Pips ✅,2026-09-16T17:15:44Z,,
@phenexbillions,7031,2026-09-16T14:21:49Z,,2026-09-16T17:15:44Z,,
@fxtradingvision,85471,2026-09-16T17:47:33Z,"Prepare yourself.

Big news coming.

In 10 minutes.

If you are scared, get out of your positions.",2026-09-16T20:08:52Z,2026-09-16T17:47:35Z,
@fxtradingvision,85472,2026-09-16T18:00:41Z,"TP 1 & 2 are BOTH hit ✅

+ 180 pips profit secured as we used double lotsize 🔥🔥🔥

Move your SL back to entry.",2026-09-16T20:08:52Z,2026-09-16T18:00:42Z,
@fxtradingvision,85473,2026-09-16T18:01:01Z,But the VIP printed ofcourse 😜,2026-09-16T20:08:52Z,2026-09-16T18:01:02Z,
@fxtradingvision,85474,2026-09-16T18:03:03Z,"Just to tell you, professor - doctor!",2026-09-16T20:08:52Z,2026-09-16T18:03:06Z,
@fxtradingvision,85475,2026-09-16T18:34:27Z,"TP 1 & 2 & 3 are ALL hit ✅

+ 310 pips profit secured as we used double lotsize 🔥🔥🔥",2026-09-16T20:08:52Z,2026-09-16T18:34:28Z,
@fxtradingvision,85476,2026-09-16T18:38:31Z,"Did you had gold sells aswell?

That’s how you time a + 500 pips movement on time 😉👏",2026-09-16T20:08:52Z,2026-09-16T18:38:31Z,
@fxtradingvision,85477,2026-09-16T18:38:31Z,,2026-09-16T20:08:52Z,,
@fxtradingvision,85478,2026-09-16T19:25:46Z,"New trade on GOLD shared in the VIP ☕️

Which direction? Buy or Sell?

👉 CLICK HERE TO CLAIM YOUR SPOT & UNLOCK ALL THE TRADES",2026-09-16T20:08:52Z,2026-09-16T19:25:48Z,2026-09-16T22:56:55Z
@fxtradingvision,85479,2026-09-16T19:46:39Z,,2026-09-16T20:08:52Z,2026-09-16T19:46:41Z,
@fxtradingvision,85480,2026-09-16T19:47:29Z,2500 EUR profit for Mitch today alone…,2026-09-16T20:08:52Z,2026-09-16T19:47:31Z,
@phenexbillions,7032,2026-09-16T19:03:02Z,"📊 Trading muss nicht den ganzen Tag dauern, wenn Struktur dahintersteht. 2–4 präzise Signale pro Tag und meist nur rund 15 Minuten Aufwand, um sie umzusetzen. Genau diese Effizienz macht den Unterschied im Alltag. Wer vorbereitet ist, kann Chancen nutzen, ohne ständig vor dem Bildschirm zu sitzen. So bleibt Zeit für das Wesentliche.

Wenn du meinen kostenlosen Service nutzen willst und morgen auch mitverdienen möchtest schreib mir ""START"".

➡ @billions_vitus",2026-09-16T20:09:01Z,,
@fxtradingvision,85389,2026-09-16T06:33:01Z,,2026-09-16T22:56:55Z,2026-09-16T22:01:22Z,
@fxtradingvision,85481,2026-09-16T20:19:01Z,,2026-09-16T22:56:55Z,2026-09-16T20:19:02Z,
@fxtradingvision,85482,2026-09-16T22:01:11Z,"TODAY'S RESULTS IN MY VIP GROUP
September 16, 2026

📊 Trades shared: 12
✅ Win: 8
❌ Loss: 0
⚡ Still running: 3

>> Win-ratio: 100.0%

Another day of firework! This is what consistency looks like when you follow a proven system 💪🏼",2026-09-16T22:56:55Z,2026-09-16T22:39:05Z,
@fxtradingvision,85483,2026-09-16T22:39:01Z,"WHAT A DAY IT WAS! 🤑🤑🤑

Tomorrow we go again and I can help YOU to start creating an extra income with FX trading as well. With my current members I’m aiming to help them make an extra €3,000 - €12,000 PER MONTH with my model. Even members with zero experience are reaching this goal.

If you want to start earning as well, send me ""VIP"" and I will explain how it works (free)! 🚀

>>> CLICK HERE to send me a DM & claim your FREE VIP access",2026-09-16T22:56:55Z,2026-09-16T22:39:01Z,
@phenexbillions,7033,2026-09-16T22:11:55Z,"Danke mein Bester, weiter so❤️",2026-09-16T22:57:05Z,,
@fxtradingvision,85484,2026-09-16T23:05:48Z,,2026-09-17T00:58:39Z,2026-09-16T23:05:48Z,
@fxtradingvision,85485,2026-09-16T23:33:08Z,"Follow the instructions I sent in the DM if you want to copy all my trades tomorrow. Should take only a few minutes to complete.

I’ll be back in a few hours. Lets finish the week STRONG 💪🏼 

Good night gents.",2026-09-17T00:58:39Z,2026-09-16T23:33:09Z,
@phenexbillions,7034,2026-09-16T23:51:01Z,"TP1 hit, that’s +700 pips 🚀✅

SL nach Belieben auf Break Even…",2026-09-17T00:58:48Z,,
@phenexbillions,7035,2026-09-17T00:06:35Z,"TP2 hit, that’s +1100 pips 🚀✅",2026-09-17T00:58:48Z,,
@fxtradingvision,85483,2026-09-16T22:39:01Z,"WHAT A DAY IT WAS! 🤑🤑🤑

Tomorrow we go again and I can help YOU to start creating an extra income with FX trading as well. With my current members I’m aiming to help them make an extra €3,000 - €12,000 PER MONTH with my model. Even members with zero experience are reaching this goal.

If you want to start earning as well, send me ""VIP"" and I will explain how it works (free)! 🚀",2026-09-17T05:42:06Z,2026-09-17T02:47:06Z,
@fxtradingvision,85486,2026-09-17T02:22:01Z,Good morningggg,2026-09-17T05:42:06Z,2026-09-17T02:22:01Z,
@fxtradingvision,85487,2026-09-17T02:25:07Z,New day that means new opportunities,2026-09-17T05:42:06Z,2026-09-17T02:25:08Z,
@fxtradingvision,85489,2026-09-17T03:25:06Z,"Strostor copied the trades in my VIP and made €1,105 profit in 1 single day  💸",2026-09-17T05:42:06Z,2026-09-17T03:25:07Z,
@fxtradingvision,85490,2026-09-17T03:25:06Z,,2026-09-17T05:42:06Z,,
@fxtradingvision,85491,2026-09-17T03:29:01Z,Do you even realize how much money that is? In 1 single day? FX changing lives!!!!,2026-09-17T05:42:06Z,2026-09-17T03:29:01Z,
@fxtradingvision,85492,2026-09-17T04:10:06Z,"Real action takers, I’m proud of you all keep on going at some point everything will come your way 🙏🏼",2026-09-17T05:42:06Z,2026-09-17T04:10:07Z,
@fxtradingvision,85493,2026-09-17T04:11:01Z,Stay consistent and take that risk. It will pay off.,2026-09-17T05:42:06Z,2026-09-17T04:11:01Z,
@fxtradingvision,85494,2026-09-17T04:14:01Z,TRUST ME,2026-09-17T05:42:06Z,2026-09-17T04:14:01Z,
@fxtradingvision,85495,2026-09-17T04:38:01Z,Michele followed my trades in the VIP (yesterday) and made €483 profit  👏,2026-09-17T05:42:06Z,2026-09-17T04:38:01Z,
@fxtradingvision,85496,2026-09-17T04:38:01Z,,2026-09-17T05:42:06Z,,
@fxtradingvision,85497,2026-09-17T05:00:12Z,"YESTERDAY'S RESULTS IN MY VIP GROUP
September 16, 2026

📊 Trades shared: 12
✅ Win: 8
❌ Loss: 0
⚡ Still running: 3

>> Win-ratio: 100.0%

We do this EVERY SINGLE DAY. Consistency is everything and today will be no different! 💪🏼
Don't miss today's trades! Send me a message and I'll get you inside the VIP for free 👇🏼

🔵 CLICK HERE to be onboarded to the VIP (FREE) 🤝",2026-09-17T05:42:06Z,2026-09-17T05:00:13Z,
@fxtradingvision,85498,2026-09-17T05:39:01Z,,2026-09-17T05:42:06Z,2026-09-17T05:39:01Z,
@phenexbillions,7036,2026-09-17T05:20:44Z,"☕️ Guten Morgen, der Kaffee steht bereit und der Fokus ist gesetzt. Heute geht es darum, Chancen aktiv zu nutzen statt nur zuzuschauen. Wer vorbereitet ist, erkennt Setups früh und setzt sie konsequent um. Trading lebt von Timing, Struktur und klaren Entscheidungen. Jetzt ist der Moment, Profite zu holen.

Wenn du meinen kostenlosen Service nutzen willst und nicht länger nur zuschauen möchtest, schreib mir ""START"".

➡ @billions_vitus",2026-09-17T05:42:15Z,,
@fxtradingvision,85497,2026-09-17T05:00:12Z,"YESTERDAY'S RESULTS IN MY VIP GROUP
September 16, 2026

📊 Trades shared: 12
✅ Win: 8
❌ Loss: 0
⚡ Still running: 3

>> Win-ratio: 100.0%",2026-09-17T10:33:35Z,2026-09-17T06:28:06Z,
@fxtradingvision,85499,2026-09-17T06:06:01Z,Mantu copied the GOLD trades I shared in the VIP and made €224 profit yesterday 😬,2026-09-17T10:33:35Z,2026-09-17T06:06:01Z,
@fxtradingvision,85500,2026-09-17T06:06:01Z,,2026-09-17T10:33:35Z,,
@fxtradingvision,85501,2026-09-17T06:23:01Z,I want to see everyone in here win,2026-09-17T10:33:35Z,2026-09-17T06:23:02Z,
@fxtradingvision,85502,2026-09-17T06:25:09Z,"Just take a moment and realize majority of my members weren’t seeing any results before joining the VIP. All they did was taking action and now they follow the simple strategy that I gave them 😃

YOU CAN DO THIS AS WELL! Anyone can!",2026-09-17T10:33:35Z,2026-09-17T06:25:11Z,
@fxtradingvision,85503,2026-09-17T06:26:01Z,They weren’t seeing results and that is why they asked me for help of course,2026-09-17T10:33:35Z,2026-09-17T06:26:01Z,
@fxtradingvision,85504,2026-09-17T06:28:01Z,"So, to help you out as well, I will open 17 (!) spots for my full mentorship + VIP access + FX blueprint RIGHT NOW

It is first come, first serve. 

If you want to apply - make sure to send me a private message (use the link below) 👇🏼",2026-09-17T10:33:35Z,2026-09-17T08:27:28Z,
@fxtradingvision,85505,2026-09-17T06:43:01Z,🟢 LIVE RIGHT NOW,2026-09-17T10:33:35Z,2026-09-17T06:43:01Z,
@fxtradingvision,85506,2026-09-17T07:02:01Z,,2026-09-17T10:33:35Z,2026-09-17T07:02:01Z,
@fxtradingvision,85507,2026-09-17T07:33:01Z,"Felix copied my GOLD trades and made €1,082 profit in 2 days  😄",2026-09-17T10:33:35Z,2026-09-17T07:33:01Z,
@fxtradingvision,85508,2026-09-17T07:33:01Z,,2026-09-17T10:33:35Z,,
@fxtradingvision,85509,2026-09-17T08:27:23Z,"THIS WEEK'S RESULTS IN MY VIP GROUP (so far)
Week 38, 2026

📊 Trades shared: 34
✅ Win: 33
❌ Loss: 0

>> Win-ratio: 97.1%

Today we will continue! I expect many more great trades, don't miss it! 🔔

WANT TO COPY ALL MY TRADES? Click the button below to get FREE ACCESS to my VIP 👇🏻",2026-09-17T10:33:35Z,2026-09-17T08:27:24Z,
@fxtradingvision,85510,2026-09-17T08:27:23Z,,2026-09-17T10:33:35Z,,
@fxtradingvision,85511,2026-09-17T09:35:50Z,"New trade on GOLD shared in the VIP ☕️

Which direction? Buy or Sell?

👉 CLICK HERE TO CLAIM YOUR SPOT & UNLOCK ALL THE TRADES",2026-09-17T10:33:35Z,2026-09-17T09:35:51Z,2026-09-17T15:17:10Z
@fxtradingvision,85512,2026-09-17T09:42:39Z,"NEW TRADE IDEA

XAUUSD SELL 4311

TP 1 4307
TP 2 4306
TP 3 4280

SL @ 4330

Trade accordingly and only trade with money you can afford to LOSE.",2026-09-17T10:33:35Z,2026-09-17T09:42:41Z,
@fxtradingvision,85513,2026-09-17T09:49:08Z,"TP 1 & 2 are BOTH hit ✅

+ 180 pips profit secured as we used double lotsize 🔥🔥🔥

Move your SL back to entry.",2026-09-17T10:33:35Z,2026-09-17T09:49:09Z,
@fxtradingvision,85514,2026-09-17T09:58:50Z,Did you catch it and made some nice profits?,2026-09-17T10:33:35Z,2026-09-17T09:58:51Z,
@fxtradingvision,85515,2026-09-17T10:18:42Z,Do you want one more gold trade?,2026-09-17T10:33:35Z,2026-09-17T10:18:44Z,
@fxtradingvision,85516,2026-09-17T10:19:04Z,"NEW TRADE IDEA

XAUUSD SELL 4309

TP 1 4305
TP 2 4304
TP 3 4285

SL @ 4325

Trade accordingly and only trade with money you can afford to LOSE.",2026-09-17T10:33:35Z,2026-09-17T10:19:06Z,
@phenexbillions,7037,2026-09-17T07:55:08Z,"TP3 hit, that’s +3000 pips 🚀✅",2026-09-17T10:33:44Z,,
@phenexbillions,7038,2026-09-17T07:55:13Z,"TP4 hit, that’s +7300 pips 🚀✅",2026-09-17T10:33:44Z,,
@phenexbillions,7039,2026-09-17T08:12:35Z,"TP1 hit, that’s +300 pips 🥷🏼✅

SL nach Belieben auf Break Even…",2026-09-17T10:33:44Z,,
@phenexbillions,7040,2026-09-17T08:12:39Z,"TP2 hit, that’s +800 pips 🥷🏼✅",2026-09-17T10:33:44Z,,
@phenexbillions,7041,2026-09-17T08:12:43Z,Erst mal ein… ☕️🥰,2026-09-17T10:33:44Z,,
@phenexbillions,7042,2026-09-17T08:15:44Z,"✅ NEUER PREMIUM TRADE! ✅

Solltest du noch nicht Mitglied meiner VIP Gruppe sein, hast du soeben ein kostenloses Signal verpasst.

Schreib mir jetzt ""START"" und sichere dir deinen kostenlosen Zugang zur VIP mit 2-4 präzisen Signalen am Tag❗️

➡ @billions_vitus",2026-09-17T10:33:44Z,,
@phenexbillions,7043,2026-09-17T08:46:46Z,"TP3 hit, that’s +2000 pips 🥷🏼✅",2026-09-17T10:33:44Z,,
@fxtradingvision,85520,2026-09-17T11:04:04Z,"Looks like gold wants to play a game with us.

Our plan B is ready.

If we hit a stoploss, I got another trade idea ready for double lotsize.

Be ready.",2026-09-17T15:17:10Z,2026-09-17T11:04:05Z,
@fxtradingvision,85521,2026-09-17T11:05:42Z,"NEW TRADE IDEA

XAUUSD BUY STOP 4336

TP 1 4340
TP 2 4341
TP 3 4370

SL @ 4310

Trade accordingly and only trade with money you can afford to LOSE.

DOUBLE LOTSIZE",2026-09-17T15:17:10Z,2026-09-17T11:05:43Z,
@fxtradingvision,85522,2026-09-17T11:06:16Z,"IF THE GOLD SELLS HIT STOPLOSS

ENTER GOLD BUYS AT 4336 ON DOUBLE LOT.",2026-09-17T15:17:10Z,2026-09-17T11:06:18Z,
@fxtradingvision,85523,2026-09-17T11:08:22Z,"I promise you..

If gold will fuck with us, we will fuck with him, right?",2026-09-17T15:17:10Z,2026-09-17T11:08:23Z,
@fxtradingvision,85524,2026-09-17T11:10:02Z,"Ok.

Stoploss hit.

Time to hurt gold.",2026-09-17T15:17:10Z,2026-09-17T11:10:03Z,
@fxtradingvision,85525,2026-09-17T11:10:09Z,"OPEN GOLD BUYS

HIGH LOT",2026-09-17T15:17:10Z,2026-09-17T11:10:10Z,
@fxtradingvision,85526,2026-09-17T11:10:16Z,TRADE ACTIVATED.,2026-09-17T15:17:10Z,2026-09-17T11:10:17Z,
@fxtradingvision,85527,2026-09-17T11:10:56Z,Open extra positions aswell.,2026-09-17T15:17:10Z,2026-09-17T11:10:57Z,
@fxtradingvision,85528,2026-09-17T11:13:24Z,"Alright.

We are in gold buys, double lotsize.

Let’s smash the targets.

Gold hurt us, let’s hurt him back.",2026-09-17T15:17:10Z,2026-09-17T11:13:26Z,
@fxtradingvision,85529,2026-09-17T11:14:21Z,"NEW TRADE IDEA

XAUUSD BUY 4332

TP 1 4350

SL @ 4310

Trade accordingly and only trade with money you can afford to LOSE.

DOUBLE LOTSIZE",2026-09-17T15:17:10Z,2026-09-17T11:14:22Z,
@fxtradingvision,85530,2026-09-17T11:14:42Z,"Open this position aswell.

Just one target and that’s 4350.",2026-09-17T15:17:10Z,2026-09-17T11:14:42Z,
@fxtradingvision,85531,2026-09-17T11:21:17Z,Like if you are inside gold buys ✌️,2026-09-17T15:17:10Z,2026-09-17T11:21:18Z,
@fxtradingvision,85532,2026-09-17T11:53:01Z,,2026-09-17T15:17:10Z,2026-09-17T11:53:01Z,
@fxtradingvision,85533,2026-09-17T11:55:03Z,"TP 1 & 2 are BOTH hit ✅

+ 180 pips profit secured as we used double lotsize 🔥🔥🔥

Move your SL back to entry.",2026-09-17T15:17:10Z,2026-09-17T11:55:06Z,
@fxtradingvision,85534,2026-09-17T11:55:16Z,OPEN EXTRA GOLD BUYS,2026-09-17T15:17:10Z,2026-09-17T11:55:18Z,
@fxtradingvision,85538,2026-09-17T11:57:34Z,"NEW TRADE IDEA

XAUUSD BUY 4340

TP 1 4344
TP 2 4345
TP 3 4370

SL @ 4315

Trade accordingly and only trade with money you can afford to LOSE.

DOUBLE LOTSIZE",2026-09-17T15:17:10Z,2026-09-17T11:57:35Z,
@fxtradingvision,85539,2026-09-17T11:57:56Z,"TP 1 & 2 are BOTH hit ✅

+ 180 pips profit secured as we used double lotsize 🔥🔥🔥

Move your SL back to entry.",2026-09-17T15:17:10Z,2026-09-17T11:57:57Z,
@fxtradingvision,85540,2026-09-17T11:58:32Z,"NEVER DOUBT ME!

TOLD YOU

GONNA HURT GOLD BACK",2026-09-17T15:17:10Z,2026-09-17T11:58:33Z,
@fxtradingvision,85541,2026-09-17T11:59:02Z,"TP HIT

+ 360 PIPS PROFIT

ON DOUBLE LOTSIZE",2026-09-17T15:17:10Z,2026-09-17T11:59:03Z,
@fxtradingvision,85542,2026-09-17T11:59:05Z,NEVER DOUBT ME!!!,2026-09-17T15:17:10Z,2026-09-17T11:59:06Z,
@fxtradingvision,85543,2026-09-17T11:59:08Z,NEVER DO!,2026-09-17T15:17:10Z,2026-09-17T11:59:09Z,
@fxtradingvision,85544,2026-09-17T12:00:23Z,I want to thank you from the bottom of my heart❤️🥹 you don’t know what it means to me.,2026-09-17T15:17:10Z,2026-09-17T12:00:26Z,
@fxtradingvision,85545,2026-09-17T12:00:59Z,Let’s fckin goo 🔥🔥🔥💸💸💸💸💸,2026-09-17T15:17:10Z,2026-09-17T12:01:01Z,
@fxtradingvision,85546,2026-09-17T12:00:59Z,"MIKE YOU'RE MILKING HEAVILY, THE VIP IS AN ABSOLUTE PARADISE!!!!!",2026-09-17T15:17:10Z,2026-09-17T12:01:01Z,
@fxtradingvision,85547,2026-09-17T12:00:59Z,WE ARE HURTING GOLD VERY BAD🔥🔥🔥🔥,2026-09-17T15:17:10Z,2026-09-17T12:01:01Z,
@fxtradingvision,85548,2026-09-17T12:02:59Z,"Fuck yea Mike, we made it back in no time!",2026-09-17T15:17:10Z,2026-09-17T12:03:01Z,
@fxtradingvision,85549,2026-09-17T12:03:18Z,"We DON’T LIKE losing here.

If gold hurts us… we hurt it back… 10
times more",2026-09-17T15:17:10Z,2026-09-17T12:03:19Z,
@fxtradingvision,85550,2026-09-17T12:08:47Z,"Like I said if plan A doesn’t go.

We always have a scenario B in place. On double lotsize 😜",2026-09-17T15:17:10Z,2026-09-17T12:08:48Z,
@fxtradingvision,85551,2026-09-17T12:09:22Z,"Anyways, enjoy your profits legends.

Well deserved, your trust in mike never dissapoints.

We continue inside the VIP ✌️",2026-09-17T15:17:10Z,2026-09-17T12:09:23Z,
@fxtradingvision,85552,2026-09-17T12:11:01Z,Salute to you boss🫡,2026-09-17T15:17:10Z,2026-09-17T12:11:02Z,
@fxtradingvision,85553,2026-09-17T12:11:01Z,U are the king of xau/usd,2026-09-17T15:17:10Z,2026-09-17T12:11:02Z,
@fxtradingvision,85554,2026-09-17T12:11:15Z,SALUTE LEGEND! 🫡,2026-09-17T15:17:10Z,2026-09-17T12:11:16Z,
@fxtradingvision,85558,2026-09-17T12:28:23Z,"Locked behind the charts today… 

I see some nice opportunities for the rest of the day… let’s kill it

Don’t mind the Red Bull… needed some quick focus.

Look at gold…. in combination with our heavy gold buy positions we banked some insane profits 💰",2026-09-17T15:17:10Z,2026-09-17T12:28:25Z,
@fxtradingvision,85559,2026-09-17T12:30:15Z,"TP 3 is hit aswell…

That’s + 680 pips profit on double lotsize ☕️",2026-09-17T15:17:10Z,2026-09-17T12:30:16Z,
@fxtradingvision,85560,2026-09-17T12:30:32Z,"TP 3 is hit on this trade also…

That’s + 600 pips profit on double lotsize ☕️",2026-09-17T15:17:10Z,2026-09-17T12:30:36Z,
@fxtradingvision,85561,2026-09-17T12:37:04Z,WHAT A DAYYY!!! 👏,2026-09-17T15:17:10Z,2026-09-17T12:37:06Z,
@fxtradingvision,85562,2026-09-17T12:53:50Z,"New trade on GOLD shared in the VIP ☕️

Which direction? Buy or Sell?

👉 CLICK HERE TO CLAIM YOUR SPOT & UNLOCK ALL THE TRADES",2026-09-17T15:17:10Z,2026-09-17T12:53:51Z,2026-09-17T19:04:25Z
@fxtradingvision,85563,2026-09-17T13:02:22Z,Do you want one more gold trade from the VIP?,2026-09-17T15:17:10Z,2026-09-17T13:02:23Z,
@fxtradingvision,85564,2026-09-17T13:10:44Z,I need to see more likes,2026-09-17T15:17:10Z,2026-09-17T13:10:46Z,
@fxtradingvision,85565,2026-09-17T13:16:25Z,Hmm…,2026-09-17T15:17:10Z,2026-09-17T13:16:26Z,
@fxtradingvision,85569,2026-09-17T13:20:25Z,"NEW TRADE IDEA

XAUUSD BUY 4375

TP 1 4379
TP 2 4380
TP 3 4395

SL @ 4355

Trade accordingly and only trade with money you can afford to LOSE.",2026-09-17T15:17:10Z,2026-09-17T13:20:26Z,
@fxtradingvision,85571,2026-09-17T13:42:54Z,Close the gold buys here with a loss.,2026-09-17T15:17:10Z,2026-09-17T13:42:56Z,
@fxtradingvision,85572,2026-09-17T13:43:26Z,Open gold sells with higher lot.,2026-09-17T15:17:10Z,2026-09-17T13:43:27Z,
@fxtradingvision,85573,2026-09-17T13:43:57Z,"NEW TRADE IDEA

XAUUSD SELL 4362

TP 1 4358
TP 2 4357
TP 3 4340

SL @ 4385

Trade accordingly and only trade with money you can afford to LOSE.

HIGH LOTSIZE",2026-09-17T15:17:10Z,2026-09-17T13:43:58Z,
@fxtradingvision,85574,2026-09-17T13:53:19Z,LIKE IF YOU ARE IN GOLD SELLS,2026-09-17T15:17:10Z,2026-09-17T13:53:21Z,
@fxtradingvision,85575,2026-09-17T14:24:47Z,"⚠️YES, OUR VIP IS CURRENTLY FREE… 

AT 4000 MEMBERS IT WILL BE PAID…

4 MORE FREE SPOTS LEFT 🐸",2026-09-17T15:17:10Z,2026-09-17T14:24:48Z,
@fxtradingvision,85576,2026-09-17T14:28:21Z,"DO YOU WANT THE GOLD SELLS TO HIT THE TARGET?

Show me the likes

Show me the positive energy",2026-09-17T15:17:10Z,2026-09-17T14:28:22Z,
@fxtradingvision,85577,2026-09-17T14:28:26Z,We are in this together,2026-09-17T15:17:10Z,2026-09-17T14:28:27Z,
@fxtradingvision,85578,2026-09-17T14:32:41Z,Let’s go baby,2026-09-17T15:17:10Z,2026-09-17T14:32:42Z,
@fxtradingvision,85579,2026-09-17T14:41:01Z,,2026-09-17T15:17:10Z,2026-09-17T14:41:01Z,
@fxtradingvision,85580,2026-09-17T14:54:19Z,"TP 1 & 2 are BOTH hit ✅

+ 180 pips profit secured as we used double lotsize 🔥🔥🔥

Move your SL back to entry.",2026-09-17T15:17:10Z,2026-09-17T14:54:21Z,
@fxtradingvision,85581,2026-09-17T15:11:37Z,"OPEN NEW GOLD SELLS 

HIGH LOT",2026-09-17T15:17:10Z,2026-09-17T15:11:38Z,
@fxtradingvision,85582,2026-09-17T15:14:34Z,"NEW TRADE IDEA

XAUUSD SELL 4358

TP 1 4354
TP 2 4353
TP 3 4330

SL @ 4375

Trade accordingly and only trade with money you can afford to LOSE.

HIGH LOTSIZE",2026-09-17T15:17:10Z,2026-09-17T15:14:36Z,2026-09-17T19:04:25Z
@phenexbillions,7044,2026-09-17T12:29:29Z,Einer von gestern Nacht ✌🏼,2026-09-17T15:17:19Z,,
@phenexbillions,7045,2026-09-17T14:45:18Z,"Bin online! 📲

Wer durchstarten möchte ""START"" an mich. 

➡ @billions_vitus",2026-09-17T15:17:19Z,,
@fxtradingvision,85583,2026-09-17T15:17:19Z,"NEW TRADE IDEA

XAUUSD SELL 4358

TP 1 4354
TP 2 4353
TP 3 4330

SL @ 4580

Trade accordingly and only trade with money you can afford to LOSE.

HIGH LOTSIZE",2026-09-17T19:04:25Z,2026-09-17T15:17:21Z,
@fxtradingvision,85584,2026-09-17T16:00:12Z,"THIS WEEK'S RESULTS IN MY VIP GROUP (so far)
Week 38, 2026

📊 Trades shared: 37
✅ Win: 35
❌ Loss: 2

>> Win-ratio: 94.6%

Almost at the finish line! Tomorrow is the last day of the regular trading week and I'm going ALL IN on the setups 🚀 Don't let this week pass without taking action.

WANT TO COPY ALL MY TRADES? Click the button below to get FREE ACCESS to my VIP 👇🏻",2026-09-17T19:04:25Z,2026-09-17T16:21:48Z,
@fxtradingvision,85585,2026-09-17T16:00:12Z,,2026-09-17T19:04:25Z,,
@fxtradingvision,85586,2026-09-17T16:24:32Z,"Losses are part of the game as you see…

Nobody can have a 100% win-ratio..

Sometimes it’s good sometimes it’s bad….",2026-09-17T19:04:25Z,2026-09-17T16:24:33Z,
@fxtradingvision,85587,2026-09-17T16:42:29Z,LIVE FREE GOLD TRADE,2026-09-17T19:04:25Z,2026-09-17T16:42:31Z,
@fxtradingvision,85588,2026-09-17T16:53:01Z,Appreciate the feedback! This is exactly what we do it for. Member Ewa tripled his account with the trades in the group 😃,2026-09-17T19:04:25Z,2026-09-17T18:42:28Z,
@fxtradingvision,85589,2026-09-17T17:04:47Z,"Tomorrow I will reveal EVERYTHING… all details. The discount.

You will be amazed by how crazy it will be.",2026-09-17T19:04:25Z,2026-09-17T17:04:48Z,
@fxtradingvision,85590,2026-09-17T17:13:01Z,,2026-09-17T19:04:25Z,2026-09-17T17:13:01Z,
@fxtradingvision,85591,2026-09-17T18:16:53Z,"Everyone in the industry will hate me for doing this…

But the only thing I care about is my community.. I don’t need any friends in the industry 👌",2026-09-17T19:04:25Z,2026-09-17T18:16:56Z,
@fxtradingvision,85592,2026-09-17T18:32:19Z,"TP 1 & 2 are BOTH hit ✅

+ 180 pips profit secured as we used double lotsize 🔥🔥🔥

Move your SL back to entry.",2026-09-17T19:04:25Z,2026-09-17T18:32:21Z,
@fxtradingvision,85593,2026-09-17T18:37:54Z,"Nice drop…

Did you catch it and made profits?",2026-09-17T19:04:25Z,2026-09-17T18:37:55Z,
@fxtradingvision,85594,2026-09-17T18:39:38Z,Amazing… enjoy 😜❤️,2026-09-17T19:04:25Z,2026-09-17T18:39:39Z,
@fxtradingvision,85596,2026-09-17T18:49:01Z,,2026-09-17T19:04:25Z,2026-09-17T18:49:02Z,
@fxtradingvision,85597,2026-09-17T18:49:30Z,"Where are the likes?

Smashed the targets",2026-09-17T19:04:25Z,2026-09-17T18:49:31Z,
@fxtradingvision,85598,2026-09-17T18:51:01Z,"If you want to join my VIP and be able to copy all the trades I personally take then make sure to send me a DM and I’m happy to help you out as well 

+ guide you to get the MAX result possible 

>>> CLICK HERE to apply for the FREE mentorship & blueprint",2026-09-17T19:04:25Z,2026-09-17T18:51:02Z,2026-09-17T22:10:38Z
@phenexbillions,7046,2026-09-17T17:15:08Z,"TP1 hit, that’s +450 pips 🥷🏼✅

SL nach Belieben auf Break Even…",2026-09-17T19:04:35Z,,
@phenexbillions,7047,2026-09-17T17:16:39Z,"✅ NEUER PREMIUM TRADE! ✅

Solltest du noch nicht Mitglied meiner VIP Gruppe sein, hast du soeben ein kostenloses Signal verpasst.

Schreib mir jetzt ""START"" und sichere dir deinen kostenlosen Zugang zur VIP mit 2-4 präzisen Signalen am Tag❗️

➡ @billions_vitus",2026-09-17T19:04:35Z,,
@phenexbillions,7048,2026-09-17T17:17:19Z,"TP1 hit, that’s +450 pips 🥷🏼✅

SL nach Belieben auf Break Even…",2026-09-17T19:04:35Z,,
@phenexbillions,7049,2026-09-17T17:40:46Z,Heute war ein guter Tag 😁,2026-09-17T19:04:35Z,,
@phenexbillions,7050,2026-09-17T17:40:46Z,,2026-09-17T19:04:35Z,,
@phenexbillions,7051,2026-09-17T17:40:46Z,,2026-09-17T19:04:35Z,,
@phenexbillions,7052,2026-09-17T18:27:07Z,,2026-09-17T19:04:35Z,,
@phenexbillions,7053,2026-09-17T18:27:11Z,so schnell kommt man aus dem - raus,2026-09-17T19:04:35Z,,
@phenexbillions,7054,2026-09-17T18:50:38Z,150+ Pips happy Profits allen ❤️,2026-09-17T19:04:35Z,,
@fxtradingvision,85599,2026-09-17T20:14:01Z,"Brandon joined the VIP 1.5 weeks ago, copied my trades and made $1,304 profit so far 👏",2026-09-17T22:10:38Z,2026-09-17T20:14:01Z,
@fxtradingvision,85600,2026-09-17T20:14:01Z,,2026-09-17T22:10:38Z,,
@fxtradingvision,85601,2026-09-17T21:38:01Z,"I often get the question if experience in trading is required to join the team…

The answer is NO! ❌

Actually, 76% of the VIP members have never traded before they started with us and they all ended with good gains in their first month. 

I provide a full 1:1 coaching traject where I will explain EVERYTHING about how you can become a profitable trader. We will also create your own personalized trading plan with right risk management to make sure you use the right lotsizes and never over-trade.

Everything you need to start trading is inside of the VIP group.

And it’s available for free…

CLICK HERE TO START TRADING IN MY VIP (free)",2026-09-17T22:10:38Z,2026-09-17T21:38:02Z,
@phenexbillions,7055,2026-09-17T19:22:02Z,"🔥 Ein erfolgreicher Trading-Tag liegt hinter uns und die Ergebnisse können sich sehen lassen. Jetzt heißt es kurz durchatmen und den Blick nach vorne richten. Morgen wartet der letzte Handelstag der Woche – nochmal Vollgas geben und stark abschließen.

Wenn du meinen kostenlosen Service kennenlernen willst und solche Tage selbst erleben möchtest, schreib mir ""START"".

➡ @billions_vitus",2026-09-17T22:10:47Z,,
@phenexbillions,7056,2026-09-17T19:26:04Z,,2026-09-17T22:10:47Z,,
@phenexbillions,7057,2026-09-17T19:43:27Z,240 Pips am Abend 💤,2026-09-17T22:10:47Z,,
@fxtradingvision,85602,2026-09-17T23:12:01Z,"Mitch copied my GOLD trades in the VIP and made €2,555 profit in 1 single day 💸",2026-09-18T00:20:37Z,2026-09-17T23:12:02Z,
@fxtradingvision,85603,2026-09-17T23:12:01Z,,2026-09-18T00:20:37Z,,
@fxtradingvision,85601,2026-09-17T21:38:01Z,"I often get the question if experience in trading is required to join the team…

The answer is NO! ❌

Actually, 76% of the VIP members have never traded before they started with us and they all ended with good gains in their first month. 

I provide a full 1:1 coaching traject where I will explain EVERYTHING about how you can become a profitable trader. We will also create your own personalized trading plan with right risk management to make sure you use the right lotsizes and never over-trade.

Everything you need to start trading is inside of the VIP group.

And it’s available for free…",2026-09-18T05:07:01Z,2026-09-18T03:18:06Z,
@fxtradingvision,85604,2026-09-18T02:27:01Z,Good good morning my family ❤️ Hope you woke up fresh for the last day of the regular trading week!,2026-09-18T05:07:01Z,2026-09-18T02:27:01Z,
@fxtradingvision,85605,2026-09-18T03:18:01Z,"I’m looking forward to a VERY exciting end of this week 👀 All the trades I personally take on my live account are shared in the VIP & that is how we make money TOGETHER 🙏🏼

You can still get access to the community, make sure to send me a DM to receive the instructions! & once again, here is what you unlock in my VIP👇

✅ 5-6 trading signals daily (FREE)
ℹ️ Beginner trading course (FREE)
✅ 1:1 personal guidance (FREE)
✅ 85% win rate on average (FREE)

Shoot me a DM when you are ready to level up your trading game!

➡️ CLICK HERE TO CLAIM YOUR FREE ACCESS TO MY VIP",2026-09-18T05:07:01Z,2026-09-18T03:18:01Z,
@fxtradingvision,85606,2026-09-18T04:32:01Z,"Brandon joined the VIP 1.5 weeks ago, copied my trades and made $1,304 profit so far 👏",2026-09-18T05:07:01Z,2026-09-18T04:32:02Z,
@fxtradingvision,85607,2026-09-18T04:32:01Z,,2026-09-18T05:07:01Z,,
@fxtradingvision,85608,2026-09-18T04:36:01Z,It’s still insane to me that people with zero experience can get these gains so quick. I wish I had the exact plan my members have access to when I started out. Would have saved me so much time and money 😂😂 VIP-member Brandon above is living proof of the plan working out,2026-09-18T05:07:01Z,2026-09-18T04:36:01Z,
@fxtradingvision,85605,2026-09-18T03:18:01Z,"I’m looking forward to a VERY exciting end of this week 👀 All the trades I personally take on my live account are shared in the VIP & that is how we make money TOGETHER 🙏🏼

You can still get access to the community, make sure to send me a DM to receive the instructions! & once again, here is what you unlock in my VIP👇

✅ 5-6 trading signals daily (FREE)
ℹ️ Beginner trading course (FREE)
✅ 1:1 personal guidance (FREE)
✅ 85% win rate on average (FREE)

Shoot me a DM when you are ready to level up your trading game!",2026-09-18T09:46:52Z,2026-09-18T06:15:19Z,
@fxtradingvision,85609,2026-09-18T05:49:01Z,,2026-09-18T09:46:52Z,2026-09-18T05:49:01Z,
@fxtradingvision,85611,2026-09-18T06:46:03Z,"In the VIP you will receive:

✅ 5–6 high-quality trading signals every day
ℹ Full beginner-friendly trading course + risk management plan
✅ 1-on-1 personal mentorship and guidance
✅ Proven strategy with an average 85% win rate",2026-09-18T09:46:52Z,2026-09-18T06:46:04Z,
@fxtradingvision,85612,2026-09-18T07:23:32Z,"Just helped 13 actions takers get into the VIP (for free). They are now 100% ready to make copy our trades 🙏🏼❤️

And to everyone waiting to be onboarded.. I will be with you asap. MAKE SURE TO FOLLOW THE INSTRUCTIONS IF YOU WANT TO JOIN IN THE NEXT 20 MINUTES - the steps should all be straightforward so when done I can get you up and running immediately",2026-09-18T09:46:52Z,2026-09-18T08:11:42Z,
@fxtradingvision,85613,2026-09-18T08:11:01Z,"Enjoy your Friday but make sure to do everything in your power to make a change. It’s all in your hands, you make your own decisions. Make the right ones!",2026-09-18T09:46:52Z,2026-09-18T08:11:01Z,
@fxtradingvision,85615,2026-09-18T08:35:32Z,Do you want a new VIP gold trade?,2026-09-18T09:46:52Z,2026-09-18T08:35:33Z,
@fxtradingvision,85616,2026-09-18T08:35:39Z,OPEN GOLD SELLS,2026-09-18T09:46:52Z,2026-09-18T08:35:41Z,
@fxtradingvision,85617,2026-09-18T08:38:12Z,"NEW TRADE IDEA

XAUUSD SELL 4389

TP 1 4385
TP 2 4384
TP 3 4360

SL @ 4410

Trade accordingly and only trade with money you can afford to LOSE.",2026-09-18T09:46:52Z,2026-09-18T08:38:12Z,
@fxtradingvision,85618,2026-09-18T08:40:07Z,"THIS WEEK'S RESULTS IN MY VIP GROUP (so far)
Week 38, 2026

📊 Trades shared: 39
✅ Win: 35
❌ Loss: 4

>> Win-ratio: 89.7%

Another day, another opportunity to print! Don't miss today's trades 🔔

WANT TO COPY ALL MY TRADES? Click the button below to get FREE ACCESS to my VIP 👇🏻",2026-09-18T09:46:52Z,2026-09-18T08:42:52Z,
@fxtradingvision,85619,2026-09-18T08:40:07Z,,2026-09-18T09:46:52Z,,
@fxtradingvision,85620,2026-09-18T08:43:03Z,LIVE FREE GOLD TRADE,2026-09-18T09:46:52Z,2026-09-18T08:43:03Z,
@fxtradingvision,85621,2026-09-18T09:13:41Z,"Move your gold stoploss to 4404

We will close it earlier if it goes up.

We have a plan B on double lotsize.

Want me to share?",2026-09-18T09:46:52Z,2026-09-18T09:13:42Z,
@fxtradingvision,85622,2026-09-18T09:18:28Z,"Maybe gold will just respect our plan A.

🤝🤝🤝",2026-09-18T09:46:52Z,2026-09-18T09:18:28Z,2026-09-18T13:56:47Z
@fxtradingvision,85623,2026-09-18T09:24:11Z,"NEW TRADE IDEA

XAUUSD BUY STOP 4404

TP 1 4408
TP 2 4409
TP 3 4430

SL @ 4380

Trade accordingly and only trade with money you can afford to LOSE.

DOUBLE LOTSIZE",2026-09-18T09:46:52Z,2026-09-18T09:24:12Z,
@fxtradingvision,85625,2026-09-18T09:24:37Z,THIS IS PLAN B IF GOLD SELL HITS A SL.,2026-09-18T09:46:52Z,2026-09-18T09:24:38Z,
@fxtradingvision,85626,2026-09-18T09:26:50Z,"Love plan A.

Going nicely.",2026-09-18T09:46:52Z,2026-09-18T09:26:51Z,
@fxtradingvision,85627,2026-09-18T09:42:43Z,"TP 1 & 2 are BOTH hit ✅

+ 180 pips profit secured as we used double lotsize 🔥🔥🔥

Move your SL back to entry.",2026-09-18T09:46:52Z,2026-09-18T09:42:44Z,
@fxtradingvision,85628,2026-09-18T09:43:52Z,Did everyone make some nice profits with the gold sells?,2026-09-18T09:46:52Z,2026-09-18T09:43:53Z,
@phenexbillions,7058,2026-09-18T05:32:02Z,"🔥 Echter Lifestyle 🔥 

Beginnt genau dort, wo du aufhörst, nach dem Wochenende zu leben – und anfängst, jeden Tag zu gestalten. Freiheit bedeutet nicht, mehr Zeit zu haben – sondern entscheiden zu können, wie du sie nutzt.

Morgens entspannt starten, mittags Profite sichern, abends leben, statt zu überleben. Genau so sieht ein Alltag aus, wenn du die Kontrolle über dein Einkommen zurückholst. Keine Kompromisse, keine Ausreden – nur Moves, die dein Leben nach vorne bringen.

Wenn du genau diesen Lifestyle willst, statt weiter zuzusehen ➡️Schreib „START“.

➡ @billions_vitus",2026-09-18T09:47:02Z,,
@phenexbillions,7059,2026-09-18T06:32:46Z,🥷 🚀🚀🤑,2026-09-18T09:47:02Z,,
@phenexbillions,7060,2026-09-18T08:10:59Z,"✅ NEUER PREMIUM TRADE! ✅

Solltest du noch nicht Mitglied meiner VIP Gruppe sein, hast du soeben ein kostenloses Signal verpasst.

Schreib mir jetzt ""START"" und sichere dir deinen kostenlosen Zugang zur VIP mit 2-4 präzisen Signalen am Tag❗️

➡ @billions_vitus",2026-09-18T09:47:02Z,,
@phenexbillions,7061,2026-09-18T08:15:02Z,"TP1 hit, that’s +320 pips 🥷🏼✅

SL nach Belieben auf Break Even…",2026-09-18T09:47:02Z,,
@phenexbillions,7062,2026-09-18T08:42:47Z,"TP2 hit, that’s +720 pips 🥷🏼✅",2026-09-18T09:47:02Z,,
@phenexbillions,7063,2026-09-18T08:42:50Z,+150 Pips ✅,2026-09-18T09:47:02Z,,
@fxtradingvision,85629,2026-09-18T09:54:14Z,"Amazing…

Enjoy your profits",2026-09-18T13:56:47Z,2026-09-18T09:54:16Z,
@fxtradingvision,85630,2026-09-18T09:58:46Z,"Remove the buy stop.

We already hit the targets with gold sell.

The rest of the day we continue inside the VIP ✌️",2026-09-18T13:56:47Z,2026-09-18T09:58:49Z,
@fxtradingvision,85632,2026-09-18T10:29:01Z,,2026-09-18T13:56:47Z,2026-09-18T10:29:01Z,
@fxtradingvision,85639,2026-09-18T11:12:00Z,OPEN GOLD SELLS,2026-09-18T13:56:47Z,2026-09-18T11:12:01Z,
@fxtradingvision,85641,2026-09-18T11:14:53Z,"NEW TRADE IDEA

XAUUSD SELL 4389

TP 1 4385
TP 2 4384
TP 3 4360

SL @ 4398

Trade accordingly and only trade with money you can afford to LOSE.

DOUBLE LOTSIZE",2026-09-18T13:56:47Z,2026-09-18T11:14:54Z,
@fxtradingvision,85642,2026-09-18T11:15:07Z,LIVE FREE GOLD TRADE,2026-09-18T13:56:47Z,2026-09-18T11:15:07Z,
@fxtradingvision,85643,2026-09-18T11:15:31Z,"This is a scalp, we might exit earlier.

Be ready.",2026-09-18T13:56:47Z,2026-09-18T11:15:32Z,
@fxtradingvision,85644,2026-09-18T11:16:45Z,"TP 1 & 2 are BOTH hit ✅

+ 180 pips profit secured as we used double lotsize 🔥🔥🔥

Move your SL back to entry.",2026-09-18T13:56:47Z,2026-09-18T11:16:46Z,
@fxtradingvision,85645,2026-09-18T11:18:40Z,"What a perfect gold sell entry…

Did you take it?",2026-09-18T13:56:47Z,2026-09-18T11:18:41Z,
@fxtradingvision,85646,2026-09-18T12:09:01Z,,2026-09-18T13:56:47Z,2026-09-18T12:09:01Z,
@fxtradingvision,85647,2026-09-18T12:10:39Z,"Close TP 3 here

+ 200 pips profit

Enjoy! ❤️",2026-09-18T13:56:47Z,2026-09-18T12:10:41Z,
@fxtradingvision,85648,2026-09-18T12:10:53Z,"New trade on GOLD shared in the VIP ☕️

Which direction? Buy or Sell?

👉 CLICK HERE TO CLAIM YOUR SPOT & UNLOCK ALL THE TRADES",2026-09-18T13:56:47Z,2026-09-18T12:10:56Z,2026-09-18T17:22:54Z
@fxtradingvision,85649,2026-09-18T12:35:02Z,"Targets hit inside the VIP once again.

Simple as that, baby.",2026-09-18T13:56:47Z,2026-09-18T12:35:03Z,
@fxtradingvision,85650,2026-09-18T13:21:01Z,,2026-09-18T13:56:47Z,2026-09-18T13:21:01Z,
@phenexbillions,7064,2026-09-18T10:19:56Z,"TP3 hit, that’s +2500 pips 🥷🏼✅",2026-09-18T13:56:57Z,,
@fxtradingvision,85651,2026-09-18T13:59:24Z,"You can take little bit profits here 

+ 50 pips",2026-09-18T17:22:54Z,2026-09-18T13:59:25Z,
@fxtradingvision,85662,2026-09-18T15:09:01Z,"How many Fridays in a row have you told yourself you would start next week?

Next week becomes next month and next month becomes next year and before you know it another 12 months have gone by and nothing in your life has actually changed. The people who are building real financial freedom are not smarter than you and they did not start with more money than you either.

The only difference is they stopped waiting for the perfect moment and just started.

YOU are the only one who can change where your life is heading. The job will not do it, the circumstances will not do it and time is definitely not going to do it for you. Only YOU can make the move.",2026-09-18T17:22:54Z,2026-09-18T15:09:01Z,
@fxtradingvision,85664,2026-09-18T16:00:47Z,"THIS WEEK'S RESULTS IN MY VIP GROUP (so far)
Week 38, 2026

📊 Trades shared: 48
✅ Win: 42
❌ Loss: 1

>> Win-ratio: 87.5%

Another week, another dominant performance! Weekend crypto trading starts soon in the VIP. Time to stack even more profits 💪🏼 If you're not inside yet, what are you waiting for?

WANT TO COPY ALL MY TRADES? Click the button below to get FREE ACCESS to my VIP 👇🏻",2026-09-18T17:22:54Z,2026-09-18T16:00:48Z,
@fxtradingvision,85665,2026-09-18T16:00:47Z,,2026-09-18T17:22:54Z,,
@fxtradingvision,85666,2026-09-18T16:33:01Z,"WHAT YOU SEE IN THIS FREE CHANNEL IS JUST A FRACTION OF WHAT ACTUALLY HAPPENS INSIDE THE VIP!

My members receive every single trade I take on my personal live account, my personal risk management plan and direct guidance from day one. The difference between watching from here and being inside is the difference between reading about results and actually having them land on your phone.

If you want full access to everything, the link below is all you need.

👁️ CLICK HERE TO JOIN THE VIP",2026-09-18T17:22:54Z,2026-09-18T16:33:01Z,
@fxtradingvision,85668,2026-09-18T16:33:45Z,"NEW TRADE IDEA

XAUUSD SELL 4382

TP 1 4378
TP 2 4377
TP 3 4350

SL @ 4397

Trade accordingly and only trade with money you can afford to LOSE.

DOUBLE LOTSIZE",2026-09-18T17:22:54Z,2026-09-18T16:33:46Z,
@fxtradingvision,85669,2026-09-18T16:37:41Z,"TP 1 & 2 are BOTH hit ✅

+ 180 pips profit secured as we used double lotsize 🔥🔥🔥

Move your SL back to entry.",2026-09-18T17:22:54Z,2026-09-18T16:37:42Z,
@fxtradingvision,85670,2026-09-18T16:43:39Z,Where are the likes baby?,2026-09-18T17:22:54Z,2026-09-18T16:43:40Z,
@fxtradingvision,85672,2026-09-18T16:50:06Z,"Simple as that…

100% win-ratio here….

That’s how we do….",2026-09-18T17:22:54Z,2026-09-18T16:50:08Z,
@fxtradingvision,85673,2026-09-18T16:56:26Z,WANT ONE MORE?,2026-09-18T17:22:54Z,2026-09-18T16:56:26Z,
@phenexbillions,7065,2026-09-18T14:11:53Z,"TP4 hit, that’s +6000 pips 🥷🏼✅",2026-09-18T17:23:03Z,,
@fxtradingvision,85674,2026-09-18T17:34:01Z,,2026-09-18T19:55:45Z,2026-09-18T17:34:02Z,
@fxtradingvision,85675,2026-09-18T18:11:01Z,"Everyone wants to become a millionaire overnight, but there is no such thing. You have to earn it along the way, so you start slow with a few 100s per day. Then you build and grow the capital. 

Eventually, these 100s become 1000s and so on… 

Trading is the highest paid skillset because there is NO LIMIT. That is why it is beautiful 🙏🏼",2026-09-18T19:55:45Z,2026-09-18T18:11:01Z,
@fxtradingvision,85676,2026-09-18T18:13:01Z,"Just look at the results of my members. Some do bigger numbers than others and this is no problem. 

You start to build something and grow along the way. As long as our accounts are in the +, I’m happy :)",2026-09-18T19:55:45Z,2026-09-18T18:13:01Z,
@fxtradingvision,85677,2026-09-18T18:23:40Z,"TP 1 is hit

+ 40 pips

Move sl to entry",2026-09-18T19:55:45Z,2026-09-18T18:23:40Z,
@fxtradingvision,85678,2026-09-18T18:45:15Z,"Close tp 2 here

+ 80 pips",2026-09-18T19:55:45Z,2026-09-18T18:45:16Z,
@fxtradingvision,85679,2026-09-18T18:45:21Z,Easy! 🚀,2026-09-18T19:55:45Z,2026-09-18T18:45:22Z,
@fxtradingvision,85680,2026-09-18T19:10:44Z,Mike I can't believe how fckin good the VIP is 🔥💸,2026-09-18T19:55:45Z,2026-09-18T19:10:46Z,
@fxtradingvision,85681,2026-09-18T19:10:44Z,Amazing week Mike!!!! 🔥💸🫵,2026-09-18T19:55:45Z,2026-09-18T19:10:46Z,
@phenexbillions,7066,2026-09-18T19:12:02Z,"📚 Fortschritt beginnt dort, wo Lernen zur Gewohnheit wird. Studieren und dazulernen bedeutet, Wissen Schritt für Schritt aufzubauen und Entscheidungen immer klarer zu treffen. Genau hier entsteht der Unterschied zwischen Zufall und Verständnis. Trading belohnt diejenigen, die Märkte analysieren und ihr Wissen konsequent anwenden. So wächst mit jeder Erkenntnis mehr Sicherheit.

Wenn du meinen kostenlosen Service kennenlernen willst und strukturiert dazulernen möchtest, schreib mir ""START"".

➡ @billions_vitus",2026-09-18T19:55:55Z,,
@phenexbillions,7067,2026-09-18T19:35:25Z,,2026-09-18T19:55:55Z,,
@fxtradingvision,85666,2026-09-18T16:33:01Z,"WHAT YOU SEE IN THIS FREE CHANNEL IS JUST A FRACTION OF WHAT ACTUALLY HAPPENS INSIDE THE VIP!

My members receive every single trade I take on my personal live account, my personal risk management plan and direct guidance from day one. The difference between watching from here and being inside is the difference between reading about results and actually having them land on your phone.

If you want full access to everything, the link below is all you need.",2026-09-18T22:00:15Z,2026-09-18T20:19:07Z,
@fxtradingvision,85682,2026-09-18T20:06:17Z,,2026-09-18T22:00:15Z,2026-09-18T20:06:18Z,
@fxtradingvision,85683,2026-09-18T20:06:17Z,,2026-09-18T22:00:15Z,2026-09-18T20:06:18Z,
@fxtradingvision,85684,2026-09-18T20:06:17Z,"Last 3 days, followed strictly what you said…i am really glad that I been part of your community, tku a loooot😊",2026-09-18T22:00:15Z,2026-09-18T20:06:18Z,
@fxtradingvision,85685,2026-09-18T20:06:17Z,Profits from today 💪💪,2026-09-18T22:00:15Z,2026-09-18T20:06:18Z,
@fxtradingvision,85686,2026-09-18T20:06:17Z,,2026-09-18T22:00:15Z,2026-09-18T20:06:18Z,
@fxtradingvision,85687,2026-09-18T20:06:38Z,Thanks Mike for today💪🏾💪🏾 ure the mastermind!!,2026-09-18T22:00:15Z,2026-09-18T20:06:38Z,
@fxtradingvision,85688,2026-09-18T20:19:02Z,"In a few hours the forex market is closing but as you know, we make a lot of profits in the crypto market as well.

I have a team of experts in all markets so in the weekend our members can still benefit of high potential trades. 

DON’T MISS THEM! You can still get inside and copy all our crypto trades this weekend 🙏🏼

💬 CLICK HERE to claim your free access",2026-09-18T22:00:15Z,2026-09-18T20:19:02Z,
@fxtradingvision,85689,2026-09-18T21:14:17Z,"The new strategy is so better, congrats Mike, anxious to start the new week",2026-09-18T22:00:15Z,2026-09-18T21:14:18Z,
@fxtradingvision,85690,2026-09-18T21:15:44Z,"We have a new strategy inside the VIP! 

It’s epic!!! ☕️",2026-09-18T22:00:15Z,2026-09-18T21:15:45Z,
@fxtradingvision,85691,2026-09-18T21:43:01Z,,2026-09-18T22:00:15Z,2026-09-18T21:43:01Z,
@fxtradingvision,85688,2026-09-18T20:19:02Z,"In a few hours the forex market is closing but as you know, we make a lot of profits in the crypto market as well.

I have a team of experts in all markets so in the weekend our members can still benefit of high potential trades. 

DON’T MISS THEM! You can still get inside and copy all our crypto trades this weekend 🙏🏼",2026-09-18T23:54:44Z,2026-09-18T22:01:20Z,
@fxtradingvision,85692,2026-09-18T22:01:12Z,"TODAY'S RESULTS IN MY VIP GROUP
September 18, 2026

📊 Trades shared: 19
✅ Win: 11
❌ Loss: 0
⚡ Still running: 3

>> Win-ratio: 100.0%

Another incredible week wrapped up! But the grind doesn't stop — weekend crypto trading starts soon in the VIP 🔥
Don't miss the action! Just send me a personal message and I'll help you to get inside the VIP for free 👇🏼

🔵 CLICK HERE to be onboarded to the VIP (FREE) 🤝",2026-09-18T23:54:44Z,2026-09-18T22:01:13Z,2026-09-19T11:40:57Z
@fxtradingvision,85693,2026-09-19T03:56:01Z,GOOD MORNING AND HAPPY SATURDAY TRADERS 🙏🏼❤️,2026-09-19T06:47:19Z,2026-09-19T03:56:02Z,
@fxtradingvision,85694,2026-09-19T04:03:01Z,LET’S GET IT GUYS TIME TO WAKE UPPPP,2026-09-19T06:47:19Z,2026-09-19T04:03:01Z,
@fxtradingvision,85695,2026-09-19T04:06:01Z,"I’m hyped for the weekend! Why you may ask? Well, we have the possibility to trade BTC and while others are taking rest, we can continue 😃",2026-09-19T06:47:19Z,2026-09-19T04:06:02Z,
@fxtradingvision,85696,2026-09-19T05:09:01Z,,2026-09-19T06:47:19Z,2026-09-19T05:09:01Z,
@phenexbillions,7068,2026-09-19T06:20:17Z,Von den letzten 2 Wochen wo wir mit dem Van in Norwegen waren 😄,2026-09-19T06:47:28Z,,
@phenexbillions,7069,2026-09-19T06:25:41Z,"☀️ Guten Morgen, genießt die Ruhe und nehmt euch bewusst Zeit für euch. Gleichzeitig entscheidet genau diese Zeit oft darüber, wer vorankommt und wer stehen bleibt. Entwicklung passiert nicht zufällig, sondern dann, wenn andere pausieren. Es geht nicht darum, den ganzen Tag zu arbeiten, sondern den Fokus nicht zu verlieren. Trading belohnt genau diese Haltung aus Klarheit und Konsequenz.

Wenn du meinen kostenlosen Service kennenlernen willst und auch am Wochenende Fortschritt machen möchtest, schreib mir ""START"".

➡ @billions_vitus",2026-09-19T06:47:28Z,,
@fxtradingvision,85697,2026-09-19T07:18:01Z,"Happy Saturday! While most people are sleeping in or wasting the day scrolling, my community is preparing to profit as soon as we see an opportunity.

This is what separates winners from wishers.

Success doesn’t happen by luck guys. It’s built by doing things you don’t want to do in the first place. Comfort really kills.

I’m giving a few serious action takers the chance to join my VIP this weekend so you’re ready to catch the first trades of the week with us. No experience needed. I’ll guide you every step of the way.

Here’s what you’ll unlock in the VIP:
✅ 5-6 trade ideas daily, fully explained
✅ Risk management and beginner-friendly strategy
✅ Real-time market insights
🤝 1-on-1 coaching directly from me

Don’t let another week go by without making moves.

Send me a DM with “VIP” right now and I’ll send you everything you need to be ready before the markets open. Spots are limited and first come, first served.

CLICK HERE to claim your FREE VIP access — this is your chance",2026-09-19T11:40:57Z,2026-09-19T07:18:01Z,
@fxtradingvision,85698,2026-09-19T07:48:01Z,TIME TO TAKE ACTION GUYS,2026-09-19T11:40:57Z,2026-09-19T07:48:03Z,
@fxtradingvision,85699,2026-09-19T07:53:01Z,Looking forward to see this weekend’s BTC analysis play out. Full explanation will be exclusively  shared in my VIP so everyone know how and where to look for entries! 🙏🏼💰,2026-09-19T11:40:57Z,2026-09-19T07:53:01Z,
@fxtradingvision,85700,2026-09-19T08:22:01Z,,2026-09-19T11:40:57Z,2026-09-19T08:22:01Z,
@fxtradingvision,85701,2026-09-19T09:16:01Z,"I hope you are enjoying your weekend currently, but please note this is the time you can get in front of your competition. 

You have free time now, that is insanely valuable. What is the point of enjoying your free Saturday when you have to be at work again on Monday? 

There is nothing wrong with that (if that is the purpose of your life), but you have SO MUCH MORE POTENTIAL! 

That is why I always say, make sure to use your time wisely in the weekend. You can even use a little bit of time to get your account ready and join the VIP, so you can copy my full BTC analysis today!",2026-09-19T11:40:57Z,2026-09-19T09:16:01Z,
@fxtradingvision,85702,2026-09-19T10:44:01Z,"👆🏼👆🏼 Just a few conversations I had with my VIP members this week. Look at what they made, it’s absolutely insane but totally normal as we are winning trade after trade! 📊

It’s hard to lose with the win-ratio I have. Only with very bad risk management this is possible, but that is why I teach this to everyone that joins my group (for free). This is the main reason you see my members make such good profits day in and day out.",2026-09-19T11:40:57Z,2026-09-19T10:44:02Z,
@fxtradingvision,85703,2026-09-19T10:44:01Z,,2026-09-19T11:40:57Z,,
@fxtradingvision,85704,2026-09-19T10:44:01Z,,2026-09-19T11:40:57Z,,
@fxtradingvision,85705,2026-09-19T10:44:01Z,,2026-09-19T11:40:57Z,,
@fxtradingvision,85706,2026-09-19T10:44:01Z,,2026-09-19T11:40:57Z,,
@fxtradingvision,85707,2026-09-19T10:44:01Z,,2026-09-19T11:40:57Z,,
@fxtradingvision,85708,2026-09-19T10:53:01Z,"READ THIS!! 👆🏻 If you want to receive all my trades so you can benefit just like 8,300+ other active members are doing, click the link below to send me a DM 👇🏻😊

>>> CLICK HERE to claim your VIP access and receive ALL MY TRADES",2026-09-19T11:40:57Z,2026-09-19T10:53:02Z,2026-09-19T14:55:26Z
@fxtradingvision,85709,2026-09-19T11:35:20Z,,2026-09-19T11:40:57Z,2026-09-19T11:35:21Z,
@phenexbillions,7070,2026-09-19T08:20:26Z,Schöner start 😍 top zone,2026-09-19T11:40:59Z,,
@phenexbillions,7071,2026-09-19T10:25:27Z,,2026-09-19T11:40:59Z,,
@WOLFXSIGNALS_FREEGROUP,11552,2026-09-03T15:15:14Z,,2026-09-19T11:41:02Z,,
@WOLFXSIGNALS_FREEGROUP,11553,2026-09-03T15:15:19Z,"💚💚💚💚💚💚💚💚💚💚💚💚

✅ XAUUSD Take-Profit 1 🟢
📊 Profit Won: +20 PIPS🔥
——————————————————

⚜️XAUUSD has reached 4472.00, completing the TP1, and first profits made with the FREE SIGNAL!✅

✅ Our trading method works ✅

——————————————————
        ❗️❗️❗️❗️❗️❗️❗️❗️❗️

                               🔽

            👉 wolfxsignals.com 👈",2026-09-19T11:41:02Z,2026-09-03T15:15:31Z,
@WOLFXSIGNALS_FREEGROUP,11554,2026-09-03T17:13:28Z,,2026-09-19T11:41:02Z,,
@WOLFXSIGNALS_FREEGROUP,11555,2026-09-03T17:13:34Z,"❗️❗️❗️❗️❗️❗️❗️❗️❗️

🥇GOLD hit Take Profit 2 ✅✅
📊 Profit Won: $5,000.00 💵

—————————————————-
•Trading Skills + News = Money✅
 
☑GOLD (XAUUSD) reached the value of 4475.00, completing the TP2, excellent analysis 🟢


🔥Do you want 16-30 private signals/week + our copytrading bot?

                             ⬇️

                👉 CLICK HERE 👈",2026-09-19T11:41:02Z,2026-09-03T17:13:59Z,
@WOLFXSIGNALS_FREEGROUP,11556,2026-09-04T09:02:28Z,,2026-09-19T11:41:02Z,,
@WOLFXSIGNALS_FREEGROUP,11557,2026-09-04T09:02:38Z,,2026-09-19T11:41:02Z,,
@WOLFXSIGNALS_FREEGROUP,11558,2026-09-04T09:03:21Z,"❗️❗️❗️❗️❗️❗️❗️❗️❗️

🥇 GOLD hits Take Profit 3 🟢
📊 Profit Won: $10,000.00 💵

🧠 Best Gold Strategy in the Market.
—————————————————-
 
🟢 GOLD VIP signal shared for FREE, in front of this big group of 107,000 members, built in 2020.

⭐️Trusted by 4270 VIP clients ⭐️


         ❗️❗️❗️❗️❗️❗️❗️❗️❗️

                              🔽",2026-09-19T11:41:02Z,2026-09-04T09:03:34Z,
@WOLFXSIGNALS_FREEGROUP,11559,2026-09-04T15:24:54Z,,2026-09-19T11:41:02Z,,
@WOLFXSIGNALS_FREEGROUP,11560,2026-09-04T15:24:56Z,,2026-09-19T11:41:02Z,,
@WOLFXSIGNALS_FREEGROUP,11561,2026-09-04T15:24:56Z,,2026-09-19T11:41:02Z,,
@WOLFXSIGNALS_FREEGROUP,11562,2026-09-04T15:24:56Z,,2026-09-19T11:41:02Z,,
@WOLFXSIGNALS_FREEGROUP,11563,2026-09-04T15:24:56Z,,2026-09-19T11:41:02Z,,
@WOLFXSIGNALS_FREEGROUP,11564,2026-09-04T15:24:56Z,,2026-09-19T11:41:02Z,,
@WOLFXSIGNALS_FREEGROUP,11565,2026-09-04T15:24:56Z,"🤖 OUR SOFTWARE IS ON FIRE🔥


✅ HUY has received $10,090.81.
✅ CLAUDIO has received $4.101.
✅ ROMAIN has received $8,477.

       ✅FTMO Official Payouts✅


             How’s that possible?
                         
1️⃣ They get a funded account.

2️⃣ Funded account connects to our software🤖

3️⃣ Our software manage the funded account to generate payouts💰

                               ⬇️

👉 Contact support for info: HERE",2026-09-19T11:41:02Z,,
@WOLFXSIGNALS_FREEGROUP,11566,2026-09-04T22:53:59Z,,2026-09-19T11:41:02Z,,
@WOLFXSIGNALS_FREEGROUP,11567,2026-09-04T22:53:59Z,,2026-09-19T11:41:02Z,,
@WOLFXSIGNALS_FREEGROUP,11568,2026-09-04T22:53:59Z,"🤯 CRAAAAAAAZY RESULTS !!!

😀 79 messages in 2 hours… wow!

❤️❤️❤️❤️❤️❤️❤️❤️❤️❤️❤️❤️


       🔥 BEST VIP BENEFITS 🔥

✅ 16-30 VIP Signals per week.
✅ CopyTrading: 100% Automated.
✅ Funded Accounts service.

                             ⬇️

           👉 REQUEST ACCESS 👈",2026-09-19T11:41:02Z,2026-09-04T23:00:49Z,
@WOLFXSIGNALS_FREEGROUP,11569,2026-09-04T22:53:59Z,,2026-09-19T11:41:02Z,,
@WOLFXSIGNALS_FREEGROUP,11570,2026-09-04T22:53:59Z,,2026-09-19T11:41:02Z,,
@WOLFXSIGNALS_FREEGROUP,11576,2026-09-07T08:46:47Z,,2026-09-19T11:41:02Z,,
@WOLFXSIGNALS_FREEGROUP,11577,2026-09-07T08:46:47Z,,2026-09-19T11:41:02Z,,
@WOLFXSIGNALS_FREEGROUP,11578,2026-09-07T08:47:05Z,,2026-09-19T11:41:02Z,,
@WOLFXSIGNALS_FREEGROUP,11579,2026-09-07T08:47:05Z,"❗️❗️❗️❗️❗️❗️❗️❗️❗️❗️

📆 31 AUGUST - 6 SEPTEMBER 📆

✅️Monday 💰+20 PIPS 🟢
✅️Tuesday 💰+100 PIPS 🟢
✅️Wednesday 💰-60 PIPS✖️
✅️Thursday 💰+220 PIPS 🟢
✅️Friday 💰+0 PIPS 🟢

📊Total Week Profit: +280 PIPS 🔥

•These results are just CRAZY.

✅ 35/35 Weeks in profits in 2026.
✅ Verified Results ➜ Here
✅ +11,100 PIPS won in 2026.
✅ +4140 VIP clients winning.

——————————————————
  ✅BEST FOREX VIP BENEFITS✅

✅ TOP Forex/Gold Signals.
✅ CopyTrading Bot Access⭐️
✅ Funded Accounts service.
✅ 1:1 onboarding + mentoring.

         
        ❗️❗️❗️❗️❗️❗️❗️❗️❗️

                             ⬇️

         👉 BECOME VIP HERE 👈


🚨REMEMBER. We will only admit 10 new clients per week.",2026-09-19T11:41:02Z,,
@WOLFXSIGNALS_FREEGROUP,11580,2026-09-07T16:38:29Z,,2026-09-19T11:41:02Z,,
@WOLFXSIGNALS_FREEGROUP,11581,2026-09-07T16:38:34Z,"❗️❗️❗️❗️❗️❗️❗️❗️❗️❗️❗️

🟢 SEPTEMBER 7 - FIRST SIGNALS


💸Forex+GOLD VIP: 2 Active Signal
💸Crypto VIP Group: 1 Active Signal

    💰We have $17,350 invested.
——————————————————-

🚨 ATTENTION: We have opened 10 SPOTS to become VIP MEMBER.


👇 Tap below, click JOIN NOW, and start winning money with us.

                             ⬇️",2026-09-19T11:41:02Z,2026-09-07T16:39:53Z,
@WOLFXSIGNALS_FREEGROUP,11582,2026-09-08T11:11:27Z,,2026-09-19T11:41:02Z,,
@WOLFXSIGNALS_FREEGROUP,11583,2026-09-08T11:11:39Z,"✅✅ SEPTEMBER 7 - RESULTS ✅✅


                         ⬇️⬇️

🔥 WE TOLD YOU: We had a great signal waiting for markets to open.

🟠XAUUSD ➡️TAKE PROFIT 3 🟢
🟠XAUUSD ➡️TAKE PROFIT 2 🟢
🟠NZDJPY ➡️TAKE PROFIT 1 🟢

💰Profit Won: +100 PIPS💲
💰$17,350 ➜ $21,450 cashed


        ❗️❗️❗️❗️❗️❗️❗️❗️❗️

                             ⬇️

       👉 REQUEST VIP ACCESS 👈",2026-09-19T11:41:02Z,,
@WOLFXSIGNALS_FREEGROUP,11584,2026-09-08T11:11:39Z,,2026-09-19T11:41:02Z,,
@WOLFXSIGNALS_FREEGROUP,11585,2026-09-08T13:44:48Z,"❗️❗️❗️❗️❗️❗️❗️❗️❗️

➜ We built our Copytrading service to make trading simple and with the lowest risk.

🤖 100% FULLY AUTOMATED.

🤝 We do all the work for you.

✅ No waiting for signals.
✅ No manual entries.
✅ No need to watch the charts.

                              ⬇️

                👉 START NOW 👈


🚫 Only available for VIP Clients 🚫",2026-09-19T11:41:02Z,,
@WOLFXSIGNALS_FREEGROUP,11586,2026-09-08T13:44:48Z,,2026-09-19T11:41:02Z,,
@WOLFXSIGNALS_FREEGROUP,11587,2026-09-08T18:42:30Z,,2026-09-19T11:41:02Z,,
@WOLFXSIGNALS_FREEGROUP,11588,2026-09-08T18:42:34Z,"❗️❗️❗️❗️❗️❗️❗️❗️

         ⚫️TOP VIP BENEFITS⚫️

1️⃣ 16-30 VIP Signals per Week

2️⃣ CopyTrading Service 🤔

3️⃣ Funded Accounts service

4️⃣ 1:1 onboarding + constant mentoring. You will never be alone

5️⃣ 12 Hours in our academy. For those who want to learn.
——————————————————

  🛡️ We open 10 spots every week.

                            ⬇️",2026-09-19T11:41:02Z,2026-09-08T18:53:09Z,
@WOLFXSIGNALS_FREEGROUP,11589,2026-09-09T13:40:45Z,,2026-09-19T11:41:02Z,,
@WOLFXSIGNALS_FREEGROUP,11591,2026-09-09T13:46:27Z,"❗️❗️❗️❗️❗️❗️❗️❗️❗️❗️

⭐️ 20/21 SIGNALS WINNING!

✅️21/08 💰+150 PIPS 🟢
✅️24/08 💰+50 PIPS 🟢
✅️25/08 💰+150 PIPS 🟢
✅️26/08 💰+20 PIPS 🟢
✅️27/08 💰+200 PIPS 🟢
✅️28/08 💰+120 PIPS 🟢
✅️31/08 💰+20 PIPS 🟢
✅️01/09 💰+100 PIPS 🟢
✅️02/09 💰-60 PIPS✖️
✅️03/09 💰+220 PIPS 🟢
✅️07/09 💰+170 PIPS 🟢

✅️09/09 💰click here and win📌

📊 Profit Won: 1140 PIPS🔥
—————————————————-

➡️This is what you would have won during the last 20 DAYS:👇

💎 With $500.00 ➡️ $1369.00💵
💎 With $750.00 ➡️ $2123.00💵
💎 With $1000.00 ➡️ $2828.00💵


    ❗️❗️❗️❗️❗️❗️❗️❗️❗️❗️

                             ⬇️

    👉 REQUEST ACCESS HERE 👈",2026-09-19T11:41:02Z,2026-09-09T13:52:48Z,
@WOLFXSIGNALS_FREEGROUP,11592,2026-09-09T13:46:28Z,,2026-09-19T11:41:02Z,2026-09-09T13:47:30Z,
@WOLFXSIGNALS_FREEGROUP,11593,2026-09-09T17:52:35Z,"🙏This is the kind of feedback we LOVE to receive.

❤️❤️❤️❤️❤️❤️❤️❤️❤️❤️❤️❤️

📱 Our inbox is full of your messages. What a good way to start the week. WINNING MONEY.

——————————————————
       🔥 BEST VIP BENEFITS 🔥

✅ 16-30 VIP Signals per week.
✅ CopyTrading Bot Access.
✅ Auto Trading Tools Supported
✅ Funded Accounts service.

                             ⬇️

           👉 REQUEST ACCESS 👈


🚨REMEMBER. We only admit 10 new clients per week (4 LEFT).",2026-09-19T11:41:02Z,2026-09-17T18:34:21Z,
@WOLFXSIGNALS_FREEGROUP,11594,2026-09-09T17:52:36Z,,2026-09-19T11:41:02Z,,
@WOLFXSIGNALS_FREEGROUP,11595,2026-09-10T15:32:22Z,,2026-09-19T11:41:02Z,,
@WOLFXSIGNALS_FREEGROUP,11596,2026-09-10T15:32:32Z,,2026-09-19T11:41:02Z,,
@WOLFXSIGNALS_FREEGROUP,11597,2026-09-10T16:15:08Z,"🔔 GOLD VIP SIGNAL 🔔

XAUUSD 📉 SELL 4360.00

💰TP1 4358.00
💰TP2 4355.00
💰TP3 4350.00
🚫SL 4368.00

——————————————————
Check out our PDF, where we explain everything you need to know to follow our signals: wolfxsignals.com/get-started/ 

📌QUESTION: Where to follow our Forex Signals? 👉 {HERE}",2026-09-19T11:41:02Z,,
@WOLFXSIGNALS_FREEGROUP,11598,2026-09-10T19:57:47Z,,2026-09-19T11:41:02Z,,
@WOLFXSIGNALS_FREEGROUP,11599,2026-09-10T19:57:52Z,"💚💚💚💚💚💚💚💚💚💚💚💚

✅ XAUUSD Take-Profit 1 🟢
📊 Profit Won: +20 PIPS🔥
——————————————————

⚜️XAUUSD has reached 4358.00, completing the TP1, and first profits made with the FREE SIGNAL!✅

✅ Our trading method works ✅

——————————————————
        ❗️❗️❗️❗️❗️❗️❗️❗️❗️

                               🔽

            👉 wolfxsignals.com 👈",2026-09-19T11:41:02Z,2026-09-10T19:58:06Z,
@WOLFXSIGNALS_FREEGROUP,11600,2026-09-10T22:59:53Z,,2026-09-19T11:41:02Z,,
@WOLFXSIGNALS_FREEGROUP,11601,2026-09-10T23:00:10Z,"❗️❗️❗️❗️❗️❗️❗️❗️❗️

🥇GOLD hit Take Profit 2 ✅✅
📊 Profit Won: $5,000.00 💵

—————————————————-
•Trading Skills + News = Money✅
 
☑GOLD (XAUUSD) reached the value of 4355.00, completing the TP2, excellent analysis 🟢


🔥 Want 16-30 private signals/week + the copytrading service?

                             ⬇️

                👉 CLICK HERE 👈",2026-09-19T11:41:02Z,2026-09-10T23:02:50Z,
@WOLFXSIGNALS_FREEGROUP,11602,2026-09-11T09:11:47Z,,2026-09-19T11:41:02Z,,
@WOLFXSIGNALS_FREEGROUP,11603,2026-09-11T09:11:54Z,,2026-09-19T11:41:02Z,,
@WOLFXSIGNALS_FREEGROUP,11604,2026-09-11T09:11:59Z,"❗️❗️❗️❗️❗️❗️❗️❗️❗️

🥇 GOLD hits Take Profit 3 🟢
📊 Profit Won: $10,000.00 💵

🧠 Best Gold Strategy in the Market.
—————————————————-
 
🟢 GOLD VIP signal shared for FREE, in front of this big group of 106,000 members, built in 2020.

⭐️Trusted by 4270 VIP clients ⭐️


         ❗️❗️❗️❗️❗️❗️❗️❗️❗️

                              🔽",2026-09-19T11:41:02Z,2026-09-11T09:12:13Z,
@WOLFXSIGNALS_FREEGROUP,11605,2026-09-11T14:36:32Z,,2026-09-19T11:41:02Z,,
@WOLFXSIGNALS_FREEGROUP,11606,2026-09-11T14:40:59Z,"📆 10 DAYS OF September HAVE GONE THROUGH…

🔥 760 PIPS IN PROFITS WON SO FAR ON GOLD+FOREX VIP.🔥


✅ 13/14 Signals in profits.
✅ +1900 Members inside.

✅ 35/35 Weeks in profits in 2026.
✅ CopyTrading Service ⭐️
✅ Funded Accounts Service.


💥READY FOR MORE SEPTEMBER?

                              ⬇️

                  👉 JOIN HERE 👈",2026-09-19T11:41:02Z,2026-09-11T14:41:40Z,
@WOLFXSIGNALS_FREEGROUP,11609,2026-09-12T11:08:18Z,,2026-09-19T11:41:02Z,,
@WOLFXSIGNALS_FREEGROUP,11610,2026-09-12T11:08:27Z,,2026-09-19T11:41:02Z,,
@WOLFXSIGNALS_FREEGROUP,11611,2026-09-12T11:08:27Z,,2026-09-19T11:41:02Z,,
@WOLFXSIGNALS_FREEGROUP,11612,2026-09-12T11:08:27Z,"🤯 CRAAAAAAAZY RESULTS !!!

😀 138 messages in 5 hours… wow!

❤️❤️❤️❤️❤️❤️❤️❤️❤️❤️❤️❤️


       🔥 BEST VIP BENEFITS 🔥

✅ Forex, Gold & Crypto Signals.
✅ CopyTrading: 100% Automated.
✅ Funded Accounts service.

                             ⬇️

           👉 REQUEST ACCESS 👈",2026-09-19T11:41:02Z,,
@WOLFXSIGNALS_FREEGROUP,11613,2026-09-12T11:08:27Z,,2026-09-19T11:41:02Z,,
@WOLFXSIGNALS_FREEGROUP,11614,2026-09-12T11:08:27Z,,2026-09-19T11:41:02Z,,
@WOLFXSIGNALS_FREEGROUP,11615,2026-09-13T09:29:23Z,,2026-09-19T11:41:02Z,,
@WOLFXSIGNALS_FREEGROUP,11616,2026-09-13T09:29:23Z,"❗️❗️❗️❗️❗️❗️❗️❗️❗️

➜ We built our Copytrading service to make trading for everyone, as simple as possible.

🤖 100% FULLY AUTOMATED.

🤝 We do all the work for you.

✅ No waiting for signals.
✅ No manual entries.
✅ No need to watch the charts.

✅Available for Wolfx VIP Clients.

                            ⬇️

               👉 START NOW 👈",2026-09-19T11:41:02Z,,
@WOLFXSIGNALS_FREEGROUP,11617,2026-09-13T09:29:23Z,,2026-09-19T11:41:02Z,,
@WOLFXSIGNALS_FREEGROUP,11618,2026-09-13T18:18:11Z,,2026-09-19T11:41:02Z,,
@WOLFXSIGNALS_FREEGROUP,11619,2026-09-13T18:18:11Z,,2026-09-19T11:41:02Z,,
@WOLFXSIGNALS_FREEGROUP,11620,2026-09-13T18:18:11Z,,2026-09-19T11:41:02Z,,
@WOLFXSIGNALS_FREEGROUP,11621,2026-09-13T18:18:11Z,,2026-09-19T11:41:02Z,,
@WOLFXSIGNALS_FREEGROUP,11622,2026-09-13T18:18:11Z,,2026-09-19T11:41:02Z,,
@WOLFXSIGNALS_FREEGROUP,11623,2026-09-13T18:18:11Z,"🤖 OUR SOFTWARE IS ON FIRE🔥


✅ JESUS has received $4,000.
✅ MISCHA has received $3646+ $3,551 (2 payouts).
✅ TEDDY has received $4,015.

             How’s that possible?
                         
1️⃣ They get a funded account.

2️⃣ Funded account connects to our software🤖

3️⃣ Our software manage the funded account to generate payouts💰

                               ⬇️

👉 Contact support for info: HERE",2026-09-19T11:41:02Z,,
@WOLFXSIGNALS_FREEGROUP,11624,2026-09-13T18:18:12Z,,2026-09-19T11:41:02Z,,
@WOLFXSIGNALS_FREEGROUP,11625,2026-09-13T18:18:12Z,,2026-09-19T11:41:02Z,,
@WOLFXSIGNALS_FREEGROUP,11626,2026-09-14T09:45:55Z,,2026-09-19T11:41:02Z,,
@WOLFXSIGNALS_FREEGROUP,11627,2026-09-14T09:45:55Z,,2026-09-19T11:41:02Z,,
@WOLFXSIGNALS_FREEGROUP,11628,2026-09-14T09:46:28Z,,2026-09-19T11:41:02Z,,
@WOLFXSIGNALS_FREEGROUP,11629,2026-09-14T09:46:28Z,"❗️❗️❗️❗️❗️❗️❗️❗️❗️❗️

📆 7 SEPTEMBER - 13 SEPTEMBER 

✅️Monday 💰+170 PIPS 🟢
✅️Tuesday 💰+0 PIPS 🟢
✅️Wednesday 💰+50 PIPS 🟢
✅️Thursday 💰+200 PIPS 🟢
✅️Friday 💰+0 PIPS 🟢

📊Total Week Profit: +420 PIPS 🔥

•These results are just CRAZY.

✅ 36/36 Weeks in profits in 2026.
✅ Verified Results ➜ Here
✅ +11,500 PIPS won in 2026.
✅ +4140 VIP clients winning.

——————————————————
  ✅BEST FOREX VIP BENEFITS✅

✅ TOP Forex/Gold Signals.
✅ CopyTrading Service Access⭐️
✅ Funded Accounts service.
✅ 1:1 onboarding + mentoring.

         
        ❗️❗️❗️❗️❗️❗️❗️❗️❗️

                             ⬇️

         👉 BECOME VIP HERE 👈


🚨REMEMBER. We will only admit 10 new clients per week.",2026-09-19T11:41:02Z,,
@WOLFXSIGNALS_FREEGROUP,11630,2026-09-14T19:22:51Z,,2026-09-19T11:41:02Z,,
@WOLFXSIGNALS_FREEGROUP,11631,2026-09-14T19:23:48Z,"❗️❗️❗️❗️❗️❗️❗️❗️❗️❗️❗️

🟢 SEPTEMBER 14 - FIRST SIGNALS


💸Forex+GOLD VIP: 1 Active Signal
💸Crypto VIP Group: 2 Active Signal

    💰We have $17,350 invested.
——————————————————-

🚨 ATTENTION: We have opened 10 SPOTS to become VIP MEMBER.


👇 Tap below, click JOIN NOW, and start winning money with us.

                             ⬇️",2026-09-19T11:41:02Z,2026-09-14T19:24:08Z,
@WOLFXSIGNALS_FREEGROUP,11632,2026-09-15T13:38:45Z,,2026-09-19T11:41:02Z,,
@WOLFXSIGNALS_FREEGROUP,11633,2026-09-15T13:38:55Z,"❗️❗️❗️❗️❗️❗️❗️❗️❗️

➜ We built our Copytrading service to make trading simple + low risk.

🤖 100% FULLY AUTOMATED.

🖐️Our traders do all the work for you.

✅ No waiting for signals.
✅ No manual entries.
✅ No need to watch the charts.

✅Available for Wolfx VIP Clients.

                            ⬇️

               👉 START NOW 👈",2026-09-19T11:41:02Z,,
@WOLFXSIGNALS_FREEGROUP,11634,2026-09-15T13:38:55Z,,2026-09-19T11:41:02Z,,
@WOLFXSIGNALS_FREEGROUP,11635,2026-09-16T08:49:50Z,,2026-09-19T11:41:02Z,,
@WOLFXSIGNALS_FREEGROUP,11636,2026-09-16T08:49:54Z,"❗️❗️❗️❗️❗️❗️❗️❗️

         ⚫️TOP VIP BENEFITS⚫️

1️⃣ 16-30 VIP Signals per Week

2️⃣ CopyTrading Service 🤔

3️⃣ Funded Accounts service

4️⃣ 1:1 onboarding + constant mentoring. You will never be alone

5️⃣ 12 Hours in our academy. For those who want to learn.
——————————————————

  🛡️ We open 10 spots every week.

                            ⬇️",2026-09-19T11:41:02Z,2026-09-16T08:50:00Z,
@WOLFXSIGNALS_FREEGROUP,11637,2026-09-17T08:37:27Z,,2026-09-19T11:41:02Z,,
@WOLFXSIGNALS_FREEGROUP,11638,2026-09-17T08:37:35Z,"❗️❗️❗️❗️❗️❗️❗️❗️❗️❗️

⭐️ 15/17 SIGNALS WINNING!

✅️01/09 💰+100 PIPS 🟢
✅️02/09 💰-60 PIPS✖️
✅️03/09 💰+220 PIPS 🟢
✅️07/09 💰+170 PIPS 🟢
✅️09/09 💰+50 PIPS 🟢
✅️10/09 💰+200 PIPS 🟢
✅️14/09 💰+20 PIPS 🟢
✅️16/09 💰-30 PIPS✖️

✅️17/09 💰click here and win📌

📊 Profit Won: 670 PIPS🔥
—————————————————-

➡️This is what you would have won in SEPTEMBER:👇

💎 With $500.00 ➡️ $816.00💵
💎 With $750.00 ➡️ $1224.00💵
💎 With $1000.00 ➡️ $1632.00💵


        ❗️❗️❗️❗️❗️❗️❗️❗️❗️

                              🔽

    👉 REQUEST ACCESS HERE 👈",2026-09-19T11:41:02Z,,
@WOLFXSIGNALS_FREEGROUP,11639,2026-09-17T11:43:08Z,"❗️❗️❗️❗️❗️❗️❗️❗️

                            ⬇️⬇️

🟢 SEPTEMBER 17 SIGNALS ARE LIVE!

💸Forex+GOLD VIP: 1 Active Signal
💸Crypto VIP Group: 1 Active Signal
——————————————————-

🚨 BEST SIGNAL OF THE MONTH.

 💰We have +$20,000 invested💥

——————————————————-
👇 Tap below, click JOIN HERE, and copy our signals automatically.

                             ⬇️",2026-09-19T11:41:02Z,2026-09-17T11:43:30Z,
@WOLFXSIGNALS_FREEGROUP,11641,2026-09-17T16:32:19Z,,2026-09-19T11:41:02Z,,
@WOLFXSIGNALS_FREEGROUP,11642,2026-09-17T16:32:33Z,"⚠️ MORE PROFITS WITH GOLD?

👇👇👇👇👇👇👇👇👇👇👇👇

✅ WE TOLD YOU: Today we had the best signal of the month. 

💲 $20,000 ➜ $26,840 cashed 💲


  😯XAUUSD ➡️TAKE PROFIT 3 🟢
     ——Profit Won: +100 PIPS——


👑Our GOLD SIGNALS are the best in the market. Verified Results↗ 🤔

——————————————————
     ❗️❗️❗️❗️❗️❗️❗️❗️❗️❗️

                       ⬇️⬇️⬇️

   👉 REQUEST ACCESS HERE 👈",2026-09-19T11:41:02Z,2026-09-17T16:37:32Z,
@WOLFXSIGNALS_FREEGROUP,11643,2026-09-17T16:32:33Z,,2026-09-19T11:41:02Z,,
@WOLFXSIGNALS_FREEGROUP,11644,2026-09-17T18:34:42Z,"🙏This is the kind of feedback we LOVE to receive.

❤️❤️❤️❤️❤️❤️❤️❤️❤️❤️❤️❤️

📱 Our inbox is full of your messages. What a good way to start the week. WINNING MONEY.

——————————————————
       🔥 BEST VIP BENEFITS 🔥

✅ 16-30 VIP Signals per week.
✅ CopyTrading Bot Access.
✅ Auto Trading Tools Supported
✅ Funded Accounts service.

                             ⬇️

           👉 REQUEST ACCESS 👈


🚨REMEMBER. We only admit 10 new clients per week (4 LEFT).",2026-09-19T11:41:02Z,,
@WOLFXSIGNALS_FREEGROUP,11645,2026-09-17T18:34:42Z,,2026-09-19T11:41:02Z,,
@WOLFXSIGNALS_FREEGROUP,11646,2026-09-18T08:00:24Z,,2026-09-19T11:41:02Z,,
@WOLFXSIGNALS_FREEGROUP,11647,2026-09-18T08:00:27Z,,2026-09-19T11:41:02Z,,
@WOLFXSIGNALS_FREEGROUP,11648,2026-09-18T08:00:40Z,"🔥 +$16,722 PROFITS MADE IN THE CRYPTO VIP🔥

✅ DOT/USDT ➡️TAKE PROFIT 3 
✅ BEAMX/USD ➡️TAKE PROFIT 1 

📊 Profits Yesterday: +75.500%🔥

——————————————————
💣 BIG SIGNAL: We’ve 2 Crypto Signals ready ➜ WILL BE IN THE VIP.

    🟢Best Signal of the Week🟢


   ❗️❗️❗️❗️❗️❗️❗️❗️❗️❗️

                             ⬇️

       👉 CRYPTO VIP ACCESS 👈",2026-09-19T11:41:02Z,,
@WOLFXSIGNALS_FREEGROUP,11649,2026-09-18T08:00:40Z,,2026-09-19T11:41:02Z,,
@WOLFXSIGNALS_FREEGROUP,11650,2026-09-18T10:28:54Z,,2026-09-19T11:41:02Z,2026-09-18T10:36:16Z,
@WOLFXSIGNALS_FREEGROUP,11651,2026-09-18T10:29:02Z,"📆 17 DAYS OF September HAVE GONE THROUGH…

🔥 950 PIPS IN PROFITS WON SO FAR ON GOLD+FOREX VIP.🔥


✅ 17/19 Signals in profits.
✅ +1900 Members inside.

✅ 36/36 Weeks in profits in 2026.
✅ CopyTrading Service ⭐️
✅ Funded Accounts Service.


💥READY FOR MORE SEPTEMBER?

                              ⬇️

                  👉 JOIN HERE 👈",2026-09-19T11:41:02Z,,
@WOLFXSIGNALS_FREEGROUP,11652,2026-09-18T14:43:26Z,,2026-09-19T11:41:02Z,,
@WOLFXSIGNALS_FREEGROUP,11653,2026-09-18T14:45:06Z,"🔔 GOLD VIP SIGNAL 🔔

XAUUSD 📈 BUY 4354.00

💰TP1 4356.00
💰TP2 4359.00
💰TP3 4364.00
🚫SL 4346.00

——————————————————
Check out our PDF, where we explain everything you need to know to follow our signals: wolfxsignals.com/get-started/ 

📌QUESTION: Where to follow our Forex Signals? 👉 {HERE}",2026-09-19T11:41:02Z,,
@WOLFXSIGNALS_FREEGROUP,11655,2026-09-18T21:59:25Z,,2026-09-19T11:41:02Z,,
@WOLFXSIGNALS_FREEGROUP,11656,2026-09-18T21:59:46Z,"💚💚💚💚💚💚💚💚💚💚💚💚

✅ XAUUSD Take-Profit 1 🟢
📊 Profit Won: +20 PIPS🔥
——————————————————

⚜️XAUUSD has reached 4356.00, completing the TP1, and first profits made with the FREE SIGNAL!✅

✅ Our trading method works ✅

——————————————————
        ❗️❗️❗️❗️❗️❗️❗️❗️❗️

                               🔽

            👉 wolfxsignals.com 👈",2026-09-19T11:41:02Z,2026-09-18T21:59:50Z,
@WOLFXSIGNALS_FREEGROUP,11657,2026-09-18T22:00:24Z,,2026-09-19T11:41:02Z,,
@WOLFXSIGNALS_FREEGROUP,11658,2026-09-18T22:00:40Z,"❗️❗️❗️❗️❗️❗️❗️❗️❗️

🥇GOLD hit Take Profit 2 ✅✅
📊 Profit Won: $5,000.00 💵

—————————————————-
•Trading Skills + News = Money✅
 
☑GOLD (XAUUSD) reached the value of 4359.00, completing the TP2, excellent analysis 🟢


🔥 Want 16-30 private signals/week + the copytrading service?

                             ⬇️

                👉 CLICK HERE 👈",2026-09-19T11:41:02Z,2026-09-18T22:00:53Z,
@WOLFXSIGNALS_FREEGROUP,11659,2026-09-19T10:02:37Z,,2026-09-19T11:41:02Z,,
@WOLFXSIGNALS_FREEGROUP,11660,2026-09-19T10:02:46Z,,2026-09-19T11:41:02Z,,
@WOLFXSIGNALS_FREEGROUP,11661,2026-09-19T10:03:50Z,"❗️❗️❗️❗️❗️❗️❗️❗️❗️

🥇 GOLD hits Take Profit 3 🟢
📊 Profit Won: $10,000.00 💵

🧠 Best Gold Strategy in the Market.
—————————————————-
 
🟢 GOLD VIP signal shared for FREE, in front of this big group of +105,000 members, built in 2020.

  ⭐️Trusted by +4000 VIP clients

                              🔽",2026-09-19T11:41:02Z,2026-09-19T10:06:04Z,
@FXFARO_FREEGROUP,13453,2026-09-14T06:12:20Z,Hey there,2026-09-19T11:41:04Z,2026-09-14T06:12:21Z,
@FXFARO_FREEGROUP,13454,2026-09-14T06:22:20Z,"IT’S MONDAY. NEW WEEK. NEW OPPORTUNITIES.

New setups. New chances.

I’m preparing today’s setups right now.

One thing you need to understand:
✅ The market DOES NOT wait for you
✅ If an AA+ setup appears and you miss it, it’s gone
✅ You can’t “fix it later”
✅ There is no catching up in trading",2026-09-19T11:41:04Z,2026-09-14T06:22:20Z,
@FXFARO_FREEGROUP,13455,2026-09-14T07:01:20Z,"Don’t want to MISS my AA+ entries using the ONE TP strategy?

Then message me now.

There is money to be made this week 💰@fxfaro",2026-09-19T11:41:04Z,2026-09-14T07:01:21Z,
@FXFARO_FREEGROUP,13456,2026-09-14T07:55:20Z,"If you’re not trading yet, make sure you absorb as much knowledge as possible.

In this channel, I regularly share market analysis with clear explanations.
Use it to prepare yourself, understand structure, and build your foundation.

Be ready.
Take notes when it’s time. @fxfaro",2026-09-19T11:41:04Z,2026-09-14T07:55:21Z,
@FXFARO_FREEGROUP,13457,2026-09-14T08:45:20Z,"🌎MONDAY = PAYOUT DAY for a lot of our Funded Management clients. 

Today it’s THEO.

$11,658.20 PAYOUT
$200K FUNDED ACCOUNT
2-WEEK WINDOW
ROI: +5.83%

And the best part?

For Theo, this is PASSIVE.

He still has a normal job and doesn’t have the time to sit behind charts all day or manage trades manually.

That’s exactly where our Funded Management system comes in.

Theo focuses on his own life and work.

We handle the funded account.

And after one 2-week window:

$11,658.20 OUT.

That’s the power of serious funded capital combined with proper management. @fxfaro",2026-09-19T11:41:04Z,2026-09-14T08:45:22Z,
@FXFARO_FREEGROUP,13458,2026-09-14T09:15:10Z,XAUSUD > LAST ENTRY FROM FRIDAY IS RUNNING AT +650PIPS.,2026-09-19T11:41:04Z,2026-09-14T09:15:11Z,
@FXFARO_FREEGROUP,13459,2026-09-14T09:19:51Z,"The 2 BANGER entries I just shared in VIP are absolutely INSANE 💸🔥

These setups are on another level.

CLICK HERE if you want to receive them too: https://t.me/m/O0UsRqyzNjVk 👀",2026-09-19T11:41:04Z,2026-09-14T09:19:52Z,
@FXFARO_FREEGROUP,13460,2026-09-14T12:08:07Z,XAUUSD > NEW ENTRY IS RUNNING AT +130PIPS. KEEP HOLDING.,2026-09-19T11:41:04Z,2026-09-14T12:08:07Z,
@FXFARO_FREEGROUP,13461,2026-09-14T12:19:59Z,GOOD NEWS: I WILL SHARE A PUBLIC TRADE SOON.,2026-09-19T11:41:04Z,2026-09-14T12:20:00Z,
@FXFARO_FREEGROUP,13462,2026-09-14T12:24:54Z,"Sell NOW CADJPY @ 111.204
SL @ 112.409
TP @ 108.779",2026-09-19T11:41:04Z,2026-09-14T12:24:55Z,
@FXFARO_FREEGROUP,13463,2026-09-14T12:25:21Z,LIVE TRADE🌎,2026-09-19T11:41:04Z,2026-09-14T12:25:23Z,
@FXFARO_FREEGROUP,13464,2026-09-14T14:06:59Z,"FIRST DAY for CAROLINE with our Funded Management. 👀🔥

And the first trade is already CLOSED:

+$860 PROFIT
$100K FUNDED ACCOUNT

But remember:

Trading is a MARATHON, not a race.

We’re not here to force crazy returns in one day.

LOW risk.
Controlled execution.
Consistency over time.

The goal is simple:

Protect the account.
Take quality setups.
Stack profits.
Work toward payout day.

Strong first day for Caroline. 💰🔥 @fxfaro",2026-09-19T11:41:04Z,2026-09-14T14:06:59Z,
@FXFARO_FREEGROUP,13465,2026-09-14T14:11:44Z,"ASHDOWN also started with our Funded Management TODAY. 👀🔥

First trade already CLOSED:

+$1,478 PROFIT
$200K FUNDED ACCOUNT

And this is something people need to understand:

The bigger the funded account, the bigger the potential dollar profit from the same percentage move.

Simple example:

1% on $50K = $500
1% on $100K = $1,000
1% on $200K = $2,000
1% on $400K = $4,000

Same percentage.
Completely different money.

That’s why account size matters so much.

Low risk.
Serious capital.
Consistent execution.

Ashdown is off to a strong start. 💰🔥 @fxfaro",2026-09-19T11:41:04Z,2026-09-14T14:11:45Z,
@FXFARO_FREEGROUP,13466,2026-09-14T14:57:23Z,XAUUSD > GOLD ENTRY OF TODAY IS RUNNING AT +270PIPS.,2026-09-19T11:41:04Z,2026-09-14T14:57:24Z,
@FXFARO_FREEGROUP,13467,2026-09-14T14:58:09Z,"XAUUSD > GOLD ENTRY FROM LAST FRIDAY HIT FULL TP.

+1050PIPS.",2026-09-19T11:41:04Z,2026-09-14T14:58:09Z,
@FXFARO_FREEGROUP,13468,2026-09-14T15:02:10Z,"HITTING ONE FULL TP feels VERY different from celebrating TP1, TP2, TP3 nonsense. 😂 @FXFARO",2026-09-19T11:41:04Z,2026-09-14T15:02:11Z,
@FXFARO_FREEGROUP,13469,2026-09-14T16:48:59Z,CADJPY (PUBLIC TRADE) > RUNNING AT +25PIPS. STILL IN.,2026-09-19T11:41:04Z,2026-09-14T16:48:59Z,
@FXFARO_FREEGROUP,13470,2026-09-14T17:01:16Z,CADJPY (PUBLIC TRADE) > DEEP PROFIT.🌎,2026-09-19T11:41:04Z,2026-09-14T17:01:16Z,
@FXFARO_FREEGROUP,13471,2026-09-14T17:36:22Z,"A LOT of people who want to start trading have the same problem:

NO TIME.

No time to sit behind charts.
No time to watch every setup.
No time to follow signals all day.

That’s exactly why we built our FUNDED MANAGEMENT system.

We trade the funded account for you with a structured approach, while you focus on your own life, job or business.

And remember:

It’s FUNDED CAPITAL.

So you’re not putting the full account size up yourself.

FUNDED ACCOUNT + OUR MANAGEMENT SYSTEM is honestly one of the biggest trading life hacks right now.

Serious capital.
Hands-off execution.
Consistent process.

That’s the whole idea. 🔥 @fxfaro",2026-09-19T11:41:04Z,2026-09-14T17:36:23Z,
@FXFARO_FREEGROUP,13472,2026-09-14T17:37:24Z,"🟢I’M LIVE IN THE CHAT RIGHT NOW.

If you have questions about:

Funded accounts
Challenge passing
Funded Management
Payouts
Risk
Account sizes
How to get started

MESSAGE ME NOW. @fxfaro

I’m answering funded account questions LIVE before I get back to the charts. 💬",2026-09-19T11:41:04Z,2026-09-14T17:37:25Z,
@FXFARO_FREEGROUP,13473,2026-09-14T19:12:10Z,CADJPY (PUBLIC TRADE) > +35PIPS. STILL IN.,2026-09-19T11:41:04Z,2026-09-14T19:12:10Z,
@FXFARO_FREEGROUP,13474,2026-09-14T22:46:35Z,"STRONG PREPARATION IS HALF THE WORK. 👀

Get your charts READY for tomorrow.

Mark your key levels.
Know your direction.
Prepare your watchlist.

Don’t wait for the market to open before you start thinking.

PREPARE FIRST.
EXECUTE SECOND. 📈 @fxfaro",2026-09-19T11:41:04Z,2026-09-14T22:46:36Z,
@FXFARO_FREEGROUP,13475,2026-09-15T06:05:20Z,"📅 IT’S TUESDAY — this is usually when market volume really starts picking up. 👀🔥

We already prepared our setups last night.

Now we’re simply waiting for the FINAL confirmations.

No guessing.
No forcing trades.
No random entries.

Only high-probability setups that match the plan.

STAY READY. 📈🔥

@fxfaro",2026-09-19T11:41:04Z,2026-09-15T06:05:22Z,
@FXFARO_FREEGROUP,13476,2026-09-15T06:55:20Z,"🚨 Our setups are almost READY.
Markets are moving and we’re just one last confirmation away from sending the first VIP signals. 

These trades can shift your whole week.

⏳ Don’t miss them.
@fxfaro",2026-09-19T11:41:04Z,2026-09-15T06:55:20Z,
@FXFARO_FREEGROUP,13477,2026-09-15T07:31:20Z,"🎯 Master Trading Tip of the Day:
Set your zones and levels before you plan to trade.

In other words — you need a solid trading plan, and more importantly, you need to stick to it ✅
That’s exactly what we do inside the VIP — no random entries, no guessing. Just structure and discipline.

👉 DM @fxfaro if you’re ready to trade like a pro!",2026-09-19T11:41:04Z,2026-09-15T07:31:21Z,
@FXFARO_FREEGROUP,13478,2026-09-15T08:35:20Z,"If your signal provider needs TP1, TP2, TP3, TP4 and TP5 just to make every trade look like a winner...

You might want to ask what your REAL Risk to Reward actually is. 😂

Trading doesn't need to feel like solving a fucking puzzle every time you enter.

I know my ENTRY.
I know my RISK.
I know my TP.

Then I let the trade WORK.

ONE TP. FULL POSITION. CLEAN EXECUTION.

Stop collecting green ""TP1 HIT ✅"" messages.

Start collecting actual profits. 💰@fxfaro",2026-09-19T11:41:04Z,2026-09-15T08:35:20Z,
@FXFARO_FREEGROUP,13479,2026-09-15T11:49:16Z,CADJPY > STILL IN.,2026-09-19T11:41:04Z,2026-09-15T11:49:16Z,
@FXFARO_FREEGROUP,13480,2026-09-15T11:53:13Z,"CHFJPYCHFJPY > THIS SETUP IS FINALLY STARTING TO LOOK READY FOR SELLS. 

And no, it’s not too late yet.

Price is moving into the area we’ve been waiting for, so this is definitely one to keep on your radar.

PURELY A TIP.

Do your own analysis.
Wait for your own confirmation.
Decide your own entry, SL and TP.

But CHFJPY is getting VERY interesting here. 📉",2026-09-19T11:41:04Z,2026-09-15T11:53:14Z,
@FXFARO_FREEGROUP,13481,2026-09-15T11:54:44Z,"CHFJPY > TRADE IDEA HERE. 

You already know what to do with this one.

Check the structure.
Wait for your confirmation.
Set your own entry, SL and TP.

I’m not going to say anything else about it.

The chart is there.

Do your own work. 📉 @FXFARO",2026-09-19T11:41:04Z,2026-09-15T11:54:45Z,
@FXFARO_FREEGROUP,13482,2026-09-15T11:57:35Z,"GBPCHF > A LOT OF YOU MESSAGED ME SAYING YOU TOOK THIS PUBLIC TRADE IDEA ON YOUR OWN. 

GOOD JOB.

You’re now sitting at around:

+30 PIPS

This is exactly how public trade ideas should be used.

Do your own analysis.
Choose your own entry.
Manage your own risk.

And when the setup lines up...

EXECUTE. 📉🔥 @FXFARO",2026-09-19T11:41:04Z,2026-09-15T11:57:36Z,
@FXFARO_FREEGROUP,13483,2026-09-15T14:33:58Z,"THIS COULD HAVE BEEN YOU. 💰🔥

HANA just received a MASSIVE payout through our Funded Management system:

$14,659.50 PAYOUT
$200K FUNDED ACCOUNT
ROI: +7.33%

And if you’re a beginner, understand this:

You do NOT need to be a professional trader yourself to get started with funded capital.

You don’t need to sit behind charts all day.
You don’t need to follow 20 signals.
You don’t need to risk $200K of your own money.

Hana had access to a $200K funded account.

We handled the management.

And now she has secured a $14K+ payout.

That’s why funded trading can be so powerful.

Start with the account.
Protect the capital.
Let the process work.
Reach payout day.

Hana did exactly that. 👀🔥 @fxfaro",2026-09-19T11:41:04Z,2026-09-15T14:33:58Z,
@FXFARO_FREEGROUP,13484,2026-09-15T14:36:02Z,"🌎LOST MONEY TRADING AND TRYING TO WIN IT ALL BACK? 

I see this ALL the time. People lose money, get emotional, increase risk, force trades and start trading with one goal:

“JUST MAKE IT BACK.”

That mindset is dangerous.

Because the moment you’re trading from frustration, you stop trading the market and start trading your emotions.

A lot of people who came to us were in exactly that position.

Now they use our Funded Management system instead.

No revenge trading.
No random entries.
No emotional decisions.

Just structured trading on funded capital, managed with proper risk.

If your only goal is to recover losses fast, you’re already starting from the wrong mindset.

Sometimes the smartest move is to stop forcing it and let experienced traders handle the execution. @fxfaro",2026-09-19T11:41:04Z,2026-09-15T14:36:04Z,
@FXFARO_FREEGROUP,13485,2026-09-15T17:06:10Z,"⚠️ IMPORTANT: I see a new BTCUSD entry forming 💰

Stay alert if you’re in the VIP.

@fxfaro",2026-09-19T11:41:04Z,2026-09-15T17:06:11Z,
@FXFARO_FREEGROUP,13486,2026-09-15T17:44:00Z,BTCUSD > INSTANT PROFIT. NOW AT +50PIPS.,2026-09-19T11:41:04Z,2026-09-15T17:44:02Z,
@FXFARO_FREEGROUP,13487,2026-09-15T19:33:42Z,"🌎REUBEN JUST GOT PAID AGAIN. 

$2,264.30 PAYOUT
$50K FUNDED ACCOUNT
ROI: +4.53%

And this one means a lot.

Reuben came to us after being around $20K down from trading and following bad signals.

Instead of revenge trading and trying to force the money back, he changed the approach.

Now he’s using our Funded Management system and focusing on rebuilding properly.

This is already his SECOND payout.

One payout at a time.
One cycle at a time.
No emotional trading.
No chasing losses.

The goal now is simple:

Keep protecting the account.
Keep stacking payouts.
Keep moving forward.

Reuben is already proving that a bad trading past does NOT have to define what happens next. 🔥 @fxfaro",2026-09-19T11:41:04Z,2026-09-15T19:33:43Z,
@FXFARO_FREEGROUP,13488,2026-09-16T06:10:23Z,"📆 Midweek Market Update

We’re right in the middle of the trading week — and today looks promising.
A few next-level setups are forming. 📈

Once everything aligns, the first high-probability VIP signals will be sent.
As always: quality over quantity. 🎯

Stay ready.
@fxfaro",2026-09-19T11:41:04Z,2026-09-16T06:10:23Z,
@FXFARO_FREEGROUP,13489,2026-09-16T06:45:23Z,"I’m currently preparing a NEW XAUUSD entry 👀🔥

So if you’re inside VIP, stay SHARP.

The higher timeframe direction is still very clear, and now it’s all about waiting for the RIGHT lower timeframe execution with minimal drawdown.

Don’t sleep on this one 😮‍💨

@fxfaro",2026-09-19T11:41:04Z,2026-09-16T06:45:23Z,
@FXFARO_FREEGROUP,13490,2026-09-16T07:22:23Z,"Stop using multiple TPs.

And you will go MUCH further in your trading..

Seriously.

That TP1, TP2, TP3 habit is holding you back more than you think.",2026-09-19T11:41:04Z,2026-09-16T07:22:24Z,
@FXFARO_FREEGROUP,13491,2026-09-16T08:21:23Z,"$17,564.80 JUST LANDED. 💰🔥

THIS is what serious funded capital can look like when everything comes together.

CALLUM just received a MASSIVE payout from his $400K funded account under our management:

$17,564.80 PAYOUT
$400K FUNDED ACCOUNT
ROI: +4.39%

And here’s what most people still don’t understand...

You do NOT need insane risk when you’re working with serious capital.

Even a controlled single-digit return on a $400K funded account can turn into a payout like this.

That’s the whole game:

Protect the account.
Take quality setups.
Stay disciplined.
Reach payout day.

Then repeat.

Callum just did exactly that.

$17.5K+ OUT.

Now we reset and work toward the next payout.  @fxfaro",2026-09-19T11:41:04Z,2026-09-16T08:21:24Z,
@FXFARO_FREEGROUP,13492,2026-09-16T10:11:54Z,"The 2 BANGER entries I just shared in VIP are absolutely INSANE 💸🔥

These setups are on another level.

CLICK HERE if you want to receive them too: https://t.me/m/O0UsRqyzNjVk 👀",2026-09-19T11:41:04Z,2026-09-16T10:11:54Z,
@FXFARO_FREEGROUP,13493,2026-09-16T10:41:35Z,GOOD NEWS: I PLAN TO SHARE A PUBLIC TRADE.,2026-09-19T11:41:04Z,2026-09-16T10:41:36Z,
@FXFARO_FREEGROUP,13494,2026-09-16T10:42:41Z,"Buy NOW GBPNZD @ 2.33872
SL @ 2.32284
TP @ 2.37005",2026-09-19T11:41:04Z,2026-09-16T10:42:43Z,
@FXFARO_FREEGROUP,13495,2026-09-16T10:42:53Z,LIVE TRADE,2026-09-19T11:41:04Z,2026-09-16T10:42:55Z,
@FXFARO_FREEGROUP,13496,2026-09-16T12:25:42Z,"⚠️ IMPORTANT: I see a new XAUUSD entry forming 💰

Stay alert if you’re in the VIP.

@fxfaro",2026-09-19T11:41:04Z,2026-09-16T12:25:43Z,
@FXFARO_FREEGROUP,13497,2026-09-16T12:42:41Z,"I JUST SHARED A NEW GOLD TRADE INSIDE VIP. 👀🔥

Everything is mapped out.

The setup.
The direction.
The entry plan.
The risk.

I’m expecting a BIG move if GOLD reacts the way I’m watching for.

Want the exact trade too?

JOIN HERE: https://t.me/m/1mD3zwlMNDk0",2026-09-19T11:41:04Z,2026-09-16T12:42:44Z,
@FXFARO_FREEGROUP,13498,2026-09-16T13:34:20Z,"ANOTHER PAYOUT JUST LANDED. 💰🔥

This time for ELLIOT.

$3,346 PAYOUT
$50K FUNDED ACCOUNT
ROI: +6.69%

And this is exactly why I keep saying:

You don’t need a $200K or $400K account to make serious money.

Even on a $50K funded account, a strong 2-week window can turn into a payout like this.

Controlled risk.
Quality setups.
Consistency.
Then payout day.

Another withdrawal secured.

Congrats Elliot. 🔥 @fxfaro",2026-09-19T11:41:04Z,2026-09-16T13:34:20Z,
@FXFARO_FREEGROUP,13499,2026-09-16T14:27:04Z,GBPNZD > STILL IN.,2026-09-19T11:41:04Z,2026-09-16T14:27:04Z,
@FXFARO_FREEGROUP,13500,2026-09-16T16:46:19Z,"IMPORTANT.

Some VERY valuable BTCUSD information is about to be shared inside VIP.

If you're already inside...

Stay alert. @fxfaro",2026-09-19T11:41:04Z,2026-09-16T16:46:19Z,
@FXFARO_FREEGROUP,13501,2026-09-16T16:54:22Z,"PAYOUTS JUST KEEP COMING. 💰🔥

Today it’s FINLAY:

$10,564.00 PAYOUT
$200K FUNDED ACCOUNT
2-WEEK WINDOW
ROI: +5.28%

And Finlay’s story is exactly why I keep warning people about trading the wrong way.

Before this, he had lost over $60K trading.

Not because trading is impossible.

Because of stupid mistakes:

Following bad signal groups.
Multiple TP nonsense with terrible Risk to Reward.
Jumping from strategy to strategy.
Watching random YouTube videos and expecting one “secret strategy” to fix everything.

That cycle can destroy your confidence and your account.

Now?

He stopped forcing it.
Stopped chasing.
Started using a structured funded approach.

And today another payout landed:

$10,564.00

The goal is NOT to win everything back in one trade.

The goal is to rebuild properly, protect capital, and stack payouts over time.

Finlay is doing exactly that. 🔥 @fxfaro",2026-09-19T11:41:04Z,2026-09-16T16:54:22Z,
@FXFARO_FREEGROUP,13502,2026-09-16T18:44:58Z,"🌎CRAZY amount of people are messaging me right now asking about FUNDED PASSING + MANAGEMENT.

So I’ve decided to open the door for:

ONLY 7 NEW PEOPLE.

I’ll personally onboard these 7 and explain the entire process:

Challenge passing
Getting funded
Account management
Risk
Payouts
How everything works from start to finish

I’m LIVE in the chat right now answering questions.

If you’ve been watching all these funded payouts and wondering how you can get started yourself...

MESSAGE ME NOW. @FXFARO

7 PEOPLE. That’s it. 🔥",2026-09-19T11:41:04Z,2026-09-16T18:44:58Z,
@FXFARO_FREEGROUP,13503,2026-09-16T20:20:03Z,+9k open messages..,2026-09-19T11:41:04Z,2026-09-16T20:20:04Z,
@FXFARO_FREEGROUP,13504,2026-09-16T20:22:36Z,🌎Quick reminder: I still have one spot left for funded account passing + management (guaranteed profit). @fxfaro,2026-09-19T11:41:04Z,2026-09-16T20:22:36Z,
@FXFARO_FREEGROUP,13505,2026-09-16T22:26:42Z,"XAUUSD > BOTH ENTRIES ARE RUNNING IN DEEP PROFIT.

1ST ENTRY > +680PIPS.
2ND ENTRY > +810PIPS.",2026-09-19T11:41:04Z,2026-09-16T22:26:43Z,
@FXFARO_FREEGROUP,13506,2026-09-16T22:27:56Z,"THE AMOUNT OF WINS YOU MISSED IN VIP TODAY JUST FROM OUR GOLD ENTRIES IS INSANE... 🤯🔥

And we weren’t sitting on the sidelines either.

WE WERE HEAVY IN GOLD SELLS.",2026-09-19T11:41:04Z,2026-09-16T22:27:56Z,
@FXFARO_FREEGROUP,13507,2026-09-16T22:29:16Z,"THE WARNING WAS ALREADY POSTED RIGHT HERE!

The people who actually paid attention, JOINED VIP and caught both GOLD SELLS are PRINTING right now. 💰

2 SELL ENTRIES.
ONE PLAN.
AND GOLD IS MOVING EXACTLY WHERE WE WANTED IT.

I warned you BEFORE the move. @fxfaro",2026-09-19T11:41:04Z,2026-09-16T22:29:17Z,
@FXFARO_FREEGROUP,13508,2026-09-16T22:32:57Z,"FOR THOSE WHO WANT FULL TRANSPARENCY 👀

These are the 2 EXACT GOLD SELL trades you missed inside VIP today. @FXFARO",2026-09-19T11:41:04Z,2026-09-16T22:32:58Z,
@FXFARO_FREEGROUP,13509,2026-09-16T22:32:57Z,,2026-09-19T11:41:04Z,,
@FXFARO_FREEGROUP,13510,2026-09-17T06:05:24Z,Hi there,2026-09-19T11:41:04Z,2026-09-17T06:05:26Z,
@FXFARO_FREEGROUP,13511,2026-09-17T06:45:24Z,"Quick tip:
Plan your trade, and trade your plan 🎯

Don’t sit behind the charts entering trades just because it “feels right.”
That’s not trading — that’s gambling.",2026-09-19T11:41:04Z,2026-09-17T06:45:26Z,
@FXFARO_FREEGROUP,13512,2026-09-17T07:02:24Z,"So what’s the smart move?

Do your analysis ✅
Mark your key levels — these are essential parts of your trading plan.

Of course, there’s more to it…
But it all starts with having a clear plan before you even think about entering.

Discipline > Guesswork 
@fxfaro",2026-09-19T11:41:04Z,2026-09-17T07:02:26Z,
@FXFARO_FREEGROUP,13513,2026-09-17T07:35:24Z,"Personally, I use between 4–6 confirmations that I must check off before a trade is valid ✅
The number depends on the type of setup.

These confirmations — and the logic behind them — are all shared inside the VIP 🔒
This is how we stay consistent.
@fxfaro",2026-09-19T11:41:04Z,2026-09-17T07:35:25Z,
@FXFARO_FREEGROUP,13514,2026-09-17T08:01:24Z,ⓘ You have been mentioned by the owner of the channel,2026-09-19T11:41:04Z,2026-09-17T08:01:24Z,
@FXFARO_FREEGROUP,13515,2026-09-17T08:03:24Z,"I’M ONLINE RIGHT NOW answering messages before we start today’s trading session inside VIP. 👀🔥

If you have questions about:

VIP
Funded trading
Account management
Challenge passing
Or how to get started

MESSAGE ME NOW. @fxfaro",2026-09-19T11:41:04Z,2026-09-17T08:03:26Z,
@FXFARO_FREEGROUP,13516,2026-09-17T09:51:17Z,"The 2 BANGER entries I just shared in VIP are absolutely INSANE 💸🔥

These setups are on another level.

CLICK HERE if you want to receive them too: https://t.me/m/O0UsRqyzNjVk 👀",2026-09-19T11:41:04Z,2026-09-17T09:51:17Z,
@FXFARO_FREEGROUP,13517,2026-09-17T10:36:45Z,GBPNZD > STILL IN.,2026-09-19T11:41:04Z,2026-09-17T10:36:45Z,
@FXFARO_FREEGROUP,13518,2026-09-17T12:18:25Z,"🌎ANOTHER PAYOUT JUST LANDED.

At this point, payouts are coming in from our funded management members almost EVERY DAY.

Today it’s HARRISON:

$3,659.50 PAYOUT
$50K FUNDED ACCOUNT
2-WEEK WINDOW
ROI: +7.32%

But here’s the part that matters...

Before this, Harrison was roughly $18,000 DOWN from trading.

Random YouTube strategies.
Constantly switching methods.
FOMO entries.
Trying to catch every move.

He didn’t need another “secret strategy.”

He needed to STOP making the same expensive mistakes.

Now the trading is handled under our funded management, and instead of chasing the market himself, he just received a $3,659.50 payout from a $50K funded account.

The old cycle is gone.

Now the focus is simple:

Protect the funded account.
Trade with structure.
Work toward the next payout.

Congrats Harrison. Onto the next one. @fxfaro",2026-09-19T11:41:04Z,2026-09-17T12:18:26Z,
@FXFARO_FREEGROUP,13519,2026-09-17T14:46:44Z,"⚠️ IMPORTANT: I see a new XAUUSD entry forming 💰

Stay alert if you’re in the VIP.

@fxfaro",2026-09-19T11:41:04Z,2026-09-17T14:46:46Z,
@FXFARO_FREEGROUP,13520,2026-09-17T15:12:21Z,XAUUSD > PUSHING AT +60PIPS. KEEP HOLDING.,2026-09-19T11:41:04Z,2026-09-17T15:12:22Z,
@FXFARO_FREEGROUP,13521,2026-09-17T17:25:01Z,GOOD NEWS: I PLAN TO SHARE A TRADE IDEA!,2026-09-19T11:41:04Z,2026-09-17T17:25:02Z,
@FXFARO_FREEGROUP,13522,2026-09-17T17:27:56Z,"EURAUD > HERE WE GO. 👀🔥

We’re currently in a clear DOWNTREND.

Price has pushed back into our SUPPLY ZONE, and the latest 4H candle closed heavily BEARISH.

This is exactly the area I’ve been watching for potential SELL opportunities.

IMPORTANT:

This is a TRADE IDEA, not an exact signal.

Determine your own ENTRY, SL and TP levels.
Wait for your own confirmation.
Use proper risk management.

Let’s see how EURAUD reacts from here. @fxfaro",2026-09-19T11:41:04Z,2026-09-17T17:27:56Z,
@FXFARO_FREEGROUP,13523,2026-09-17T19:09:29Z,"XAUUSD > BOTH ENTRIES ARE RUNNING IN GREAT PROFIT!! 

+80PIPS.
+50PIPS.",2026-09-19T11:41:04Z,2026-09-17T19:09:32Z,
@FXFARO_FREEGROUP,13524,2026-09-17T19:42:25Z,"XAUUSD > MASSIVE DROP!!! WE ARE PRINTING!

+180PIPS.
+150PIPS.",2026-09-19T11:41:04Z,2026-09-17T19:42:26Z,
@FXFARO_FREEGROUP,13525,2026-09-17T19:43:22Z,"THIS IS EXACTLY WHY YOU NEED TO STAY SHARP ON GOLD. 👀🔥

GOLD moves FAST.

One moment everything looks quiet...

Then BOOM. The move happens.

And once again, VIP WAS THERE ON TIME.

The setup was shared BEFORE the move.
The entry was already planned.
No hindsight.
No chasing after the move already happened.

While others were trying to figure out what was happening...

VIP was already positioned. 💰🔥 @fxfaro",2026-09-19T11:41:04Z,2026-09-17T19:43:23Z,
@FXFARO_FREEGROUP,13526,2026-09-17T20:20:02Z,"😅ZERO TRADING EXPERIENCE.

😬ZERO TRADES PLACED.

AND JAMIE JUST RECEIVED A $4,385.20 PAYOUT. 🤯💰

Another serious payout landed TODAY from our funded management.

$4,385.20 PAYOUT
2-WEEK WINDOW

Jamie had literally ZERO trading experience before starting.

Never placed a trade.
Never spent years learning charts.
Never jumped between 10 different signal groups.

Meanwhile, some traders have tried 10 signal groups with TP1, TP2, TP3...

Watched hundreds of YouTube videos...

Changed strategies every other week...

And are STILL not profitable.

Sometimes the solution doesn’t have to be complicated.

Instead of trying to become a trader himself, Jamie chose to have the funded account managed for him.

Now he’s already seeing payouts.

No FOMO.
No chasing signals.
No staring at charts all day.

Just hands-off management while our team handles the trading.

Sometimes SIMPLE wins. @fxfaro",2026-09-19T11:41:04Z,2026-09-17T20:20:02Z,
@FXFARO_FREEGROUP,13527,2026-09-18T06:11:02Z,"Hey there.. the trading week is almost over, and today is shaping up to be an exciting one.",2026-09-19T11:41:04Z,2026-09-18T06:11:03Z,
@FXFARO_FREEGROUP,13528,2026-09-18T06:29:16Z,"Do your analysis ✅
Mark your key levels — these are essential parts of your trading plan.

Of course, there’s more to it…
But it all starts with having a clear plan before you even think about entering.

@fxfaro",2026-09-19T11:41:04Z,2026-09-18T06:29:16Z,
@FXFARO_FREEGROUP,13529,2026-09-18T07:36:01Z,"When creating your PLAN and doing your ANALYSIS, make sure you stick to ONE SINGLE TP 💸

No TP1 TP2 TP3
No splitting your position too early

If you still use multiple TPs…

You’ll notice over time that you’re NOT PROFITABLE.

You cut winners too fast
You keep losses full

Fix this, and everything changes. @fxfaro",2026-09-19T11:41:04Z,2026-09-18T07:36:01Z,
@FXFARO_FREEGROUP,13530,2026-09-18T07:59:01Z,"When creating your PLAN and doing your ANALYSIS, make sure you stick to ONE SINGLE TP 💸

No TP1 TP2 TP3
No splitting your position too early

If you still use multiple TPs…

You’ll notice over time that you’re NOT PROFITABLE.

You cut winners too fast
You keep losses full

Fix this, and everything changes. @fxfaro",2026-09-19T11:41:04Z,2026-09-18T07:59:02Z,
@FXFARO_FREEGROUP,13531,2026-09-18T09:19:42Z,"REMEMBER PEOPLE:

If you can't clearly explain WHY you're taking a trade, you're not trading. You're GAMBLING.

Most traders have no real plan. They see a chart, get a feeling, and randomly jump in.

That's exactly why they struggle to become consistently profitable.

Before I enter ANY trade, I need a list of confirmations that I can check off one by one.

No confirmations? NO TRADE.

Stop trading feelings.
Start trading a PLAN. 🧠📈 
@fxfaro",2026-09-19T11:41:04Z,2026-09-18T09:19:43Z,
@FXFARO_FREEGROUP,13532,2026-09-18T10:39:53Z,"BTCUSD > BOTH ENTRIES ARE RUNNING IN DEEP PROFIT. KEEP HOLDING.

+200PIPS.
+250PIPS.",2026-09-19T11:41:04Z,2026-09-18T10:39:54Z,
@FXFARO_FREEGROUP,13533,2026-09-18T10:43:04Z,EURAUD (PUBLIC TRADE) > RUNNING AT +30PIPS. STILL IN.,2026-09-19T11:41:04Z,2026-09-18T10:43:06Z,
@FXFARO_FREEGROUP,13534,2026-09-18T11:31:56Z,EURAUD (PUBLIC TRADE) > PRICE IS MELTING! +45PIPS.,2026-09-19T11:41:04Z,2026-09-18T11:31:56Z,
@FXFARO_FREEGROUP,13535,2026-09-18T12:44:01Z,"🚨I’m about to drop something serious.

This is for people who actually want to move, not just watch 🚀

If you want access, send me:

• Which broker you use
• How much trading experience you have
• No broker? Just say “no broker”

I’m selecting based on your answer.

CLICK >> https://t.me/m/-ccIt_oUNjFk",2026-09-19T11:41:04Z,2026-09-18T12:44:02Z,
@FXFARO_FREEGROUP,13536,2026-09-18T12:47:01Z,"WHAT'S INCLUDED:

✔️ 100% DEPOSIT BONUS
✔️ PROFIT GUARANTEE OF 70–150 USD IN YOUR FIRST TRADING WEEK
✔️ 4 FREE EBOOKS
✔️ My SINGLE TP STRATEGY explained step by step
✔️ Exactly how I SPOT AA+ ENTRIES with confirmations

Everything you need to trade properly, in one place.
If you’re serious, you already know what to do.

CLICK >> https://t.me/m/-ccIt_oUNjFk",2026-09-19T11:41:04Z,2026-09-18T12:47:03Z,
@FXFARO_FREEGROUP,13537,2026-09-18T13:40:01Z,✅️5479 people have clicked on the link and 191 people have received VIP access so far. https://t.me/m/-ccIt_oUNjFk,2026-09-19T11:41:04Z,2026-09-18T13:40:02Z,
@FXFARO_FREEGROUP,13538,2026-09-18T14:46:14Z,XAUUSD > THERE WE GO! NEW ENTRY IS RUNNING AT +280PIPS.,2026-09-19T11:41:04Z,2026-09-18T14:46:15Z,
@FXFARO_FREEGROUP,13539,2026-09-18T14:48:17Z,"IMPORTANT.

Some VERY valuable XAUUSD information is about to be shared inside VIP.

If you're already inside...

Stay alert. @fxfaro",2026-09-19T11:41:04Z,2026-09-18T14:48:17Z,
@FXFARO_FREEGROUP,13540,2026-09-18T15:02:12Z,"BTCUSD IS PUSHING TO THE MOON😂

NEW ENTRY IS RUNNING AT +290PIPS.",2026-09-19T11:41:04Z,2026-09-18T15:02:12Z,
@FXFARO_FREEGROUP,13541,2026-09-18T15:05:33Z,"FULL BTC UPDATE:

+460PIPS.
+510PIPS.
+290PIPS.",2026-09-19T11:41:04Z,2026-09-18T15:05:34Z,
@FXFARO_FREEGROUP,13542,2026-09-18T17:43:42Z,🟢 7854 people have clicked on the link and 369 people have received VIP access so far. https://t.me/m/-ccIt_oUNjFk,2026-09-19T11:41:04Z,2026-09-18T17:43:43Z,
@FXFARO_FREEGROUP,13543,2026-09-18T19:20:06Z,"$43,000 DOWN FROM TRADING...😵

NOW ALFIE JUST PULLED $10,267.30 IN A SINGLE WEEK. 🤯💰

Another MASSIVE payout landed today from our funded management:

$10,267.30 PAYOUT
$200K FUNDED ACCOUNT
1-WEEK WINDOW
ROI: +5.13%

And Alfie is running this 100% HANDS-OFF.

Before management, he was roughly $43K in the red.

Multiple-TP signal groups.
Jumping between random strategies.
Trying to find the next “winning system.”
Making emotional decisions.

Now?

He doesn’t place the trades himself.
He doesn’t chase signals.
He doesn’t sit behind the charts all day.

The account is managed for him while he focuses on his own life.

And after being $43K down, payouts like this are helping him rebuild what he lost.

$10,267.30 in ONE WEEK.

Sometimes the answer isn’t another strategy.

Sometimes you need to stop doing what keeps costing you money. @fxfaro",2026-09-19T11:41:04Z,2026-09-18T19:20:07Z,
@FXFARO_FREEGROUP,13544,2026-09-18T19:35:07Z,"🤯I’M GETTING A LOT OF MESSAGES FROM TRADERS WHO ARE DEEP IN THE RED.

And when I look at what they’ve been doing, I keep seeing the SAME problems over and over again.

Most of the time it comes down to:

LACK OF EXPERIENCE
Not enough real chart time. Watching a few YouTube videos is NOT the same as spending thousands of hours reading price action.

BAD RISK MANAGEMENT
One bad trade should never be able to destroy weeks of progress.

FOMO
Entering because price is moving instead of because your setup is actually there.

MULTIPLE TPs
Taking tiny profits too early while still accepting the full SL can destroy your actual Risk to Reward.

NO REAL EXIT STRATEGY
A good entry means nothing if you don’t know when and WHY you’re getting out. Your exit should be planned before you enter.

This is why so many traders can be “right” regularly and STILL lose money.

Trading isn’t just about finding a BUY or SELL.

ENTRY.
RISK.
SL.
TP.
EXIT.

The entire trade needs a plan BEFORE you click the button. @fxfaro",2026-09-19T11:41:04Z,2026-09-18T19:35:08Z,
@FXFARO_FREEGROUP,13545,2026-09-18T19:44:01Z,"LOST MONEY TRADING BECAUSE OF YOUR OWN MISTAKES? You don’t have to try to win it all back using your OWN capital.

There’s another route. FUNDED CAPITAL.

Instead of risking more of your personal money, you can potentially trade a much larger funded account and work toward rebuilding those previous losses.

How quickly that happens depends entirely on:

Your previous loss
Your funded account size

But the goal is simple:

STOP risking more personal capital trying to recover old losses. Want to know how our funded setup works?

Message me: FUNDED @fxfaro🔥",2026-09-19T11:41:04Z,2026-09-18T19:44:02Z,
@FXFARO_FREEGROUP,13546,2026-09-19T07:10:04Z,Hi there,2026-09-19T11:41:04Z,2026-09-19T07:10:05Z,
@FXFARO_FREEGROUP,13547,2026-09-19T07:25:01Z,"It’s Saturday — FX market is closed, but crypto is open 🔥
That means we’re fully active on BTCUSD right now.",2026-09-19T11:41:04Z,2026-09-19T07:25:03Z,
@FXFARO_FREEGROUP,13548,2026-09-19T08:22:01Z,"😂It’s INSANE how many messages I get from people who lost money following MULTIPLE TP SIGNALS 

Well… good thing you’re here now, because at least you’ve been warned.

And if you keep doing it after hearing this?

Then you’re basically choosing to fail. @fxfaro",2026-09-19T11:41:04Z,2026-09-19T08:22:01Z,
@FXFARO_FREEGROUP,13549,2026-09-19T09:45:03Z,ⓘ You have been mentioned,2026-09-19T11:41:04Z,2026-09-19T09:45:03Z,
@FXFARO_FREEGROUP,13550,2026-09-19T09:47:01Z,"I've spent the past hour analyzing BTC across both the higher and lower time frames.!

Something very interesting is developing. The charts are starting to align, and this could lead to a high-probability opportunity.

Don't miss what's coming. Join here before I share the full analysis and trade idea:

👉 https://t.me/m/k6Lm7K7mODQ0",2026-09-19T11:41:04Z,2026-09-19T09:47:02Z,
@FXFARO_FREEGROUP,13551,2026-09-19T10:59:18Z,BTCUSD > LATEST ENTRY IS RUNNING AT +45PIPS.,2026-09-19T11:41:04Z,2026-09-19T10:59:18Z,
@FXFARO_FREEGROUP,13552,2026-09-19T11:03:20Z,"FULL BTC UPDATE! ITS A MATTER OF TIME BEFORE THE FIRST 3 ENTRIES HIT FULL TP.

+500PIPS. ALMOST HITTING TP.
+550PIPS. ALMOST HITTING TP.
+310PIPS. ALMOST HITTING TP.
+50PIPS.",2026-09-19T11:41:04Z,2026-09-19T11:03:21Z,
@TOPNOTCHFOREXFREE,23710,2026-09-08T18:03:01Z,The month september just started and already made 7232€ 💯,2026-09-19T11:41:07Z,2026-09-08T18:03:07Z,
@TOPNOTCHFOREXFREE,23711,2026-09-09T06:31:21Z,"Good morning, traders! ☕️

My premium members woke up with INSANE PROFITS

I will send the first free GOLD TRADE of the day soon 🔥🥇

Turn on your notifications 🔔",2026-09-19T11:41:07Z,2026-09-09T06:31:27Z,
@TOPNOTCHFOREXFREE,23712,2026-09-09T07:51:54Z,Are you ready? 🔔,2026-09-19T11:41:07Z,2026-09-09T07:52:08Z,
@TOPNOTCHFOREXFREE,23713,2026-09-09T07:52:31Z,"🌎 SIGNAL ALERT!

💰 SELL XAUUSD 4409.6

🛩 TP1: 4407.3
🛩 TP2: 4404.2
🛩 TP3: 4394.2

⛔️ SL: 4425.0",2026-09-19T11:41:07Z,2026-09-09T07:52:36Z,
@TOPNOTCHFOREXFREE,23714,2026-09-09T08:15:02Z,"✅ TP1 hit: +230 pips 

Manage your trades, team 🫡🔥",2026-09-19T11:41:07Z,2026-09-09T08:15:05Z,
@TOPNOTCHFOREXFREE,23715,2026-09-09T08:15:16Z,"✅ TP2 hit: +540 pips

WHAT A TRADE 🚀🚀🚀",2026-09-19T11:41:07Z,2026-09-09T08:15:23Z,
@TOPNOTCHFOREXFREE,23716,2026-09-09T08:20:01Z,"[LIMITED] 5 FREE SPOTS to my Premium just opened 🚨

FIRST COME FIRST SERVE 👇

CLAIM YOUR SPOT HERE ⚠️",2026-09-19T11:41:07Z,2026-09-09T08:20:03Z,
@TOPNOTCHFOREXFREE,23717,2026-09-09T10:50:42Z,"✅ TP3 hit: +1540 pips 

Day 4 in a row hitting full take-profit 🚀 

Enjoy your profits team 🫡🔥

JOIN MY PREMIUM NOW 🏆",2026-09-19T11:41:07Z,2026-09-09T10:50:47Z,
@TOPNOTCHFOREXFREE,23718,2026-09-09T13:35:13Z,"A new GOLD signal is loading RIGHT NOW for my Premium members 👀

Don't miss out! 👇

JOIN MY PREMIUM NOW 🏆",2026-09-19T11:41:07Z,2026-09-09T13:35:18Z,
@TOPNOTCHFOREXFREE,23719,2026-09-09T15:40:14Z,"XAUUSD TP3: +1540 pips ✅✅✅

MASSIVE PROFITS WITH TNFX! 🛩",2026-09-19T11:41:07Z,2026-09-09T15:40:27Z,
@TOPNOTCHFOREXFREE,23720,2026-09-09T15:41:01Z,"INSANE ROCKET IN MY PREMIUM 🚀

Big moves, clean executions 🏹

Let me guess, you weren’t in?

CLICK HERE AND STOP MISSING OUT",2026-09-19T11:41:07Z,2026-09-09T15:41:07Z,
@TOPNOTCHFOREXFREE,23721,2026-09-09T17:35:19Z,"I AM OPENING 5 FREE SPOTS TO MY PREMIUM! 

Message me & I will onboard you NOW! 🔥

👉 @TopNotchForex 📥",2026-09-19T11:41:07Z,2026-09-09T17:35:22Z,
@TOPNOTCHFOREXFREE,23722,2026-09-10T06:31:22Z,"Good morning, traders! ☕️

I will send the first free GOLD TRADE of the day soon 🔥🥇

Turn on your notifications 🔔",2026-09-19T11:41:07Z,2026-09-10T06:31:37Z,
@TOPNOTCHFOREXFREE,23723,2026-09-10T08:16:28Z,Are you ready? 🔔,2026-09-19T11:41:07Z,2026-09-10T08:16:37Z,
@TOPNOTCHFOREXFREE,23724,2026-09-10T08:18:24Z,"🌎 SIGNAL ALERT!

💰 SELL XAUUSD 4406.1

🛩 TP1: 4404.0
🛩 TP2: 4401.2
🛩 TP3: 4392.2

⛔️ SL: 4420.0",2026-09-19T11:41:07Z,2026-09-10T08:18:38Z,
@TOPNOTCHFOREXFREE,23725,2026-09-10T08:45:09Z,"✅ TP1 hit: +210 pips 

Manage your trades, team 🫡🔥",2026-09-19T11:41:07Z,2026-09-10T08:45:17Z,
@TOPNOTCHFOREXFREE,23726,2026-09-10T08:45:30Z,"✅ TP2 hit: +490 pips

WHAT A TRADE 🚀🚀🚀",2026-09-19T11:41:07Z,2026-09-10T08:45:44Z,
@TOPNOTCHFOREXFREE,23727,2026-09-10T08:45:35Z,"[LIMITED] 5 FREE SPOTS to my Premium just opened 🚨

FIRST COME FIRST SERVE 👇

CLAIM YOUR SPOT HERE ⚠️",2026-09-19T11:41:07Z,2026-09-10T08:45:47Z,
@TOPNOTCHFOREXFREE,23728,2026-09-10T09:45:06Z,"✅ TP3 hit: +1390 pips 

Day 6 in a row hitting full take-profit 🚀 

Enjoy your profits team 🫡🔥

JOIN MY PREMIUM NOW 🏆",2026-09-19T11:41:07Z,2026-09-10T09:45:08Z,
@TOPNOTCHFOREXFREE,23729,2026-09-10T11:52:15Z,"A new GOLD signal is loading RIGHT NOW for my Premium members 👀

Don't miss out! 👇

JOIN MY PREMIUM NOW 🏆",2026-09-19T11:41:07Z,2026-09-10T11:52:18Z,
@TOPNOTCHFOREXFREE,23730,2026-09-10T14:01:01Z,"PREMIUM STRIKES AGAIN 🔥

While you were hesitating, we caught BIG MOVES 💰

Want in on the next one?
DM me now: @TopNotchForex 📥",2026-09-19T11:41:07Z,2026-09-10T14:01:05Z,
@TOPNOTCHFOREXFREE,23731,2026-09-10T14:04:40Z,"XAUUSD TP3: +1390 pips ✅✅✅

MASSIVE PROFITS WITH TNFX! 🛩",2026-09-19T11:41:07Z,2026-09-10T14:04:48Z,
@TOPNOTCHFOREXFREE,23734,2026-09-10T16:30:19Z,"🤝 It takes ONE good decision 📈

Before: Serving people and making coffees, earning €8,00 per hour blowing accounts in my free time

Now: Six figure months, automating stratgies and helping thousands 💪

My number 1 lesson? Stop wanting things now and invest long-term 📆

👉 The right decision is one click away, stop watching & waiting 🪙",2026-09-19T11:41:07Z,2026-09-10T16:30:24Z,
@TOPNOTCHFOREXFREE,23735,2026-09-10T16:30:19Z,,2026-09-19T11:41:07Z,,
@TOPNOTCHFOREXFREE,23736,2026-09-11T06:34:59Z,"Good morning, traders! ☕️

My premium members woke up with INSANE PROFITS

I will send the first free GOLD TRADE of the day soon 🔥🥇

Turn on your notifications 🔔",2026-09-19T11:41:07Z,2026-09-11T06:34:59Z,
@TOPNOTCHFOREXFREE,23737,2026-09-11T07:16:21Z,Are you ready? 🔔,2026-09-19T11:41:07Z,2026-09-11T07:16:21Z,
@TOPNOTCHFOREXFREE,23738,2026-09-11T07:16:42Z,"🌎 SIGNAL ALERT!

💰 SELL XAUUSD 4350.6

🛩 TP1: 4348.4
🛩 TP2: 4345.4
🛩 TP3: 4335.7

⛔️ SL: 4365.5",2026-09-19T11:41:07Z,2026-09-11T07:16:43Z,
@TOPNOTCHFOREXFREE,23739,2026-09-11T07:28:44Z,"✅ TP1 hit: +220 pips 

Manage your trades, team 🫡🔥",2026-09-19T11:41:07Z,2026-09-11T07:28:46Z,
@TOPNOTCHFOREXFREE,23740,2026-09-11T07:56:27Z,"✅ TP2 hit: +520 pips

WHAT A TRADE 🚀🚀🚀",2026-09-19T11:41:07Z,2026-09-11T07:56:28Z,
@TOPNOTCHFOREXFREE,23741,2026-09-11T07:56:33Z,"[LIMITED] 4 FREE SPOTS to my Premium just opened 🚨

FIRST COME FIRST SERVE 👇

CLAIM YOUR SPOT HERE ⚠️",2026-09-19T11:41:07Z,2026-09-11T07:56:34Z,
@TOPNOTCHFOREXFREE,23742,2026-09-11T11:48:39Z,"✅ TP3 hit: +1490 pips 

Day 7 in a row hitting full take-profit 🚀 

Enjoy your profits team 🫡🔥

JOIN MY PREMIUM NOW 🏆",2026-09-19T11:41:07Z,2026-09-11T11:48:40Z,
@TOPNOTCHFOREXFREE,23743,2026-09-11T13:59:01Z,"The last GOLD trade of this tradingweek will be sent shortly in my FREE premium group ⏳

Don't miss out, message me NOW 👇💬

CLICK HERE FOR FREE ACCESS",2026-09-19T11:41:07Z,2026-09-11T13:59:02Z,
@TOPNOTCHFOREXFREE,23744,2026-09-11T16:57:05Z,"BTCUSD TP3: +751 pips ✅✅✅

MASSIVE PROFITS WITH TNFX! 🛩",2026-09-19T11:41:07Z,2026-09-11T16:57:06Z,
@TOPNOTCHFOREXFREE,23745,2026-09-11T16:57:06Z,"XAUUSD TP3: +1489 pips ✅✅✅

MASSIVE PROFITS WITH TNFX! 🛩",2026-09-19T11:41:07Z,2026-09-11T16:57:06Z,
@TOPNOTCHFOREXFREE,23746,2026-09-11T16:57:20Z,"WHAT A DAY FOR MY PREMIUM 🔥

We absolutely destroyed the market with my GOLD trades 🚀

Execution on point, results delivered 💸

CLAIM YOUR SPOT HERE NOW",2026-09-19T11:41:07Z,2026-09-11T16:57:21Z,
@TOPNOTCHFOREXFREE,23747,2026-09-12T06:32:01Z,"‼️ LIMITED OFFER: Boost your first deposit with an extra 50% 💸

🔥 $1000 → $1500 (FREE $500)
🔥 $500 → $750 (FREE $150)
🔥 $100 → $150 (FREE $50)

Only available for the next 36 hours, don’t miss out guys! ⏳🤯

👉 Click here to sign up FOR FREE and claim your bonus",2026-09-19T11:41:07Z,2026-09-12T06:32:01Z,
@TOPNOTCHFOREXFREE,23748,2026-09-12T10:02:46Z,"☄️ This week: 81% success rate, and over 20.000+ pips gained 🔥 

Another clean and controlled week in the PREMIUM community 💰📈

Here’s the full breakdown:
✅ 81% reached TP1
✅ 76% reached TP2
✅ 64% reached TP3

📊 Check all of my results here
🚀 Join @TopNotchForex today",2026-09-19T11:41:07Z,2026-09-12T10:02:47Z,
@TOPNOTCHFOREXFREE,23749,2026-09-12T10:02:46Z,,2026-09-19T11:41:07Z,,
@TOPNOTCHFOREXFREE,23750,2026-09-12T10:02:46Z,,2026-09-19T11:41:07Z,,
@TOPNOTCHFOREXFREE,23751,2026-09-12T14:48:01Z,"I have a serious question… 🤨

Last week I shared over 15 FREE Gold trades, and you haven’t taken any of them. Why? 

I’ve delivered results like this week in, week out, consistently for almost 3 years straight 👇

🤝 TAKE ACTION NOW",2026-09-19T11:41:07Z,2026-09-12T14:48:01Z,
@TOPNOTCHFOREXFREE,23752,2026-09-13T07:15:16Z,"📆 It’s Sunday, are you investing or procrastinating your goals?

The markets open tonight, and I’m looking for more winning trades  🕯

You have the chance to take every single trade with me, all you have to do is start 💰

👉 @TopNotchForex 📈",2026-09-19T11:41:07Z,2026-09-13T07:15:17Z,
@TOPNOTCHFOREXFREE,23753,2026-09-13T17:03:12Z,"⚠️ FINAL CALL: The market opens in 5 hours

This is your last chance to join before the first signals drop 

CLICK HERE TO JOIN FOR FREE",2026-09-19T11:41:07Z,2026-09-13T17:03:13Z,
@TOPNOTCHFOREXFREE,23754,2026-09-14T06:33:26Z,"Good morning, traders! ☕️

I will send the first free GOLD TRADE of the day soon 🔥🥇

Turn on your notifications 🔔",2026-09-19T11:41:07Z,2026-09-14T06:33:26Z,
@TOPNOTCHFOREXFREE,23755,2026-09-14T07:34:19Z,Are you ready? 🔔,2026-09-19T11:41:07Z,2026-09-14T07:34:19Z,
@TOPNOTCHFOREXFREE,23756,2026-09-14T07:34:33Z,"🌎 SIGNAL ALERT!

💰 SELL XAUUSD 4317.0

🛩 TP1: 4314.8
🛩 TP2: 4311.9
🛩 TP3: 4302.5

⛔️ SL: 4331.5",2026-09-19T11:41:07Z,2026-09-14T07:34:34Z,
@TOPNOTCHFOREXFREE,23757,2026-09-14T07:55:09Z,"✅ TP1 hit: +220 pips 

Manage your trades, team 🫡🔥",2026-09-19T11:41:07Z,2026-09-14T07:55:10Z,
@TOPNOTCHFOREXFREE,23758,2026-09-14T07:55:28Z,"✅ TP2 hit: +510 pips

WHAT A TRADE 🚀🚀🚀",2026-09-19T11:41:07Z,2026-09-14T07:55:29Z,
@TOPNOTCHFOREXFREE,23759,2026-09-14T08:00:01Z,"[LIMITED] 3 FREE SPOTS to my Premium just opened 🚨

FIRST COME FIRST SERVE 👇

CLAIM YOUR SPOT HERE ⚠️",2026-09-19T11:41:07Z,2026-09-14T08:00:02Z,
@TOPNOTCHFOREXFREE,23760,2026-09-14T09:28:24Z,"✅ TP3 hit: +1450 pips 

Day 8 in a row hitting full take-profit 🚀 

Enjoy your profits team 🫡🔥

JOIN MY PREMIUM NOW 🏆",2026-09-19T11:41:07Z,2026-09-14T09:28:25Z,
@TOPNOTCHFOREXFREE,23761,2026-09-14T11:55:17Z,"I will share a new winning signal in my FREE premium group soon 😏👇

CLICK HERE TO RECEIVE IT",2026-09-19T11:41:07Z,2026-09-14T11:55:18Z,
@TOPNOTCHFOREXFREE,23762,2026-09-14T17:33:13Z,"XAUUSD TP3: +1580 pips ✅✅✅

MASSIVE PROFITS WITH TNFX! 🛩",2026-09-19T11:41:07Z,2026-09-14T17:33:14Z,
@TOPNOTCHFOREXFREE,23763,2026-09-14T17:33:13Z,"XAUUSD TP3: +1540 pips ✅✅✅

MASSIVE PROFITS WITH TNFX! 🛩",2026-09-19T11:41:07Z,2026-09-14T17:33:14Z,
@TOPNOTCHFOREXFREE,23764,2026-09-14T17:33:25Z,"WHAT A DAY GUYS!!!

This is how we do it in MY PREMIUM, more big wins! 💥

Not a member yet? Message me NOW, I will onboard you for FREE  

@TopNotchForex 📥",2026-09-19T11:41:07Z,2026-09-14T17:33:26Z,
@TOPNOTCHFOREXFREE,23765,2026-09-14T19:45:21Z,"At your service! I had more transactions spread out up to and including TP3.
👍🫡",2026-09-19T11:41:07Z,2026-09-14T19:45:22Z,
@TOPNOTCHFOREXFREE,23766,2026-09-15T06:29:01Z,"XAUUSD TP3: +1439 pips ✅✅✅

MASSIVE PROFITS WITH TNFX! 🛩",2026-09-19T11:41:07Z,2026-09-15T06:29:01Z,
@TOPNOTCHFOREXFREE,23767,2026-09-15T06:29:01Z,"XAUUSD TP3: +1489 pips ✅✅✅

MASSIVE PROFITS WITH TNFX! 🛩",2026-09-19T11:41:07Z,2026-09-15T06:29:01Z,
@TOPNOTCHFOREXFREE,23768,2026-09-15T06:32:06Z,"Good morning, traders! ☕️

I will send the first free GOLD TRADE of the day soon 🔥🥇

Turn on your notifications 🔔",2026-09-19T11:41:07Z,2026-09-15T06:32:07Z,
@TOPNOTCHFOREXFREE,23769,2026-09-15T07:21:43Z,"🌎 SIGNAL ALERT!

💰 SELL XAUUSD 4289.8

🛩 TP1: 4287.3
🛩 TP2: 4284.0
🛩 TP3: 4273.1

⛔️ SL: 4306.5",2026-09-19T11:41:07Z,2026-09-15T07:21:44Z,
@TOPNOTCHFOREXFREE,23770,2026-09-15T07:37:48Z,"✅ TP1 hit: +250 pips 

Manage your trades, team 🫡🔥",2026-09-19T11:41:07Z,2026-09-15T07:37:49Z,
@TOPNOTCHFOREXFREE,23771,2026-09-15T07:47:33Z,"✅ TP2 hit: +600 pips

WHAT A TRADE 🚀🚀🚀",2026-09-19T11:41:07Z,2026-09-15T07:47:35Z,
@TOPNOTCHFOREXFREE,23772,2026-09-15T07:47:36Z,"[LIMITED] 3 FREE SPOTS to my Premium just opened 🚨

FIRST COME FIRST SERVE 👇

CLAIM YOUR SPOT HERE ⚠️",2026-09-19T11:41:07Z,2026-09-15T07:47:46Z,
@TOPNOTCHFOREXFREE,23773,2026-09-15T08:31:41Z,"✅ TP3 hit: +1800 pips 

Day 9 in a row hitting full take-profit 🚀 

Enjoy your profits team 🫡🔥

JOIN MY PREMIUM NOW 🏆",2026-09-19T11:41:07Z,2026-09-15T08:31:42Z,
@TOPNOTCHFOREXFREE,23774,2026-09-15T10:25:13Z,Already 3200€+ the week just started,2026-09-19T11:41:07Z,2026-09-15T10:25:14Z,
@TOPNOTCHFOREXFREE,23775,2026-09-15T12:20:23Z,"I will share a new winning signal in my FREE premium group soon 😏👇

CLICK HERE TO RECEIVE IT",2026-09-19T11:41:07Z,2026-09-15T12:20:24Z,
@TOPNOTCHFOREXFREE,23776,2026-09-15T14:22:22Z,"XAUUSD TP3: +1709 pips ✅✅✅

MASSIVE PROFITS WITH TNFX! 🛩",2026-09-19T11:41:07Z,2026-09-15T14:22:22Z,
@TOPNOTCHFOREXFREE,23777,2026-09-15T14:22:36Z,"Another PROFITABLE day inside my Premium: members made $200-$4,500 from my trades 🔥

If you're not in yet, message me now for a FREE spot 👇

@TopNotchForex 📥",2026-09-19T11:41:07Z,2026-09-15T14:22:38Z,
@TOPNOTCHFOREXFREE,23778,2026-09-15T17:41:27Z,"🤝 It takes ONE good decision 📈

Before: Serving people and making coffees, earning €8,00 per hour blowing accounts in my free time

Now: Six figure months, automating stratgies and helping thousands 💪

My number 1 lesson? Stop wanting things now and invest long-term 📆

👉 The right decision is one click away, stop watching & waiting 🪙",2026-09-19T11:41:07Z,2026-09-15T17:41:28Z,
@TOPNOTCHFOREXFREE,23779,2026-09-15T17:41:27Z,,2026-09-19T11:41:07Z,,
@TOPNOTCHFOREXFREE,23780,2026-09-16T06:34:55Z,"Good morning, traders! ☕️

I will send the first free GOLD TRADE of the day soon 🔥🥇

Turn on your notifications 🔔",2026-09-19T11:41:07Z,2026-09-16T06:34:55Z,
@TOPNOTCHFOREXFREE,23781,2026-09-16T07:43:38Z,Are you ready? 🔔,2026-09-19T11:41:07Z,2026-09-16T07:43:39Z,
@TOPNOTCHFOREXFREE,23782,2026-09-16T07:44:08Z,"🌎 SIGNAL ALERT!

💰 BUY XAUUSD 4337.0

🛩 TP1: 4339.4
🛩 TP2: 4342.6
🛩 TP3: 4353.0

⛔️ SL: 4321.0",2026-09-19T11:41:07Z,2026-09-16T07:44:09Z,
@TOPNOTCHFOREXFREE,23783,2026-09-16T10:18:40Z,"✅ TP1 hit: +240 pips 

Manage your trades, team 🫡🔥",2026-09-19T11:41:07Z,2026-09-16T10:18:41Z,
@TOPNOTCHFOREXFREE,23784,2026-09-16T10:18:58Z,"✅ TP2 hit: +560 pips

WHAT A TRADE 🚀🚀🚀",2026-09-19T11:41:07Z,2026-09-16T10:18:59Z,
@TOPNOTCHFOREXFREE,23785,2026-09-16T10:19:03Z,"[LIMITED] 4 FREE SPOTS to my Premium just opened 🚨

FIRST COME FIRST SERVE 👇

CLAIM YOUR SPOT HERE ⚠️",2026-09-19T11:41:07Z,2026-09-16T10:19:06Z,
@TOPNOTCHFOREXFREE,23786,2026-09-16T11:03:13Z,"✅ TP3 hit: +1600 pips 

Day 11 in a row hitting full take-profit 🚀 

Enjoy your profits team 🫡🔥

JOIN MY PREMIUM NOW 🏆",2026-09-19T11:41:07Z,2026-09-16T11:03:14Z,
@TOPNOTCHFOREXFREE,23787,2026-09-16T13:52:01Z,"A new GOLD signal is loading RIGHT NOW for my Premium members 👀

Don't miss out! 👇

JOIN MY PREMIUM NOW 🏆",2026-09-19T11:41:07Z,2026-09-16T13:52:02Z,
@TOPNOTCHFOREXFREE,23788,2026-09-16T16:21:03Z,"XAUUSD TP2: +480 pips ✅✅
Running in big profits!",2026-09-19T11:41:07Z,2026-09-16T16:21:05Z,
@TOPNOTCHFOREXFREE,23789,2026-09-16T16:21:04Z,"XAUUSD TP2: +450 pips ✅✅
Running in big profits!",2026-09-19T11:41:07Z,2026-09-16T16:21:05Z,
@TOPNOTCHFOREXFREE,23790,2026-09-16T16:21:21Z,"INSANE ROCKET IN MY PREMIUM 🚀

Big moves, clean executions 🏹

Let me guess, you weren’t in?

CLICK HERE AND STOP MISSING OUT",2026-09-19T11:41:07Z,2026-09-16T16:21:22Z,
@TOPNOTCHFOREXFREE,23791,2026-09-16T18:40:21Z,"I made €6.150,5 this week with my AI Forex bot 🤖

You can copy the exact same trades and let the bot do the work for you (10% per month profit) 📈📊

Fully automated, no stress 🥂

[CLICK FOR ACCESS]
[CLICK FOR VERIFIED RESULTS]",2026-09-19T11:41:07Z,2026-09-16T18:40:23Z,
@TOPNOTCHFOREXFREE,23792,2026-09-16T18:40:22Z,,2026-09-19T11:41:07Z,,
@TOPNOTCHFOREXFREE,23793,2026-09-17T07:53:59Z,"Good morning, traders! ☕️

I will send the first free GOLD TRADE of the day soon 🔥🥇

Turn on your notifications 🔔",2026-09-19T11:41:07Z,2026-09-17T07:54:00Z,
@TOPNOTCHFOREXFREE,23794,2026-09-17T07:58:42Z,"🌎 SIGNAL ALERT!

💰 BUY XAUUSD 4325.1

🛩 TP1: 4327.4
🛩 TP2: 4330.5
🛩 TP3: 4340.5

⛔️ SL: 4309.7",2026-09-19T11:41:07Z,2026-09-17T07:58:43Z,
@TOPNOTCHFOREXFREE,23795,2026-09-17T08:54:18Z,"✅ TP1 hit: +230 pips 

Manage your trades, team 🫡🔥",2026-09-19T11:41:07Z,2026-09-17T08:54:19Z,
@TOPNOTCHFOREXFREE,23796,2026-09-17T11:31:26Z,"🤖 Why does my strategy consistently outperform the markets?

There’s one simple answer: DATA 📈

My strategy is built on the following 👇

🟢 Backtesting over 2011 to 2024
🟢 Statistical analysis 2020 to 2024
🟢 Live trading from 2022 to 2024

It is impossible to compete with a system as clever as my strategy 🏆

👉 Join my strategies for free",2026-09-19T11:41:07Z,2026-09-17T11:31:27Z,
@TOPNOTCHFOREXFREE,23797,2026-09-17T13:34:01Z,"I will share a new winning signal in my FREE premium group soon 😏👇

CLICK HERE TO RECEIVE IT",2026-09-19T11:41:07Z,2026-09-17T13:34:02Z,
@TOPNOTCHFOREXFREE,23798,2026-09-17T15:34:01Z,"XAUUSD TP2: +660 pips ✅✅
Running in big profits!",2026-09-19T11:41:07Z,2026-09-17T15:34:02Z,
@TOPNOTCHFOREXFREE,23799,2026-09-17T15:35:21Z,"PREMIUM STRIKES AGAIN 🔥

While you were hesitating, we caught BIG MOVES 💰

Want in on the next one?
DM me now: @TopNotchForex 📥",2026-09-19T11:41:07Z,2026-09-17T15:35:22Z,
@TOPNOTCHFOREXFREE,23800,2026-09-18T06:35:05Z,"Good morning, traders! ☕️

My premium members woke up with INSANE PROFITS

I will send the first free GOLD TRADE of the day soon 🔥🥇

Turn on your notifications 🔔",2026-09-19T11:41:07Z,2026-09-18T06:35:06Z,
@TOPNOTCHFOREXFREE,23801,2026-09-18T08:56:59Z,"🌎 SIGNAL ALERT!

💰 BUY XAUUSD 4393.7

🛩 TP1: 4395.2
🛩 TP2: 4397.1
🛩 TP3: 4403.4

⛔️ SL: 4384.0",2026-09-19T11:41:07Z,2026-09-18T08:57:00Z,
@TOPNOTCHFOREXFREE,23802,2026-09-18T09:14:02Z,"✅ TP1 hit: +150 pips 

Manage your trades, team 🫡🔥",2026-09-19T11:41:07Z,2026-09-18T09:14:03Z,
@TOPNOTCHFOREXFREE,23803,2026-09-18T09:14:35Z,"✅ TP2 hit: +340 pips

WHAT A TRADE 🚀🚀🚀",2026-09-19T11:41:07Z,2026-09-18T09:14:36Z,
@TOPNOTCHFOREXFREE,23804,2026-09-18T09:14:46Z,"[LIMITED] 4 FREE SPOTS to my Premium just opened 🚨

FIRST COME FIRST SERVE 👇

CLAIM YOUR SPOT HERE ⚠️",2026-09-19T11:41:07Z,2026-09-18T09:14:53Z,
@TOPNOTCHFOREXFREE,23805,2026-09-18T11:30:55Z,"The last GOLD trade of this tradingweek will be sent shortly in my FREE premium group ⏳

Don't miss out, message me NOW 👇💬

CLICK HERE FOR FREE ACCESS",2026-09-19T11:41:07Z,2026-09-18T11:30:56Z,
@TOPNOTCHFOREXFREE,23806,2026-09-18T13:45:01Z,"XAUUSD TP2: +540 pips ✅✅
Running in big profits!",2026-09-19T11:41:07Z,2026-09-18T13:45:01Z,
@TOPNOTCHFOREXFREE,23807,2026-09-18T13:45:01Z,"XAUUSD TP2: +539 pips ✅✅
Running in big profits!",2026-09-19T11:41:07Z,2026-09-18T13:45:01Z,
@TOPNOTCHFOREXFREE,23808,2026-09-18T13:46:01Z,"WHAT A DAY FOR MY PREMIUM 🔥

We absolutely destroyed the market with my trades 🚀

Execution on point, results delivered 💸

CLAIM YOUR SPOT HERE NOW",2026-09-19T11:41:07Z,2026-09-18T13:46:02Z,
@TOPNOTCHFOREXFREE,23809,2026-09-18T15:31:07Z,"I made €283,79 this week with my AI Forex bot 🤖

You can copy the exact same trades and let the bot do the work for you (10% per month profit) 📈📊

Fully automated, no stress 🥂

[CLICK FOR ACCESS]
[CLICK FOR VERIFIED RESULTS]",2026-09-19T11:41:07Z,2026-09-18T15:31:07Z,
@TOPNOTCHFOREXFREE,23810,2026-09-18T15:31:07Z,,2026-09-19T11:41:07Z,,
@TOPNOTCHFOREXFREE,23811,2026-09-19T06:32:01Z,"‼️ LIMITED OFFER: Boost your first deposit with an extra 50% 💸

🔥 $1000 → $1500 (FREE $500)
🔥 $500 → $750 (FREE $150)
🔥 $100 → $150 (FREE $50)

Only available for the next 36 hours, don’t miss out guys! ⏳🤯

👉 Click here to sign up FOR FREE and claim your bonus",2026-09-19T11:41:07Z,2026-09-19T06:32:02Z,
@TAURUSTRADERSSIGNALE,39663,2026-09-16T16:21:23Z,,2026-09-19T11:41:09Z,2026-09-16T18:31:47Z,
@TAURUSTRADERSSIGNALE,39664,2026-09-16T18:13:50Z,"TP 1 & 2 wurden BEIDE erreicht✅

+180 Pips Gewinn gesichert, da wir die doppelte Positionsgröße verwendet haben. 🔥🔥🔥

Verschiebt euren Stop-Loss jetzt auf den Einstiegspreis.",2026-09-19T11:41:09Z,2026-09-16T18:31:47Z,
@TAURUSTRADERSSIGNALE,39665,2026-09-16T18:49:14Z,"TP 1 & 2 wurden BEIDE erreicht✅

+180 Pips Gewinn gesichert, da wir die doppelte Positionsgröße verwendet haben. 🔥🔥🔥

Verschiebt euren Stop-Loss jetzt auf den Einstiegspreis.",2026-09-19T11:41:09Z,2026-09-16T18:51:52Z,
@TAURUSTRADERSSIGNALE,39666,2026-09-16T18:49:33Z,Ein weiterer erfolgreicher Handel im VIP,2026-09-19T11:41:09Z,2026-09-16T18:51:52Z,
@TAURUSTRADERSSIGNALE,39667,2026-09-16T18:49:46Z,Wann wirst du etwas unternehmen?,2026-09-19T11:41:09Z,2026-09-16T18:51:55Z,
@TAURUSTRADERSSIGNALE,39668,2026-09-16T19:28:52Z,"Neuer Trade mit GOLD im VIP geteilt ☕️

Welche Richtung? Kaufen oder verkaufen?

👉KLICKEN SIE HIER, UM IHREN PLATZ ZU BEANSPRUCHEN UND ALLE HANDELSGESCHÄFTE FREIZUSCHALTEN",2026-09-19T11:41:09Z,2026-09-16T19:29:20Z,
@TAURUSTRADERSSIGNALE,39669,2026-09-16T19:51:11Z,,2026-09-19T11:41:09Z,2026-09-16T19:55:23Z,
@TAURUSTRADERSSIGNALE,39670,2026-09-16T19:51:26Z,Allein heute hat Mitch 2.500 Euro Gewinn gemacht…,2026-09-19T11:41:09Z,2026-09-16T19:53:12Z,
@TAURUSTRADERSSIGNALE,39671,2026-09-16T20:19:56Z,,2026-09-19T11:41:09Z,2026-09-17T03:33:22Z,
@TAURUSTRADERSSIGNALE,39672,2026-09-17T02:22:01Z,Guten Morgeeeen,2026-09-19T11:41:09Z,2026-09-17T03:33:22Z,
@TAURUSTRADERSSIGNALE,39673,2026-09-17T02:47:01Z,"Wenn du schon wach und bereit bist, den Tag anzugreifen … Ich bin gerade aktiv. Wenn du heute meiner VIP-Gruppe beitreten und alle meine Trades kopieren möchtest, schick einfach das Wort ""START“ an @MaxTaurusFX, und ich gebe dir alle Schritte, um loszulegen. 🔥🔥🔥🫡",2026-09-19T11:41:09Z,2026-09-17T03:33:21Z,
@TAURUSTRADERSSIGNALE,39674,2026-09-17T03:27:01Z,"…. ich habe heute von morgens bis abends alles gegeben, Risikobereitschaft gezeigt und in meinen Augen gewonnen. Danke Taurus Team❤️❤️❤️❤️❤️❤️❤️❤️❤️❤️",2026-09-19T11:41:09Z,2026-09-17T03:33:19Z,
@TAURUSTRADERSSIGNALE,39675,2026-09-17T03:39:01Z,"Ist dir überhaupt bewusst, wie viel Geld das ist? An nur einem einzigen Tag? FX verändert Leben!!!!",2026-09-19T11:41:09Z,2026-09-17T04:42:38Z,
@TAURUSTRADERSSIGNALE,39676,2026-09-17T04:28:01Z,"An alle, die wirklich ins Handeln kommen: Ich bin stolz auf euch. Macht weiter, denn irgendwann wird sich alles für euch fügen. 🙏🏼",2026-09-19T11:41:09Z,2026-09-17T04:42:39Z,
@TAURUSTRADERSSIGNALE,39677,2026-09-17T04:36:01Z,Bleib konsequent und geh dieses Risiko ein. Es wird sich auszahlen.,2026-09-19T11:41:09Z,2026-09-17T04:42:39Z,
@TAURUSTRADERSSIGNALE,39678,2026-09-17T04:41:01Z,VERTRAU MIR,2026-09-19T11:41:09Z,2026-09-17T04:42:40Z,
@TAURUSTRADERSSIGNALE,39679,2026-09-17T05:27:01Z,,2026-09-19T11:41:09Z,2026-09-17T06:58:36Z,
@TAURUSTRADERSSIGNALE,39680,2026-09-17T05:30:38Z,Michele ist gestern meinen Trades in der VIP-Gruppe gefolgt und hat €483 Gewinn gemacht 👏,2026-09-19T11:41:09Z,2026-09-17T06:58:38Z,
@TAURUSTRADERSSIGNALE,39681,2026-09-17T05:57:01Z,,2026-09-19T11:41:09Z,2026-09-17T06:58:38Z,
@TAURUSTRADERSSIGNALE,39682,2026-09-17T06:24:01Z,"Meine Gewinne von heute,  danke dir dafür.",2026-09-19T11:41:09Z,2026-09-17T06:58:40Z,
@TAURUSTRADERSSIGNALE,39683,2026-09-17T06:41:01Z,"Ich möchte sehen, wie hier jeder gewinnt.",2026-09-19T11:41:09Z,2026-09-17T06:50:45Z,
@TAURUSTRADERSSIGNALE,39684,2026-09-17T07:11:01Z,"Nimm dir einfach einen Moment und mach dir bewusst, dass die Mehrheit meiner Mitglieder vor dem Beitritt zur VIP-Gruppe keine Ergebnisse gesehen hat. Alles, was sie getan haben, war, ins Handeln zu kommen, und jetzt folgen sie der einfachen Strategie, die ich ihnen gegeben habe. 😃

DU KANNST DAS AUCH SCHAFFEN! Jeder kann es!",2026-09-19T11:41:09Z,2026-09-17T07:16:08Z,
@TAURUSTRADERSSIGNALE,39685,2026-09-17T07:17:01Z,"Sie haben keine Ergebnisse gesehen, und genau deshalb haben sie mich natürlich um Hilfe gebeten.",2026-09-19T11:41:09Z,2026-09-17T08:53:04Z,
@TAURUSTRADERSSIGNALE,39686,2026-09-17T07:44:01Z,"Um euch ebenfalls zu helfen, werde ich JETZT 17 (!) Plätze für mein vollständiges Mentoring + VIP-Zugang + FX-Blueprint öffnen.

Wer zuerst kommt, mahlt zuerst.

Wenn du dich bewerben möchtest, schick mir unbedingt eine private Nachricht (nutze den untenstehenden Link) 👇🏼

>>>HIER KLICKEN, um dich für das KOSTENLOSE Mentoring & den Blueprint zu bewerben.",2026-09-19T11:41:09Z,2026-09-17T08:53:05Z,
@TAURUSTRADERSSIGNALE,39687,2026-09-17T08:35:43Z,DANKE 🤗❤️ Ihr seid die BESTEN !!!!💪🏻,2026-09-19T11:41:09Z,2026-09-17T08:53:06Z,
@TAURUSTRADERSSIGNALE,39688,2026-09-17T09:42:01Z,,2026-09-19T11:41:09Z,2026-09-17T11:28:42Z,
@TAURUSTRADERSSIGNALE,39689,2026-09-17T10:31:01Z,"Du bist dir noch nicht sicher, ob das echt ist oder sich lohnt? Das verstehe ich, die meisten Menschen sind anfangs skeptisch.

Genau deshalb biete ich vollen KOSTENLOSEN Zugang zu meiner VIP-Gruppe an, damit du die Ergebnisse selbst sehen kannst – ganz ohne Risiko.

Das erwartet dich in meiner VIP-Gruppe:

✅ 5–6 präzise Trading-Signale pro Tag
ℹ️ Ein anfängerfreundlicher Trading-Kurs, um deine Fähigkeiten aufzubauen
✅ Persönliche 1-zu-1-Unterstützung von mir, wann immer du Hilfe brauchst
✅ Nachgewiesene durchschnittliche Trefferquote von 85 % bei Trades

Du musst mir nicht einfach glauben – komm vorbei und sieh selbst, wie echte Ergebnisse aussehen.

Klicke unten, um mir eine private Nachricht zu senden, und ich erkläre dir alles Schritt für Schritt.

Kein Druck und kein unnötiges Gerede – nur die Chance, endlich eine Fähigkeit zu lernen, die sich auszahlen kann.

>>>KLICKE HIER, um dir deinen KOSTENLOSEN VIP-ZUGANG zu sichern, solange die Anmeldung noch offen ist.",2026-09-19T11:41:09Z,2026-09-17T11:28:43Z,
@TAURUSTRADERSSIGNALE,39690,2026-09-17T11:51:59Z,"NEW TRADE IDEA

XAUUSD BUY STOP 4336

TP 1 4340
TP 2 4341
TP 3 4370

SL @ 4310

Trade accordingly and only trade with money you can afford to LOSE.

DOUBLE LOTSIZE",2026-09-19T11:41:09Z,2026-09-17T12:00:01Z,
@TAURUSTRADERSSIGNALE,39691,2026-09-17T11:53:50Z,LIVE KOSTENLOSER GOLD-TRADE,2026-09-19T11:41:09Z,2026-09-17T15:57:04Z,
@TAURUSTRADERSSIGNALE,39692,2026-09-17T11:59:56Z,"TP 1 & 2 wurden BEIDE erreicht✅

+180 Pips Gewinn gesichert, da wir die doppelte Positionsgröße verwendet haben. 🔥🔥🔥

Verschiebt euren Stop-Loss jetzt auf den Einstiegspreis.",2026-09-19T11:41:09Z,2026-09-17T12:00:02Z,
@TAURUSTRADERSSIGNALE,39693,2026-09-17T12:00:43Z,"TP 1 & 2 wurden BEIDE erreicht✅

+180 Pips Gewinn gesichert, da wir die doppelte Positionsgröße verwendet haben. 🔥🔥🔥

Verschiebt euren Stop-Loss jetzt auf den Einstiegspreis.",2026-09-19T11:41:09Z,2026-09-17T12:00:53Z,
@TAURUSTRADERSSIGNALE,39694,2026-09-17T12:29:14Z,"Neuer Trade auf GOLD wurde in der VIP Gruppe geteilt

Welche Richtung? Buy 🔼 oder Sell 🔽?

👉 KLICK HIER UM DIR DEINEN PLATZ ZU SICHERN UND ALLE TRADES FREIZUSCHALTEN",2026-09-19T11:41:09Z,2026-09-17T15:57:07Z,
@TAURUSTRADERSSIGNALE,39696,2026-09-17T13:30:42Z,"NEW TRADE IDEA

XAUUSD BUY 4375

TP 1 4379
TP 2 4380
TP 3 4395

SL @ 4355

Trade accordingly and only trade with money you can afford to LOSE.",2026-09-19T11:41:09Z,2026-09-17T13:40:35Z,
@TAURUSTRADERSSIGNALE,39697,2026-09-17T14:19:22Z,Schließen Sie die Goldkäufe hier mit einem Verlust ab.,2026-09-19T11:41:09Z,2026-09-17T14:22:23Z,
@TAURUSTRADERSSIGNALE,39698,2026-09-17T15:15:10Z,"NEW TRADE IDEA

XAUUSD SELL 4358

TP 1 4354
TP 2 4353
TP 3 4330

SL @ 4375

Trade accordingly and only trade with money you can afford to LOSE.

HIGH LOTSIZE",2026-09-19T11:41:09Z,2026-09-17T15:53:00Z,
@TAURUSTRADERSSIGNALE,39699,2026-09-17T16:01:43Z,"DIE ERGEBNISSE DIESER WOCHE IN MEINER VIP-GRUPPE (bisher)
Woche 38, 2026

📊 Veröffentlichte Trades: 37
✅ Gewinne: 35
❌ Verluste: 1

>> Gewinnquote: 94,6%

Fast am Ziel! Morgen ist der letzte Tag der regulären Handelswoche und ich gehe bei den Setups ALL IN 🚀 Lass diese Woche nicht verstreichen, ohne aktiv zu werden.

MÖCHTEST DU ALLE MEINE TRADES KOPIEREN? KLICKE HIER, um KOSTENLOSEN ZUGANG zu meinem VIP zu erhalten🔥",2026-09-19T11:41:09Z,2026-09-17T16:01:56Z,
@TAURUSTRADERSSIGNALE,39700,2026-09-17T16:26:17Z,"Wie du siehst, gehören Verluste nun mal dazu…

Niemand kann eine 100% Gewinnquote haben…

Manchmal läuft es gut, manchmal schlecht…",2026-09-19T11:41:09Z,2026-09-17T16:27:27Z,
@TAURUSTRADERSSIGNALE,39701,2026-09-17T16:44:10Z,LIVE FREIEM GOLD-TRADE,2026-09-19T11:41:09Z,2026-09-17T16:48:01Z,
@TAURUSTRADERSSIGNALE,39702,2026-09-17T16:54:04Z,"Vielen Dank für das Feedback! Genau dafür machen wir das. Mitglied Hannes hat über  €200+ verdient, indem er einfach den Trades in der Gruppe gefolgt ist 😃

KLICKEN SIE HIER, UM IHRE TRADING-REISE MIT TaurusTraders zu beginnen (kostenlos)",2026-09-19T11:41:09Z,2026-09-17T17:01:36Z,
@TAURUSTRADERSSIGNALE,39703,2026-09-17T17:13:28Z,,2026-09-19T11:41:09Z,2026-09-17T18:39:51Z,
@TAURUSTRADERSSIGNALE,39704,2026-09-17T18:33:21Z,"TP 1 & 2 wurden BEIDE erreicht✅

+180 Pips Gewinn gesichert, da wir die doppelte Positionsgröße verwendet haben. 🔥🔥🔥

Verschiebt euren Stop-Loss jetzt auf den Einstiegspreis.",2026-09-19T11:41:09Z,2026-09-17T18:34:52Z,
@TAURUSTRADERSSIGNALE,39705,2026-09-17T18:39:13Z,"Ein schöner Kursrückgang…

Hast du davon profitiert und Gewinne erzielt?",2026-09-19T11:41:09Z,2026-09-17T18:39:55Z,
@TAURUSTRADERSSIGNALE,39706,2026-09-17T18:49:23Z,,2026-09-19T11:41:09Z,2026-09-18T03:08:42Z,
@TAURUSTRADERSSIGNALE,39707,2026-09-17T18:52:02Z,"Wenn du meinem VIP beitreten und alle Trades kopieren möchtest, die ich persönlich tätige, dann schick mir bitte eine DM, ich helfe dir gerne weiter

+ und zeige dir, wie du das bestmögliche Ergebnis erzielst

>>> KLICKE HIER, um dich für das KOSTENLOSE Mentoring und den Leitfaden anzumelden",2026-09-19T11:41:09Z,2026-09-18T03:08:44Z,
@TAURUSTRADERSSIGNALE,39709,2026-09-17T20:15:32Z,X5 today,2026-09-19T11:41:09Z,2026-09-18T03:08:46Z,
@TAURUSTRADERSSIGNALE,39710,2026-09-17T20:19:10Z,"Dieses VIP-Mitglied hat es geschafft, sein Kapital zu verfünffachen! Er hat einfach meine Trades kopiert und bisher das 5x an Gewinn erzi👏",2026-09-19T11:41:09Z,2026-09-18T03:08:47Z,
@TAURUSTRADERSSIGNALE,39711,2026-09-17T20:44:35Z,"Hier schließen

+ 50 Pips Gewinn",2026-09-19T11:41:09Z,2026-09-18T03:08:47Z,
@TAURUSTRADERSSIGNALE,39712,2026-09-17T21:46:19Z,"Ich werde oft gefragt, ob man Erfahrung im Trading braucht, um dem Team beizutreten…

Die Antwort lautet NEIN! ❌

Tatsächlich hatten 76% der VIP-Mitglieder noch nie zuvor gehandelt, bevor sie bei uns angefangen haben, und alle haben bereits im ersten Monat gute Gewinne erzielt.

Ich biete ein umfassendes 1:1-Coaching an, in dem ich dir ALLES darüber erkläre, wie du ein profitabler Trader werden kannst. Außerdem erstellen wir deinen ganz persönlichen Trading-Plan mit dem richtigen Risikomanagement, um sicherzustellen, dass du die richtigen Lotgrößen verwendest und niemals zu viel handelst.

Alles, was du brauchst, um mit dem Trading zu beginnen, findest du in der VIP

Und das alles ist kostenlos…

KLICKE HIER, UM IN MEINER VIP MIT DEM TRADING ZU BEGINNEN (kostenlos)",2026-09-19T11:41:09Z,2026-09-18T03:08:49Z,
@TAURUSTRADERSSIGNALE,39714,2026-09-18T02:27:01Z,"Guten Morgen, meine Familie ❤️ Ich hoffe, ihr seid frisch und munter aufgewacht für den letzten Handelstag der regulären Handelswoche!",2026-09-19T11:41:09Z,2026-09-18T02:48:17Z,
@TAURUSTRADERSSIGNALE,39715,2026-09-18T03:28:01Z,"Ich freue mich auf ein SEHR spannendes Ende dieser Woche 👀 Alle Trades, die ich persönlich auf meinem Live-Konto eingehe, werden in der VIP-Community geteilt – und genau so verdienen wir GEMEINSAM Geld 🙏🏼

Du kannst noch Zugang zur Community erhalten. Schick mir einfach eine DM, um die Anleitung zu bekommen! Und hier noch einmal, was du in meiner VIP-Community freischaltest👇

✅ 5–6 Trading-Signale täglich (KOSTENLOS)
ℹ️Trading-Kurs für Anfänger (KOSTENLOS)
✅ Persönliche 1:1-Betreuung (KOSTENLOS)
✅ Durchschnittliche Trefferquote von 85 % (KOSTENLOS)

Schick mir eine DM, wenn du bereit bist, dein Trading auf das nächste Level zu bringen!

➡️ HIER KLICKEN, UM DEINEN KOSTENLOSEN ZUGANG ZU MEINER VIP-COMMUNITY ZU SICHERN",2026-09-19T11:41:09Z,2026-09-18T16:11:53Z,
@TAURUSTRADERSSIGNALE,39716,2026-09-18T04:04:01Z,,2026-09-19T11:41:09Z,2026-09-18T16:11:56Z,
@TAURUSTRADERSSIGNALE,39717,2026-09-18T04:07:01Z,"Brandon ist vor 1,5 Wochen der VIP-Community beigetreten, hat meine Trades kopiert und bisher $1,304  Gewinn gemacht 👏",2026-09-19T11:41:09Z,2026-09-18T05:04:58Z,
@TAURUSTRADERSSIGNALE,39718,2026-09-18T04:46:01Z,"Es ist für mich immer noch unglaublich, dass Menschen ohne jegliche Erfahrung so schnell solche Gewinne erzielen können. Ich wünschte, ich hätte genau den Plan gehabt, auf den meine Mitglieder heute Zugriff haben, als ich angefangen habe. Das hätte mir so viel Zeit und Geld gespart 😂😂 Das VIP-Mitglied Brandon oben ist der lebende Beweis dafür, dass der Plan funktioniert.",2026-09-19T11:41:09Z,2026-09-18T16:11:59Z,
@TAURUSTRADERSSIGNALE,39719,2026-09-18T05:47:01Z,,2026-09-19T11:41:09Z,2026-09-18T16:12:07Z,
@TAURUSTRADERSSIGNALE,39720,2026-09-18T06:29:01Z,"Ich werde den nächsten Trade innerhalb der nächsten 45 Minuten in der VIP-Community teilen. Er sieht wirklich vielversprechend aus – verpass ihn nicht und fang HEUTE an, meine Trades zu kopieren 👇🏼👇🏼

Schick mir das Wort ""START“ an @MaxTaurusFX, wenn du dem Team beitreten möchtest, bevor der Trade verschickt wird.",2026-09-19T11:41:09Z,2026-09-18T16:12:09Z,
@TAURUSTRADERSSIGNALE,39721,2026-09-18T06:57:01Z,"In der VIP-Community erhältst du:

✅5–6 hochwertige Trading-Signale jeden Tag
ℹ  Vollständiger, anfängerfreundlicher Trading-Kurs + Risikomanagement-Plan
✅ Persönliches 1:1-Mentoring und Unterstützung
✅Bewährte Strategie mit einer durchschnittlichen Trefferquote von 85 %",2026-09-19T11:41:09Z,2026-09-18T16:12:11Z,
@TAURUSTRADERSSIGNALE,39722,2026-09-18T07:41:01Z,"Ich habe gerade 16 entschlossenen Leuten kostenlos geholfen, in die VIP-Community zu kommen. Sie sind jetzt zu 100 % bereit, unsere Trades zu kopieren 🙏🏼❤️

Und an alle, die noch auf ihre Aufnahme warten … ich kümmere mich so schnell wie möglich um euch. STELLT SICHER, DASS IHR DIE ANWEISUNGEN BEFOLGT, WENN IHR IN DEN NÄCHSTEN 20 MINUTEN BEITRETEN MÖCHTET – die Schritte sollten alle unkompliziert sein, sodass ich euch sofort startklar machen kann, sobald ihr sie abgeschlossen habt.

Falls du die Anweisungen noch nicht erhalten hast … 👉🏻 HIER KLICKEN, UM KOSTENLOSEN ZUGANG ZUR VIP-COMMUNITY ZU ERHALTEN ‼️",2026-09-19T11:41:09Z,2026-09-18T16:12:11Z,
@TAURUSTRADERSSIGNALE,39723,2026-09-18T08:32:01Z,"Genießt euren Freitag, aber sorgt dafür, dass ihr alles in eurer Macht Stehende tut, um etwas zu verändern. Es liegt alles in euren Händen, ihr trefft eure eigenen Entscheidungen. Trefft die richtigen!",2026-09-19T11:41:09Z,2026-09-18T16:12:14Z,
@TAURUSTRADERSSIGNALE,39724,2026-09-18T09:50:13Z,,2026-09-19T11:41:09Z,2026-09-18T16:12:15Z,
@TAURUSTRADERSSIGNALE,39725,2026-09-18T10:27:48Z,"Neuer Trade auf GOLD wurde in der VIP Gruppe geteilt

Welche Richtung? Buy 🔼 oder Sell 🔽?

👉 KLICK HIER UM DIR DEINEN PLATZ ZU SICHERN UND ALLE TRADES FREIZUSCHALTEN",2026-09-19T11:41:09Z,2026-09-18T16:12:17Z,
@TAURUSTRADERSSIGNALE,39726,2026-09-18T10:28:37Z,"TP 2 ebenfalls erreicht.

+110 Pips Gewinn",2026-09-19T11:41:09Z,2026-09-18T16:12:17Z,
@TAURUSTRADERSSIGNALE,39727,2026-09-18T11:05:23Z,,2026-09-19T11:41:09Z,2026-09-18T16:12:19Z,
@TAURUSTRADERSSIGNALE,39728,2026-09-18T11:56:52Z,,2026-09-19T11:41:09Z,2026-09-18T16:12:19Z,
@TAURUSTRADERSSIGNALE,39729,2026-09-18T11:57:11Z,Super trades heute,2026-09-19T11:41:09Z,2026-09-18T16:12:21Z,
@TAURUSTRADERSSIGNALE,39730,2026-09-18T12:13:05Z,"Neuer Trade auf GOLD wurde in der VIP Gruppe geteilt

Welche Richtung? Buy 🔼 oder Sell 🔽?

👉 KLICK HIER UM DIR DEINEN PLATZ ZU SICHERN UND ALLE TRADES FREIZUSCHALTEN",2026-09-19T11:41:09Z,2026-09-18T16:12:23Z,
@TAURUSTRADERSSIGNALE,39731,2026-09-18T13:06:10Z,"Die Ziele wurden in der VIP-Gruppe wieder einmal erreicht.

Ganz einfach, Baby.",2026-09-19T11:41:09Z,2026-09-18T16:12:23Z,
@TAURUSTRADERSSIGNALE,39732,2026-09-18T14:23:16Z,"TP 1 wurde erreicht.

+40 Pips

SL auf Break-even verschieben.",2026-09-19T11:41:09Z,2026-09-18T16:12:25Z,
@TAURUSTRADERSSIGNALE,39733,2026-09-18T14:23:36Z,"NEW TRADE IDEA

XAUUSD SELL 4352

TP 4348

TP 2 4340

SL @ 4364

Trade accordingly and only trade with money you can afford to LOSE.",2026-09-19T11:41:09Z,2026-09-18T14:30:11Z,
@TAURUSTRADERSSIGNALE,39734,2026-09-18T15:10:16Z,"Wie viele Freitage hintereinander hast du dir schon gesagt, dass du nächste Woche anfangen würdest?

Aus „nächste Woche“ wird „nächster Monat“, aus „nächster Monat“ wird „nächstes Jahr“, und ehe du dich versiehst, sind wieder 12 Monate vergangen, ohne dass sich in deinem Leben tatsächlich etwas geändert hat. Die Menschen, die sich echte finanzielle Freiheit aufbauen, sind nicht schlauer als du, und sie haben auch nicht mit mehr Geld angefangen als du.

Der einzige Unterschied ist, dass sie aufgehört haben, auf den perfekten Moment zu warten, und einfach angefangen haben.

DU bist der Einzige, der ändern kann, in welche Richtung dein Leben verläuft. Der Job wird es nicht tun, die Umstände werden es nicht tun, und die Zeit wird es ganz sicher nicht für dich tun. Nur DU kannst den ersten Schritt machen.",2026-09-19T11:41:09Z,2026-09-18T16:12:27Z,
@TAURUSTRADERSSIGNALE,39735,2026-09-18T15:24:34Z,"TP 1 wurde erreicht.

+30 Pips

SL auf Break-even verschieben",2026-09-19T11:41:09Z,2026-09-18T16:12:31Z,
@TAURUSTRADERSSIGNALE,39736,2026-09-18T15:35:55Z,"Neuer Trade mit GOLD im VIP geteilt ☕️

Welche Richtung? Kaufen oder verkaufen?",2026-09-19T11:41:09Z,2026-09-18T16:12:31Z,
@TAURUSTRADERSSIGNALE,39737,2026-09-18T16:05:54Z,"DIE ERGEBNISSE DIESER WOCHE IN MEINER VIP-GRUPPE (bisher)
Woche 38, 2026

📊 Veröffentlichte Trades: 48
✅ Gewinne: 42
❌ Verluste: 1

>> Gewinnquote: 87,5%

Eine weitere Woche, eine weitere überragende Leistung! Der Krypto-Handel am Wochenende beginnt bald in der VIP-Gruppe. Zeit, noch mehr Gewinne einzufahren 💪🏼 Wenn du noch nicht dabei bist, worauf wartest du noch?

MÖCHTEST DU ALLE MEINE TRADES KOPIEREN? KLICKE HIER um KOSTENLOSEN ZUGANG zu meiner VIP zu erhalten 🔥",2026-09-19T11:41:09Z,2026-09-18T16:12:33Z,
@TAURUSTRADERSSIGNALE,39738,2026-09-18T16:37:47Z,"WAS SIE IN DIESEM KOSTENLOSEN KANAL SEHEN, IST NUR EIN BRUCHTEIL DAVON, WAS TATSÄCHLICH IM VIP PASSIERT!

Meine Mitglieder erhalten jeden einzelnen Trade, den ich auf meinem persönlichen Live-Konto tätige, meinen persönlichen Risikomanagementplan und direkte Anleitung vom ersten Tag an. Der Unterschied zwischen dem Zuschauen von hier aus und der Teilnahme am VIP ist derselbe wie der Unterschied zwischen dem Lesen über Ergebnisse und dem tatsächlichen Erhalt dieser Ergebnisse direkt auf Ihrem Smartphone.

Wenn du vollen Zugriff auf alles haben möchtest, ist der Link oben alles, was du brauchst.👆",2026-09-19T11:41:09Z,2026-09-18T18:24:57Z,
@TAURUSTRADERSSIGNALE,39739,2026-09-18T16:38:13Z,"TP 1 wurde erreicht.

+40 Pips

SL auf Break-even verschieben.",2026-09-19T11:41:09Z,2026-09-18T18:24:59Z,
@TAURUSTRADERSSIGNALE,39740,2026-09-18T17:33:04Z,,2026-09-19T11:41:09Z,2026-09-18T18:24:59Z,
@TAURUSTRADERSSIGNALE,39741,2026-09-18T18:10:21Z,"Jeder möchte über Nacht Millionär werden, aber so etwas gibt es nicht. Man muss es sich Schritt für Schritt erarbeiten, also fängt man langsam an mit ein paar 100 pro Tag. Dann baut man das Kapital auf und lässt es wachsen.

Schließlich werden aus diesen 100 1000 und so weiter…

Trading ist die bestbezahlte Fähigkeit, weil es KEINE GRENZEN gibt. Deshalb ist es so schön 🙏",2026-09-19T11:41:09Z,2026-09-18T18:25:01Z,
@TAURUSTRADERSSIGNALE,39742,2026-09-18T18:12:04Z,"Schaut euch einfach die Ergebnisse meiner Mitglieder an. Manche erzielen bessere Zahlen als andere, und das ist kein Problem.

Man fängt an, etwas aufzubauen, und entwickelt sich dabei weiter. Solange unsere Konten im Plus sind, bin ich zufrieden :)",2026-09-19T11:41:09Z,2026-09-18T18:25:01Z,
@TAURUSTRADERSSIGNALE,39743,2026-09-18T18:23:54Z,"TP 1 wurde erreicht.

+40 Pips

SL auf Break-even verschieben",2026-09-19T11:41:09Z,2026-09-18T18:25:03Z,
@TAURUSTRADERSSIGNALE,39744,2026-09-18T18:48:08Z,"Hier bei 2 schließen

+ 80 Pips",2026-09-19T11:41:09Z,,
@TAURUSTRADERSSIGNALE,39745,2026-09-18T18:48:24Z,Ganz einfach! 🚀,2026-09-19T11:41:09Z,,
@TAURUSTRADERSSIGNALE,39746,2026-09-18T19:15:38Z,,2026-09-19T11:41:09Z,,
@TAURUSTRADERSSIGNALE,39747,2026-09-18T19:15:52Z,,2026-09-19T11:41:09Z,,
@TAURUSTRADERSSIGNALE,39748,2026-09-18T20:22:18Z,"In wenigen Stunden schließt der Devisenmarkt, aber wie ihr wisst, erzielen wir auch auf dem Kryptomarkt hohe Gewinne.

Ich verfüge über ein Team von Experten für alle Märkte, sodass unsere Mitglieder auch am Wochenende noch von vielversprechenden Trades profitieren können.

LASST EUCH DAS NICHT ENTGEHEN! Ihr könnt euch noch dieses Wochenende anmelden und alle unsere Krypto-Trades kopieren 🙏

💬 KLICKT HIER um euren kostenlosen Zugang zu erhalten",2026-09-19T11:41:09Z,,
@TAURUSTRADERSSIGNALE,39749,2026-09-19T03:46:01Z,"GUTEN MORGEN, ES IST SAMSTAG 🔥

Wir haben ein unglaubliches Wochenende vor uns. BTC bewegt sich und wir sind voll fokussiert, während die meisten noch schlafen. Genau darum geht es.",2026-09-19T11:41:09Z,,
@TAURUSTRADERSSIGNALE,39750,2026-09-19T04:52:01Z,"Das bekommst du mit KOSTENLOSEM ZUGANG zu meiner Premium-Gruppe 👇

🟢 3–6 Trading-Signale täglich (KOSTENLOS)
🟢  Vollständige Analyse für jeden Trade (KOSTENLOS)
🟢 Trading-Kurs (KOSTENLOS)
🟢  Persönlicher 24/7-Coach (KOSTENLOS)
🟢 Tägliche Copy-&-Paste-Setups (KOSTENLOS)
🟢  Exklusive Gold- und Krypto-Analysen (KOSTENLOS)

Nur noch 20 Plätze mit kostenlosem Zugang verfügbar. Sobald sie weg sind, war’s das.

👉 SICHERE DIR HIER DEINEN PLATZ",2026-09-19T11:41:09Z,2026-09-19T05:14:12Z,
@TAURUSTRADERSSIGNALE,39751,2026-09-19T06:31:01Z,,2026-09-19T11:41:09Z,,
@TAURUSTRADERSSIGNALE,39752,2026-09-19T07:39:01Z,,2026-09-19T11:41:09Z,,
@TAURUSTRADERSSIGNALE,39753,2026-09-19T08:11:01Z,"ZEIT ZU HANDELN, LEUTE!",2026-09-19T11:41:09Z,,
@TAURUSTRADERSSIGNALE,39754,2026-09-19T09:52:01Z,"Ich freue mich darauf, zu sehen, wie sich die BTC-Analyse für dieses Wochenende entwickelt. Die vollständige Erklärung wird exklusiv in meiner VIP-Gruppe geteilt, damit jeder weiß, wie und wo er nach Einstiegen Ausschau halten kann 🙏🏼💰",2026-09-19T11:41:09Z,,
@TAURUSTRADERSSIGNALE,39755,2026-09-19T10:55:22Z,"VERÄNDERE DEIN LEBEN NOCH HEUTE! Mein VIP-Programm begleitet dich auf deinem Weg zu mehr Freiheit. Das VIP umfasst:

✅6–7 Signale pro Tag
✅Ausführliche Erläuterungen zum Risikomanagement + Trading-Kurs
✅ Live-Markt-Updates
✅ Persönliche 1:1-Betreuung (durch mich)

🫵🏼 Allein durch das Kopieren der Signale kannst du dein Leben bereits massiv verbessern

10 KOSTENLOSE PLÄTZE sind jetzt verfügbar

‼️ KLICKE HIER, UM DIR DEINEN PLATZ IM TEAM ZU SICHERN (nur noch 10 frei)",2026-09-19T11:41:09Z,,
@TAURUSTRADERSSIGNALE,39756,2026-09-19T11:15:15Z,,2026-09-19T11:41:09Z,,
@TAURUSTRADERSSIGNALE,39757,2026-09-19T11:15:15Z,,2026-09-19T11:41:09Z,,
@TAURUSTRADERSSIGNALE,39758,2026-09-19T11:15:15Z,,2026-09-19T11:41:09Z,,
@TAURUSTRADERSSIGNALE,39759,2026-09-19T11:15:15Z,,2026-09-19T11:41:09Z,,
@TAURUSTRADERSSIGNALE,39760,2026-09-19T11:15:15Z,,2026-09-19T11:41:09Z,,
@TAURUSTRADERSSIGNALE,39761,2026-09-19T11:15:15Z,,2026-09-19T11:41:09Z,,
@TAURUSTRADERSSIGNALE,39762,2026-09-19T11:15:15Z,,2026-09-19T11:41:09Z,,
@TAURUSTRADERSSIGNALE,39763,2026-09-19T11:15:15Z,,2026-09-19T11:41:09Z,,
@TAURUSTRADERSSIGNALE,39764,2026-09-19T11:15:15Z,,2026-09-19T11:41:09Z,,
@TAURUSTRADERSSIGNALE,39765,2026-09-19T11:15:16Z,,2026-09-19T11:41:09Z,,
@FREESIGNALSTOTRADEBYLENNART,59898,2026-09-18T14:48:52Z,,2026-09-19T11:41:12Z,,
@FREESIGNALSTOTRADEBYLENNART,59899,2026-09-18T14:48:52Z,Ein weiterer sauberer Take Profit Treffer 🔥,2026-09-19T11:41:12Z,,
@FREESIGNALSTOTRADEBYLENNART,59900,2026-09-18T14:48:52Z,Unser Setup von wurde wie geplant ausgeführt. TP1 wurde mit technischer Präzision getroffen. Diese Bewegungen passieren nicht einfach so. Sie kommen zu denen die vorbereitet sind. 📈,2026-09-19T11:41:12Z,,
@FREESIGNALSTOTRADEBYLENNART,59901,2026-09-18T14:48:53Z,Jetzt Zugang sichern 📱 @S2TSupport,2026-09-19T11:41:12Z,,
@FREESIGNALSTOTRADEBYLENNART,59902,2026-09-18T15:06:26Z,"Viele unterschätzen wie wichtig Riskmanagement wirklich ist...

Unsere Mitglieder wissen genau welches Risiko sie pro Trade eingehen. Dadurch bleibt das Konto auch in schlechten Phasen stabil. Diese Disziplin ist einer der wichtigsten Erfolgsfaktoren im Trading. Schau immer das du mit einem guten Chancen zu Risiko Verhältnis arbeitest. Wenn das CRV nicht mindestens 1 zu 2 ist würde ich den Trade nicht eingehen. Auf diese Weise wirst du profitabel.

Transparente Kundenmeinungen findest du auf PROVEN EXPERT Überzeuge dich selbst unter PROVEN EXPERT 

Wenn du dein Risiko besser im Griff haben willst melde dich bei @S2TSupport 🤝",2026-09-19T11:41:12Z,,
@FREESIGNALSTOTRADEBYLENNART,59903,2026-09-18T15:06:26Z,,2026-09-19T11:41:12Z,,
@FREESIGNALSTOTRADEBYLENNART,59904,2026-09-18T15:06:26Z,,2026-09-19T11:41:12Z,,
@FREESIGNALSTOTRADEBYLENNART,59905,2026-09-18T15:06:26Z,,2026-09-19T11:41:12Z,,
@FREESIGNALSTOTRADEBYLENNART,59906,2026-09-18T15:06:26Z,,2026-09-19T11:41:12Z,,
@FREESIGNALSTOTRADEBYLENNART,59907,2026-09-18T15:06:26Z,,2026-09-19T11:41:12Z,,
@FREESIGNALSTOTRADEBYLENNART,59908,2026-09-18T15:06:26Z,,2026-09-19T11:41:12Z,,
@FREESIGNALSTOTRADEBYLENNART,59909,2026-09-18T15:06:26Z,,2026-09-19T11:41:12Z,,
@FREESIGNALSTOTRADEBYLENNART,59910,2026-09-18T15:06:26Z,,2026-09-19T11:41:12Z,,
@FREESIGNALSTOTRADEBYLENNART,59911,2026-09-18T15:06:26Z,,2026-09-19T11:41:12Z,,
@FREESIGNALSTOTRADEBYLENNART,59912,2026-09-18T15:29:37Z,"Volle Transparenz 📊 

S2T steht dafür genau zu zeigen was wir tun.

Darum zeigen wir dir heute ganz offen wie unser PnL Tag für Tag aussieht.

Wie können wir solche Ergebnisse konstant liefern? 

📬 Schreib uns, um mehr über diese Performance zu erfahren.",2026-09-19T11:41:12Z,,
@FREESIGNALSTOTRADEBYLENNART,59913,2026-09-18T15:45:29Z,"Der Markt belohnt nicht die Gierigen sondern die Geduldigen 💯

Gestern haben wir wieder gezeigt wie man Profite realisiert 💵

✔️Mit klarem Setup
✔️Mit Stop Loss
✔️Und mit einem Signal das abgeliefert hat

Wenn du sicher wachsen willst statt planlos zu zocken. 
Schreib mir eine Nachricht 👉@S2TSupport",2026-09-19T11:41:12Z,,
@FREESIGNALSTOTRADEBYLENNART,59914,2026-09-18T16:01:15Z,,2026-09-19T11:41:12Z,,
@FREESIGNALSTOTRADEBYLENNART,59915,2026-09-18T16:17:49Z,"⚠️Bei den folgenden Nachrichten handelt es sich um ein Ergebnis aus unserer Premium Gruppe, nicht um ein umzusetzendes Signal⚠️",2026-09-19T11:41:12Z,,
@FREESIGNALSTOTRADEBYLENNART,59916,2026-09-18T16:18:35Z,"🚀CHFJPY - BUY🚀

Entry: 188.468

Stopp-Loss: 188.068

Take-Profit 1: 188.668
Take-Profit 2: 188.868
Take-Profit 3: 189.668

📊3:1 Risk Reward 📊",2026-09-19T11:41:12Z,,
@FREESIGNALSTOTRADEBYLENNART,59917,2026-09-18T16:18:35Z,CHFJPY TP1 HIT ✔️,2026-09-19T11:41:12Z,,
@FREESIGNALSTOTRADEBYLENNART,59918,2026-09-18T16:18:35Z,CHFJPY TP2 HIT ✔️✔️,2026-09-19T11:41:12Z,,
@FREESIGNALSTOTRADEBYLENNART,59919,2026-09-18T16:20:06Z,,2026-09-19T11:41:12Z,,
@FREESIGNALSTOTRADEBYLENNART,59920,2026-09-18T16:20:06Z,TP2 wieder ein sauberer Treffer 🎯,2026-09-19T11:41:12Z,,
@FREESIGNALSTOTRADEBYLENNART,59921,2026-09-18T16:20:07Z,Bist du das nächste mal dabei?,2026-09-19T11:41:12Z,,
@FREESIGNALSTOTRADEBYLENNART,59922,2026-09-18T16:20:07Z,Stell dir mal vor was du mit dem zusätzlichen Geld machen könntest... und das beste daran ist. Du brauchst keine Vorerfahrung. Du benötigst nur ein klares System 📈,2026-09-19T11:41:12Z,,
@FREESIGNALSTOTRADEBYLENNART,59923,2026-09-18T16:20:07Z,Schreib mir jetzt und zeige ich dir  wie du das umsetzen kannst!,2026-09-19T11:41:12Z,,
@FREESIGNALSTOTRADEBYLENNART,59924,2026-09-18T16:40:28Z,"Kostenloser Mehrwert: US DOLLAR wird durchleuchtet💵

Lennart nimmt dich heute mit und zeigt dir genau wie er arbeitet.

Guck dir die Analyse einfach auf Youtube an und entscheide dann: Willst du mehr?

📬Schreib @S2TSupport, wenn du das volle Paket willst.",2026-09-19T11:41:12Z,,
@FREESIGNALSTOTRADEBYLENNART,59925,2026-09-18T16:54:16Z,,2026-09-19T11:41:12Z,,
@FREESIGNALSTOTRADEBYLENNART,59926,2026-09-18T17:01:31Z,,2026-09-19T11:41:12Z,,
@FREESIGNALSTOTRADEBYLENNART,59927,2026-09-18T17:14:56Z,"❌ Raus aus dem 9to5 Projekt ❌

Was geht, Leute? Ich starte etwas Neues: Ein exklusives 1-zu-1-Mentorship-Projekt. Das Ziel ist klar: Wir bauen gemeinsam dein Trading so auf, dass du ein stabiles Nebeneinkommen von 2.000€ pro Monat erreichst.

Du brauchst:
✔️ Disziplin
✔️ 1.000€ Startkapital
✔️ Durchhaltevermögen

Ich nehme nur 10 Leute auf, die es wirklich ernst meinen und bereit sind, den Weg mit mir zu gehen. 

Wenn du dabei sein willst, schreib ""MENTOR"" an @S2TSupport",2026-09-19T11:41:12Z,,
@FREESIGNALSTOTRADEBYLENNART,59928,2026-09-18T17:14:56Z,,2026-09-19T11:41:12Z,,
@FREESIGNALSTOTRADEBYLENNART,59929,2026-09-18T17:35:47Z,"Okay, spontane Entscheidung zum Projekt. 🎁

Ich habe eben mit dem Team gesprochen. Wir lassen NOCH DREI Leute rein. Nicht mehr, nicht weniger.",2026-09-19T11:41:12Z,,
@FREESIGNALSTOTRADEBYLENNART,59930,2026-09-18T17:35:47Z,"Schreib ""START"" für meine kostenlosen Echtzeit-Analysen.",2026-09-19T11:41:12Z,,
@FREESIGNALSTOTRADEBYLENNART,59931,2026-09-18T17:35:47Z,"Es ist YOU vs. YOU. Du hast die Möglichkeit mit 500€ endlich finanziell frei zu werden, wenn du jetzt handelst. ❗️",2026-09-19T11:41:12Z,,
@FREESIGNALSTOTRADEBYLENNART,59932,2026-09-18T18:01:03Z,3...,2026-09-19T11:41:12Z,,
@FREESIGNALSTOTRADEBYLENNART,59933,2026-09-18T19:20:26Z,2... (Meine DMs explodieren schon wieder wer es ernst meint muss JETZT schnell sein),2026-09-19T11:41:12Z,,
@FREESIGNALSTOTRADEBYLENNART,59934,2026-09-18T19:20:28Z,1... LETZTER PLATZ. Das ist die absolut letzte Chance.,2026-09-19T11:41:12Z,,
@FREESIGNALSTOTRADEBYLENNART,59935,2026-09-18T19:20:28Z,UND WEG. Willkommen an die zwei neuen Teilnehmer. Das Projekt ist jetzt endgültig geschlossen. 🔒,2026-09-19T11:41:12Z,,
@FREESIGNALSTOTRADEBYLENNART,59936,2026-09-18T19:20:37Z,"⚠️Bei den folgenden Nachrichten handelt es sich um ein Ergebnis aus unserer Premium Gruppe, nicht um ein umzusetzendes Signal⚠️",2026-09-19T11:41:12Z,,
@FREESIGNALSTOTRADEBYLENNART,59937,2026-09-18T19:22:53Z,"🚀GBPUSD - BUY🚀

Entry: 1.34760

Stopp-Loss: 1.34660

Take-Profit 1: 1.34810
Take-Profit 2: 1.34860
Take-Profit 3: 1.35060

📊3:1 Risk Reward 📊",2026-09-19T11:41:12Z,,
@FREESIGNALSTOTRADEBYLENNART,59938,2026-09-18T19:22:53Z,GBPUSD TP1 HIT ✔️,2026-09-19T11:41:12Z,,
@FREESIGNALSTOTRADEBYLENNART,59939,2026-09-18T19:22:53Z,GBPUSD TP2 HIT ✔️✔️,2026-09-19T11:41:12Z,,
@FREESIGNALSTOTRADEBYLENNART,59940,2026-09-18T19:25:01Z,,2026-09-19T11:41:12Z,,
@FREESIGNALSTOTRADEBYLENNART,59941,2026-09-18T19:25:01Z,Leute.. einfach schon wieder TP2 🔥,2026-09-19T11:41:12Z,,
@FREESIGNALSTOTRADEBYLENNART,59942,2026-09-18T19:25:01Z,Und du schaust immer noch zu?,2026-09-19T11:41:12Z,,
@FREESIGNALSTOTRADEBYLENNART,59943,2026-09-18T19:25:01Z,Schreibe mir jetzt eine Nachricht. Ich zeige dir persönlich wie es funktioniert. Du benötigst keine Vorerfahrung 👉@S2TSupport,2026-09-19T11:41:12Z,,
@FREESIGNALSTOTRADEBYLENNART,59944,2026-09-18T19:28:24Z,"💵DXY Tagesanalyse:

Widerstand erreicht – Kommt nächste Woche der Abverkauf? 📉

📊 Der US-Dollar-Index (DXY) bleibt aktuell weiterhin relativ stark. Im 4-Stunden-Chart zeichnet sich jedoch ein möglicher Bruch der bestehenden Trendlinie ab.

🎯 Zu Beginn der nächsten Woche könnte der Kurs zunächst den nächsten Widerstandsbereich anlaufen. Danach liegt der Fokus auf einem möglichen Abverkauf in Richtung der wichtigen Support-Zone.

📉 Sollte der Abverkauf nicht direkt starten, bleibt ein möglicher Liquidation Move aus dieser Woche interessant.

⚠️ Die Reaktion an Widerstand und Support wird für die nächste Marktbewegung entscheidend sein.",2026-09-19T11:41:12Z,,
@FREESIGNALSTOTRADEBYLENNART,59945,2026-09-18T19:31:13Z,"S2T VIP - 2 Wochen Übersicht💯

Hier seht ihr genau wofür wir stehen. Diese Zahlen haben alle VIP Mitglieder erzielt.

✅14 Tage - 2497€

Du willst wissen wie das auch für dich möglich ist? 

📬 @S2TSupport",2026-09-19T11:41:12Z,,
@FREESIGNALSTOTRADEBYLENNART,59946,2026-09-18T19:40:25Z,Professioneller Ansatz und leicht verständliche Setups! 📊,2026-09-19T11:41:12Z,,
@FREESIGNALSTOTRADEBYLENNART,59947,2026-09-18T19:50:21Z,"Ein weiterer Beweis für klare Strategien 📊

Der heutige Trade war technisch stark, das Feedback entsprechend deutlich.
Wir liefern nicht nur Signale wir liefern Verständnis 🎯

Wenn du noch zweifelst, verpasst du den nächsten Einstieg 📈

✉️ Jetzt Zugang sichern: @S2TSupport",2026-09-19T11:41:12Z,,
@FREESIGNALSTOTRADEBYLENNART,59948,2026-09-18T20:05:17Z,"Community Feedback 📈

„Ich hab jetzt zum ersten Mal überhaupt Rücklagen. 2.400 € in vier Monaten aufgebaut. Das gibt mir ein Gefühl von Sicherheit, das ich nie kannte.“ 

Und das trotz 40-Stunden-Job 🎯

Wer mit System tradet, spart nicht nur Zeit - sondern baut sich Stück für Stück finanzielle Stabilität auf.
Kein Stress. Keine wilden Zocks. Einfach strukturierte Setups und transparente Signale.

Zugang limitiert für alle, die sich ein zweites Standbein aufbauen wollen

📲Schreib @S2TSupport und fang noch heute an.",2026-09-19T11:41:12Z,,
@FREESIGNALSTOTRADEBYLENNART,59949,2026-09-18T20:17:18Z,,2026-09-19T11:41:12Z,,
@FREESIGNALSTOTRADEBYLENNART,59950,2026-09-18T20:31:48Z,"Nicht jeder Trade muss im Plus landen aber jeder Trade sollte abgesichert sein 💵

Wichtigste Regel im Trading. Niemals ohne Stop Loss traden!!

Gestern gab der Markt uns ein Setup welches nicht ganz aufging aber wir sind dem Plan gefolgt und sind sauber auf Break Even ausgestiegen. Bei uns bekommst du immer Trades mit System und das ganze sogar kostenlos 🔥

Schreib mir jetzt und ich zeige dir wie 📱@S2TSupport",2026-09-19T11:41:12Z,,
@FREESIGNALSTOTRADEBYLENNART,59951,2026-09-18T20:45:18Z,"Leute hier wird richtig Geld gedruckt. 💵

Meine Partner bekommen diese wirklich brutale Hit-rate 1:1 auf das eigene Portfolio übertragen. 

Du siehst die Performance jeden Tag hier im Channel und das ist nur ein kleiner Einblick in den VIP.

Hör auf zu zweifeln und verändere dein Leben. 
➡️ @S2TSupport",2026-09-19T11:41:12Z,,
@FREESIGNALSTOTRADEBYLENNART,59952,2026-09-18T21:03:16Z,"Signals2Trade wünscht dir ein angenehmes Wochenende! 🤝

Genieß die ruhigen Tage und erhol dich. Es ist wichtig ohne Stress in die neue Woche zu starten. Am Montag geht es wieder los! 

Bist du bereit?

Melde dich JETZT und nutze die Chance 👉@S2TSupport",2026-09-19T11:41:12Z,,
@FREESIGNALSTOTRADEBYLENNART,59953,2026-09-19T02:07:04Z,"☀️ Samstag, 19. September ☀️

Samstag ist der Moment für die unsichtbare Arbeit. Review, Anpassung und neue Level markieren. Hier passiert Wachstum im Stillen. 

Wer das ernst nimmt handelt nächste Woche wie ein Profi.

Jeden Tag 1 % besser ↗️",2026-09-19T11:41:12Z,,
@FREESIGNALSTOTRADEBYLENNART,59954,2026-09-19T03:15:33Z,,2026-09-19T11:41:12Z,,
@FREESIGNALSTOTRADEBYLENNART,59955,2026-09-19T03:25:04Z,✍️ schreibt gerade...,2026-09-19T11:41:12Z,,
@FREESIGNALSTOTRADEBYLENNART,59956,2026-09-19T03:25:04Z,"Ich muss euch das zeigen. Habe gerade diese Nachricht von Ergjan bekommen. Er war am Anfang skeptisch. Das ist seine ehrliche Reaktion, nachdem er gesehen hat, was möglich ist. Mehr gibt es nicht zu sagen. Stark, Ergjan ! 🚀",2026-09-19T11:41:12Z,,
@FREESIGNALSTOTRADEBYLENNART,59957,2026-09-19T03:25:05Z,"Schreib ""START"" für meine kostenlosen Echtzeit-Analysen.",2026-09-19T11:41:12Z,,
@FREESIGNALSTOTRADEBYLENNART,59958,2026-09-19T03:25:05Z,"Schreib mir NICHT, wenn

❌ Du es nicht nötig hast.
❌ Du es nicht ernst meinst.
❌ Du mir nicht vertraust.",2026-09-19T11:41:12Z,,
@FREESIGNALSTOTRADEBYLENNART,59959,2026-09-19T03:25:05Z,"OKAY, STOPP. ⛔️",2026-09-19T11:41:12Z,,
@FREESIGNALSTOTRADEBYLENNART,59960,2026-09-19T03:40:05Z,"Was ein Ausblick am Wochenende 💯 

Du arbeitest die ganze Woche durch nur um am Samstag wieder besorgt aufs Konto zu schauen. Während dessen kann ich entspannt über die Dächer der Stadt schauen. Das habe ich mir durch die Entscheidungen der letzten Tage verdient 🔥

Trading kann einem so vieles ermöglichen... Das einzige was zwischen dir und deinen Zielen liegt sind deine Entscheidungen!

Wie lange schaust du schon zu ohne zu handeln?

Schreib mir jetzt und nutze die Chance 👉@S2TSupport",2026-09-19T11:41:12Z,,
@FREESIGNALSTOTRADEBYLENNART,59961,2026-09-19T04:00:51Z,"Wir zeigen dir wie es wirklich funktioniert 🚀

Sowas zu lesen macht mich jedes mal Stolz. Danke für die lieben Worte. Genau deshalb mache ich das. Um dir zu zeigen dass es gar nicht so schwer ist mit Trading Geld zu verdienen. Wenn du erstmal verstehst wie du auf den Markt reagierst und warum du einsteigst dann wirst du auch unabhängiger. Bei uns lernst du wenigstens auch was fürs Leben. Egal ob Mindset oder Trading Strategie. Du kannst mit diesen Infos etwas anfangen und kommst in die Umsetzung. Das macht den Unterschied.

Schreib mir bitte nur wenn du es ernst meinst 👉@S2TSupport",2026-09-19T11:41:12Z,,
@FREESIGNALSTOTRADEBYLENNART,59962,2026-09-19T04:34:04Z,"⭐️ Erfolge aus unserer VIP Community ⭐️

Danke für dein Feedback! Das zeigt dass wir auf dem richtigen Weg sind. Wir geben jeden Tag gas um dir starke Signale, Struktur und Ergebnisse zu liefern.

Weiter so S2T Community. Gemeinsam wachsen wir weiter.
👉@S2TSupport",2026-09-19T11:41:12Z,,
@FREESIGNALSTOTRADEBYLENNART,59963,2026-09-19T06:08:19Z,"Ihr wisst, wie profitabel US DOLLAR für uns war 🚀

Die komplette Historie und alle Video-Analysen zu unseren größten Gewinnern findet ihr auf meinem YouTube-Kanal.

KLICK HIER UM DIR DIE ANALYSEN ANZUSCHAUEN

Dort seht ihr, dass das kein Zufall ist, sondern das Ergebnis eines Systems, das sich immer wieder bewährt. 🔥

Wenn du auch von diesen Analysen kostenlos profitieren willst schreib ""VIP"" an @S2TSupport",2026-09-19T11:41:12Z,,
@FREESIGNALSTOTRADEBYLENNART,59964,2026-09-19T06:35:22Z,"Wir verdoppeln dein Kapital 💵

Nur für die nächsten 120 Minuten. Unser Broker verdoppelt deine erste Einzahlung.

Warum solltest du dich mit weniger zufrieden geben wenn du auch mehr haben kannst?

Zahle 1000€ ein. Trade mit 2000€. So einfach ist das. Das ist der beste Vorteil den du bekommen kannst.

Diese Chance verfällt in 2 Stunden.

Wenn du dein Kapital verdoppeln willst schreib ""DOPPELT"" an 
👉@S2TSupport",2026-09-19T11:41:12Z,,
@FREESIGNALSTOTRADEBYLENNART,59965,2026-09-19T07:10:16Z,"Herzlich willkommen bei uns in der Signal2Trade Free Gruppe 📊

Hier mal kurz für dich zusammengefasst um was es geht:

✔️ tägliche Signals in den Gruppen
✔️ Trefferquote über 80% 
✔️ Trading Videokurse 
✔️ Trading Anleitungen 
✔️ Ein zusätzliches Einkommen

Und das beste...

Einen persönlichen Trading Coach 💯

Also sei nicht schüchtern und meldet dich bei mir oder überzeug dich auf unserer Website.

🌐https://signals2trade.net oder per ""GO"" @S2TSupport",2026-09-19T11:41:12Z,,
@FREESIGNALSTOTRADEBYLENNART,59966,2026-09-19T07:40:15Z,"Wieder ein Signal verpasst? ⏳

Jedes VIP Signal was du verpasst sind potentielle Urlaube die du liegen lässt. Sichere dir jetzt deinen kostenlosen Zugang💲

📨 Steig jetzt ein und erhalte alle Setups sofort!",2026-09-19T11:41:12Z,,
@FREESIGNALSTOTRADEBYLENNART,59967,2026-09-19T08:38:17Z,"📊Tagesreport VIP Donnerstag📊

ETHUSD BUY TP1 HIT ✔️
➕0.03🔤Growth
ETHUSD BUY TP1 HIT ✔️
➕0.03🔤Growth
ETHUSD BUY TP1 HIT ✔️
➕0.01🔤Growth
BTCUSD SELL TP1 HIT ✔️ 
➕0.01🔤Growth
BTCUSD SELL TP2 HIT ✔️✔️ 
➕0.06🔤Growth
BTCUSD SELL TP3 HIT ✔️✔️✔️ 
➕0.14🔤Growth
ETHUSD SELL TP2 HIT ✔️✔️ 
➕0.02🔤Growth
ETHUSD SELL TP2 HIT ✔️✔️ 
➕0.02🔤Growth


✔️Total ➕0.32🔤

➡️Trades: 08✔️00❌

———————————————————

Bei einem eurer konten waren das:

Mit 1 LOT 
Profit: ➕3.32🔤

Mit 0,10 LOT 
Profit:  ➕0.32🔤

Mit 0,01 LOT
Profit:  ➕0.032🔤

———————————————————

100% Transparenz

Schreibe unserem Support fur mehr informationen:

➡️@S2TSupport",2026-09-19T11:41:12Z,,
@FREESIGNALSTOTRADEBYLENNART,59968,2026-09-19T08:39:35Z,,2026-09-19T11:41:12Z,,
@FREESIGNALSTOTRADEBYLENNART,59969,2026-09-19T08:39:44Z,"📊Tagesreport VIP Freitag 📊

➖➖➖➖➖➖➖➖➖➖➖

✔️Total ➕ 0 🔤

➡️Trades: 00✔️00❌

———————————————————

""No opportunity - No trading""

➡️@S2TSupport",2026-09-19T11:41:12Z,,
@FREESIGNALSTOTRADEBYLENNART,59970,2026-09-19T08:39:53Z,,2026-09-19T11:41:12Z,,
@FREESIGNALSTOTRADEBYLENNART,59971,2026-09-19T09:14:14Z,"Die Analyse ist klar, detailliert und sehr einfach nachzuvollziehen. 🎯",2026-09-19T11:41:12Z,,
@FREESIGNALSTOTRADEBYLENNART,59972,2026-09-19T09:22:24Z,"Du willst echte Einblicke❓
Dann bekommst du sie.

Ohne Filter und ohne alles schön zu reden. Zwei echte Nachrichten aus dem VIP. Ehrlich, ruhig und professionell ✔️

Genau so sieht es aus wenn du ein Team hast das weiß
was es tut. Selbst an schwierigen Tagen.

✉️ @S2TSupport",2026-09-19T11:41:12Z,,
@FREESIGNALSTOTRADEBYLENNART,59973,2026-09-19T09:30:26Z,"Multi Strategie Update📈

im VIP sind wir nicht vom einem Markt abhängig denn wir handeln alle.

Diese Woche hat das uns genau +5k€ an Gewinn geliefert 💯

S2T VIP ist nicht einfach eine Signalgruppe denn dort bekommst du nicht nur professionelle Signale sondern das richtige Insider-Wissen

📲 Schreib @S2TSupport um zu erfahren ob du zu uns passt",2026-09-19T11:41:12Z,,
@FREESIGNALSTOTRADEBYLENNART,59974,2026-09-19T09:45:23Z,"Metatrader ist unser Tool fürs Trading 📊

✔️Auf diesem Screen siehst du die aktuellen Kursstände Live

✔️Wähle hier das Währungspaar aus das du handeln möchtest 

✔️Über das ➕ oben rechts fügst du neue Paare hinzu

✔️Speichere am besten nur deine Favoriten 

Starte jetzt durch und lade dir die Metatrader App herunter. Dein nächster Trade wartet! Wenn du Hilfe brauchst schreibe
👉 @S2TSupport",2026-09-19T11:41:12Z,,
@FREESIGNALSTOTRADEBYLENNART,59975,2026-09-19T10:02:35Z,"Ich bin Lennart. Gründer von Signals2Trade 👋

Diese Nachricht richtet sich sowohl an die neuen als auch bestehende Mitglieder. 

Ich habe für dich ein Video erstellt in dem ich dir S2T erkläre und wie du am Markt tatsächlich Geld verdienen kannst. 💯

Wenn mehr willst schreiben mir @S2TSupport und ich werde dir alle Details geben",2026-09-19T11:41:12Z,,
@FREESIGNALSTOTRADEBYLENNART,59976,2026-09-19T10:28:58Z,"So gehen wir heute ins Wochenende 📈

Die offenen Positionen bleiben aktiv und wir blicken auf eine erfolgreiche Woche zurück 💯

Morgen erwartet euch die Wochenauswertung 📊",2026-09-19T11:41:12Z,,
@FREESIGNALSTOTRADEBYLENNART,59977,2026-09-19T10:28:58Z,,2026-09-19T11:41:12Z,,
@FREESIGNALSTOTRADEBYLENNART,59978,2026-09-19T10:28:58Z,,2026-09-19T11:41:12Z,,
@FREESIGNALSTOTRADEBYLENNART,59979,2026-09-19T10:28:58Z,,2026-09-19T11:41:12Z,,
@FREESIGNALSTOTRADEBYLENNART,59980,2026-09-19T10:28:58Z,,2026-09-19T11:41:12Z,,
@FREESIGNALSTOTRADEBYLENNART,59981,2026-09-19T10:28:58Z,,2026-09-19T11:41:12Z,,
@FREESIGNALSTOTRADEBYLENNART,59982,2026-09-19T10:28:58Z,,2026-09-19T11:41:12Z,,
@FREESIGNALSTOTRADEBYLENNART,59983,2026-09-19T10:28:58Z,,2026-09-19T11:41:12Z,,
@FREESIGNALSTOTRADEBYLENNART,59984,2026-09-19T10:28:58Z,,2026-09-19T11:41:12Z,,
@FREESIGNALSTOTRADEBYLENNART,59985,2026-09-19T10:28:58Z,,2026-09-19T11:41:12Z,,
@FREESIGNALSTOTRADEBYLENNART,59986,2026-09-19T10:40:23Z,"🚨Trading Basics - Market Sessions🚨

Um den Markt profitabel zu handeln muss man Ihn verstehen. Heute erklären wir euch die 3 wichtigsten Market Sessions.

Egal was man handelt, von Aktien bis Krypto, die Börsenöffnungszeiten sind immer wichtig zu beachten.

Die wichtigste ist die New York Session (15:30 bis 22:00 deutsche Zeit). Hier öffnet der New York Stock Exchange (NYSE) und bringt erhöhte Volatilität und das größte Volumen in den Markt. Besonders die ersten 90 Minuten sind am schnellsten da hier die großen Institutionen und professionellen Tradingbots den Großteil Ihrer Trades tätigen. 

Die Asia auch genannt Hong Kong Session (3:30 bis 10:00) schafft oft genau dann wann wir normalerweise schlafen erhöhte Volatilität und es ist morgens immer wichtig zu sehen was über Nacht in Asien passiert ist.

Die UK oder London Session (9:00 bis 17:30) Ist für uns oft die erste Handelszeit welche wir mitnehmen können. Hier handelt ganz Europa. Trotz des Volumens welches zwar oft kleiner als der US Markt ist bietet diese Session viele sehr gute Möglichkeiten und kann manchmal den Trend schon vor den Amerikanern vorgeben kann. Zudem ist die London Session oft etwas ruhiger und in gewissen Marktphasen weniger Manipuliert als der US Markt.

📬Wenn du anstatt Signalen zu folgen den Markt auch richtig verstehen willst schreib uns JETZT @S2TSupport",2026-09-19T11:41:12Z,,
@FREESIGNALSTOTRADEBYLENNART,59987,2026-09-19T10:43:42Z,"📊 Tagesreport VIP Donnerstag 📊

XAGUSD SELL TP1 HIT ✔️
➕20 Pips
XAUUSD SELL TP1 HIT ✔️
➕20 Pips
XAUUSD BUY TP1 HIT ✔️
➕20 Pips
CHFJPY BUY TP1 HIT ✔️
➕14 Pips
EURJPY SELL TP1 HIT ✔️
➕02 Pips
GBPAUD SELL TP1 HIT ✔️
➕02 Pips
GBPNZD SELL TP1 HIT ✔️
➕03 Pips
GBPNZD BUY TP1 HIT ✔️
➕08 Pips
GBPJPY SELL TP1 HIT ✔️
➕09 Pips 
EURGBP SELL TP1 HIT ✔️
➕13 Pips
EURGBP SELL TP1 HIT ✔️
➕13 Pips",2026-09-19T11:41:12Z,,
@FREESIGNALSTOTRADEBYLENNART,59988,2026-09-19T10:43:43Z,"Uk100 SELL TP1 HIT ✔️
➕06 Pips
DAX SELL TP2 HIT ✔️✔️
➕62 Pips
DAX SELL TP2 HIT ✔️✔️
➕60 Pips
EURJPY SELL TP2 HIT ✔️✔️
➕04 Pips
CHFJPY BUY TP2 HIT ✔️✔️
➕37 Pips
CHFJPY BUY TP2 HIT ✔️✔️
➕37 Pips
XAUUSD BUY TP2 HIT ✔️✔️
➕40 Pips
XAUUSD BUY TP2 HIT ✔️✔️
➕40 Pips
XAUUSD SELL TP2 HIT ✔️✔️
➕30 Pips
DAX SELL TP3 HIT ✔️✔️✔️
➕129 Pips
DAX SELL TP3 HIT ✔️✔️✔️
➕129 Pips",2026-09-19T11:41:12Z,,
@FREESIGNALSTOTRADEBYLENNART,59989,2026-09-19T10:45:38Z,"EURGBP SELL SL HIT ❌
➖ 45 (3x) Pips

✔️Total➕ 653 Pips 

➡️ Trades: 22✔️01❌

————————————————————

Bei einem eurer Konten wären das:

Mit 1 LOT 
Profit: ➕6530.7💵  

Mit 0.10 LOT 
Profit: ➕653.7💵

Mit 0.01 LOT
Profit: ➕65.37💵

—————————————————————

100% Transparenz 

Schreibe unserem Support für mehr Informationen

➡️@S2TSupport",2026-09-19T11:41:12Z,,
@FREESIGNALSTOTRADEBYLENNART,59990,2026-09-19T10:46:02Z,,2026-09-19T11:41:12Z,,
@FREESIGNALSTOTRADEBYLENNART,59991,2026-09-19T10:46:21Z,"🚨Trading Basics - Market Sessions🚨

Um den Markt profitabel zu handeln muss man Ihn verstehen. Heute erklären wir euch die 3 wichtigsten Market Sessions.

Egal was man handelt, von Aktien bis Krypto, die Börsenöffnungszeiten sind immer wichtig zu beachten.

Die wichtigste ist die New York Session (15:30 bis 22:00 deutsche Zeit). Hier öffnet der New York Stock Exchange (NYSE) und bringt erhöhte Volatilität und das größte Volumen in den Markt. Besonders die ersten 90 Minuten sind am schnellsten da hier die großen Institutionen und professionellen Tradingbots den Großteil Ihrer Trades tätigen. 

Die Asia auch genannt Hong Kong Session (3:30 bis 10:00) schafft oft genau dann wann wir normalerweise schlafen erhöhte Volatilität und es ist morgens immer wichtig zu sehen was über Nacht in Asien passiert ist.

Die UK oder London Session (9:00 bis 17:30) Ist für uns oft die erste Handelszeit welche wir mitnehmen können. Hier handelt ganz Europa. Trotz des Volumens welches zwar oft kleiner als der US Markt ist bietet diese Session viele sehr gute Möglichkeiten und kann manchmal den Trend schon vor den Amerikanern vorgeben kann. Zudem ist die London Session oft etwas ruhiger und in gewissen Marktphasen weniger Manipuliert als der US Markt.

📬Wenn du anstatt Signalen zu folgen den Markt auch richtig verstehen willst schreib uns JETZT @S2TSupport",2026-09-19T11:41:12Z,,
@FREESIGNALSTOTRADEBYLENNART,59992,2026-09-19T11:01:51Z,"📊 Tagesreport VIP Freitag 📊

WS30 BUY TP1 HIT ✔️
➕79 Pips
XAUUSD SELL TP1 HIT ✔️
➕20 Pips
XAUUSD SELL TP1 HIT ✔️
➕20 Pips
XAUUSD SELL TP1 HIT ✔️
➕20 Pips
EURJPY SELL TP1 HIT ✔️
➕09 Pips
FX.N SELL TP1 HIT ✔️
➕30 Pips
USDCAD SELL TP1 HIT ✔️
➕02 Pips
XAUUSD SELL TP2 HIT ✔️✔️
➕40 Pips
XAUUSD SELL TP2 HIT ✔️✔️
➕40 Pips",2026-09-19T11:41:12Z,,
@FREESIGNALSTOTRADEBYLENNART,59993,2026-09-19T11:01:51Z,"XAUUSD SELL TP2 HIT ✔️✔️
➕40 Pips
XAUUSD SELL TP2 HIT ✔️✔️
➕40 Pips
XAGUSD SELL TP1 HIT ✔️
➕60 Pips
WS30 BUY TP2 HIT ✔️✔️
➕179 Pips
WS30 BUY TP2 HIT ✔️✔️
➕179 Pips
DAX SELL TP3 HIT ✔️✔️✔️
➕404 Pips
DAX SELL TP3 HIT ✔️✔️✔️
➕406 Pips
USDJPY BUY TP3 HIT ✔️✔️✔️
➕114 Pips
DAX SELL TP3 HIT ✔️✔️✔️
➕131 Pips

DAX BUY SL HIT ❌
➖ 121 (3x) Pips
DAX BUY SL HIT ❌
➖ 121 (3x) Pips
XAUUSD SELL SL HIT ❌
➖ 30 (3x) Pips
XAUUSD SELL SL HIT ❌
➖ 50 (3x) Pips",2026-09-19T11:41:12Z,,
@FREESIGNALSTOTRADEBYLENNART,59994,2026-09-19T11:01:57Z,"✔️Total➕ 847 Pips 

➡️ Trades: 18✔️04❌

————————————————————

Bei einem eurer Konten wären das:

Mit 1 LOT 
Profit: ➕8470.7💵  

Mit 0.10 LOT 
Profit: ➕847.7💵

Mit 0.01 LOT
Profit: ➕84.77💵

—————————————————————

100% Transparenz 

Schreibe unserem Support für mehr Informationen

➡️@S2TSupport",2026-09-19T11:41:12Z,,
@FREESIGNALSTOTRADEBYLENNART,59995,2026-09-19T11:02:22Z,,2026-09-19T11:41:12Z,,
@FREESIGNALSTOTRADEBYLENNART,59996,2026-09-19T11:34:13Z,"Vertrauen entsteht nicht durch Versprechen, sondern durch Transparenz. Deshalb findest du unsere Bewertungen nicht nur an einer Stelle, sondern auf mehreren bekannten Plattformen.

⭐️⭐️⭐️⭐️⭐️

🔜Trust index
🔜Google profile 
🔜Proven expert 
🔜Trustami

Schau dir alles in Ruhe an.

Wenn du überzeugt bist melde dich bei @S2TSupport.",2026-09-19T11:41:12Z,,
@FREESIGNALSTOTRADEBYLENNART,59997,2026-09-19T11:40:20Z,"Wecker klingelt. Du machst dich auf dem Weg zu deiner Arbeit. Voller Stress und das Tag für Tag. Und dann gibt es noch unsere VIP Mitglieder die gestern einfach Telegram geöffnet haben. Mit nur einem Klick Vermögen aufbauen. So einfach kann es gehen💵

Freiheit bedeutet Du entscheidest. Wann du aufstehst wohin du reist und mit wem du arbeitest.

Was wäre wenn du morgen nicht zur Arbeit musst sondern dein Handy reicht?

📱 Schreib @S2TSupport, bevor du dich noch länger fragst, „was wäre wenn…“",2026-09-19T11:41:12Z,,
@REALNATEFXC,4979,2026-09-12T17:27:49Z,"🔥 ANOTHER MEMBER CASHING IN ON GOLD!

Three positions. Three profits.

+$51.97
+$60.81
+$59.29

And the message says it all:

“Mega. Great trade, cheers Nate.” 👏

📩 Message me now for FREE Premium Access.",2026-09-19T11:41:15Z,2026-09-12T17:28:13Z,
@REALNATEFXC,4980,2026-09-13T10:14:27Z,"🔥 SEPTEMBER IS OFF TO A STRONG START!

13 trades so far.

☑ 9 Wins
❌ 3 Losses
➖ 1 Break Even
🎯 75% WIN RATE
📈 +2,400 PIPS

Wins AND losses are shown here. Nothing hidden.

And we’re not even halfway through September yet. 👀",2026-09-19T11:41:15Z,2026-09-13T10:15:13Z,
@REALNATEFXC,4981,2026-09-13T10:14:43Z,📩 Message me now for FREE Premium Access.,2026-09-19T11:41:15Z,2026-09-13T10:22:17Z,
@REALNATEFXC,4982,2026-09-13T13:53:28Z,"🏆 TRADER OF THE WEEK!

Another week, another member stepping up and delivering.

+$1,134 PROFIT on GOLD 🔥

What I care about isn’t one lucky trade. It’s seeing members learn the system, stay disciplined.

📤Message me here to claim your FREE spot inside our Premium Community.",2026-09-19T11:41:15Z,2026-09-13T13:53:54Z,
@REALNATEFXC,4983,2026-09-13T15:31:28Z,"MARKETS are opening soon  ✅💸

This member made 2,000£ on FRIDAY 🤯

If you want results like above you know what to do! Don’t sit on the sidelines this week 🏆🏆

CLICK HERE FOR RESULTS LIKE this🤝",2026-09-19T11:41:15Z,2026-09-13T15:37:04Z,
@REALNATEFXC,4984,2026-09-13T18:33:50Z,"📊 Learn. Trade. Grow.
💡 Smart Signals, Real Results

🚀 Join @fxculture",2026-09-19T11:41:15Z,2026-09-13T18:34:48Z,
@REALNATEFXC,4985,2026-09-13T18:33:50Z,,2026-09-19T11:41:15Z,,
@REALNATEFXC,4986,2026-09-13T18:33:50Z,,2026-09-19T11:41:15Z,,
@REALNATEFXC,4987,2026-09-13T18:33:50Z,,2026-09-19T11:41:15Z,,
@REALNATEFXC,4988,2026-09-13T18:33:50Z,,2026-09-19T11:41:15Z,,
@REALNATEFXC,4989,2026-09-13T18:33:50Z,,2026-09-19T11:41:15Z,,
@REALNATEFXC,4990,2026-09-13T18:33:50Z,,2026-09-19T11:41:15Z,,
@REALNATEFXC,4991,2026-09-13T18:45:02Z,"Ready to start seeing results for yourself?

📩 Message me now for FREE Premium Access.",2026-09-19T11:41:15Z,2026-09-13T18:51:14Z,
@REALNATEFXC,4992,2026-09-14T05:42:10Z,MORNING TRADERS 👋,2026-09-19T11:41:15Z,2026-09-14T05:48:21Z,
@REALNATEFXC,4993,2026-09-14T05:42:16Z,WHOS READY FOR A ANOTHER AMAZING WEEK ON THE MARKETS??,2026-09-19T11:41:15Z,2026-09-14T05:42:22Z,
@REALNATEFXC,4994,2026-09-14T10:01:33Z,"📊 Learn. Trade. Grow.
💡 Smart Signals, Real Results

🚀 Join @fxculture",2026-09-19T11:41:15Z,2026-09-14T10:02:06Z,
@REALNATEFXC,4995,2026-09-14T10:01:33Z,,2026-09-19T11:41:15Z,,
@REALNATEFXC,4996,2026-09-14T10:01:33Z,,2026-09-19T11:41:15Z,,
@REALNATEFXC,4997,2026-09-14T10:01:33Z,,2026-09-19T11:41:15Z,,
@REALNATEFXC,4998,2026-09-14T10:01:33Z,,2026-09-19T11:41:15Z,,
@REALNATEFXC,4999,2026-09-14T10:01:33Z,,2026-09-19T11:41:15Z,,
@REALNATEFXC,5000,2026-09-14T10:01:33Z,,2026-09-19T11:41:15Z,,
@REALNATEFXC,5001,2026-09-14T10:02:09Z,"Members results from Friday 🤯🤯

📩 Message me now for FREE Premium Access.",2026-09-19T11:41:15Z,2026-09-14T10:04:58Z,
@REALNATEFXC,5002,2026-09-14T13:58:26Z,"MEMBER RESULTS KEEP COMING IN!

Another +$807.39 on GOLD 💰

This is exactly what I want to see learning from the trades, staying patient and knowing when to step away.

Simple trading done properly. 👏🔥

Who’s next? 🚀",2026-09-19T11:41:15Z,2026-09-14T14:02:43Z,
@REALNATEFXC,5003,2026-09-14T18:18:16Z,Took a trade,2026-09-19T11:41:15Z,2026-09-14T18:24:35Z,
@REALNATEFXC,5004,2026-09-14T18:19:14Z,,2026-09-19T11:41:15Z,2026-09-14T18:24:32Z,
@REALNATEFXC,5005,2026-09-14T18:20:25Z,my 3 accounts insane,2026-09-19T11:41:15Z,2026-09-14T18:24:33Z,
@REALNATEFXC,5006,2026-09-14T18:20:25Z,,2026-09-19T11:41:15Z,,
@REALNATEFXC,5007,2026-09-14T18:20:25Z,,2026-09-19T11:41:15Z,,
@REALNATEFXC,5008,2026-09-14T18:22:16Z,,2026-09-19T11:41:15Z,2026-09-14T18:24:33Z,
@REALNATEFXC,5009,2026-09-14T18:22:23Z,CLICK HERE FOR RESULTS LIKE this🤝,2026-09-19T11:41:15Z,2026-09-14T18:24:33Z,
@REALNATEFXC,5010,2026-09-14T20:25:56Z,"THOUSANDS OF REVIEWS📣📣

From members all around the world 🌍 

There is a reason why we are the number 1 trading community on TRUSTPILOT.

To catch more trades for FREE

⏳Claim your FREE Premium Community spot today.",2026-09-19T11:41:15Z,2026-09-14T20:26:28Z,
@REALNATEFXC,5011,2026-09-15T05:02:45Z,I covered my loss from another group with your trade. I only gonna follow you,2026-09-19T11:41:15Z,2026-09-15T05:05:41Z,
@REALNATEFXC,5012,2026-09-15T05:02:46Z,,2026-09-19T11:41:15Z,2026-09-15T05:05:40Z,
@REALNATEFXC,5013,2026-09-15T05:03:36Z,Thank you King 👑👑👑👑,2026-09-19T11:41:15Z,2026-09-15T05:04:01Z,
@REALNATEFXC,5014,2026-09-15T05:05:06Z,"We are going to start trading soon 🤝🏆

So what are you waiting for? PREMIUM is completely FREE & MORE TRADES

FOR FREE PREMIUM ACCESS MESSAGE HERE",2026-09-19T11:41:15Z,2026-09-15T05:05:15Z,
@REALNATEFXC,5015,2026-09-15T06:10:00Z,Ⓘ You have been mentioned by the owner of the channel. Ⓘ,2026-09-19T11:41:15Z,2026-09-15T06:10:20Z,
@REALNATEFXC,5016,2026-09-15T10:42:48Z,"SIGNAL ALERT


XAUUSD

BUY

ENTRY AREA 4274-4269

🎯Target: 4400

❌Stop loss: 4250

This is not financial advice. This is a personal trade idea shared for educational and informational purposes only",2026-09-19T11:41:15Z,2026-09-15T10:43:19Z,
@REALNATEFXC,5017,2026-09-15T10:45:47Z,"BOOM straight into profits💥 

We strike again🏆🏆

📤Message me here to claim your FREE spot inside our Premium Community.",2026-09-19T11:41:15Z,2026-09-15T10:46:44Z,
@REALNATEFXC,5018,2026-09-15T10:56:00Z,"So what’s your excuse not to be in the premium ?

Winning Trades  ✔️

📤Message me here to claim your FREE spot inside our Premium Community.",2026-09-19T11:41:15Z,2026-09-15T10:56:36Z,
@REALNATEFXC,5019,2026-09-15T11:20:13Z,"Will secure some profits here & remove risk here 🏆🏆

For more trades for FREE

📩 Message me now for FREE Premium Access.",2026-09-19T11:41:15Z,2026-09-15T11:20:34Z,
@REALNATEFXC,5020,2026-09-15T12:54:29Z,,2026-09-19T11:41:15Z,2026-09-15T12:56:39Z,
@REALNATEFXC,5021,2026-09-15T15:37:03Z,Screenshot (15 Sept 2026 14:07:01),2026-09-19T11:41:15Z,2026-09-15T15:38:18Z,
@REALNATEFXC,5022,2026-09-15T15:37:03Z,Another one from you Sir 👑👑👑,2026-09-19T11:41:15Z,2026-09-15T15:38:20Z,
@REALNATEFXC,5023,2026-09-15T18:14:20Z,"🔥 Quick profits
📈 Account Growth

👉 Join @fxculture and Dominate the Markets",2026-09-19T11:41:15Z,2026-09-15T18:16:13Z,
@REALNATEFXC,5024,2026-09-15T18:14:21Z,,2026-09-19T11:41:15Z,,
@REALNATEFXC,5025,2026-09-15T18:14:21Z,,2026-09-19T11:41:15Z,,
@REALNATEFXC,5026,2026-09-15T18:14:21Z,,2026-09-19T11:41:15Z,,
@REALNATEFXC,5027,2026-09-15T18:14:21Z,,2026-09-19T11:41:15Z,,
@REALNATEFXC,5028,2026-09-15T18:14:21Z,,2026-09-19T11:41:15Z,,
@REALNATEFXC,5029,2026-09-15T18:14:21Z,,2026-09-19T11:41:15Z,,
@REALNATEFXC,5030,2026-09-15T18:14:21Z,,2026-09-19T11:41:15Z,,
@REALNATEFXC,5031,2026-09-15T18:14:21Z,,2026-09-19T11:41:15Z,,
@REALNATEFXC,5032,2026-09-15T18:16:39Z,"Still waiting around in here?

what are you waiting for? PREMIUM is completely FREE & MORE TRADES

FOR FREE PREMIUM ACCESS MESSAGE HERE",2026-09-19T11:41:15Z,2026-09-15T18:17:43Z,
@REALNATEFXC,5033,2026-09-16T05:27:00Z,GOOD MORNING TRADERS 👋,2026-09-19T11:41:15Z,2026-09-16T05:27:26Z,
@REALNATEFXC,5034,2026-09-16T05:29:01Z,"ANOTHER TRADING DAY is about to kick off 🤝

Are you going to sit on the sidelines or step on the field and play?

⚡ JOIN THOUSANDS OF TRADERS ALREADY INSIDE.

⏳Claim your FREE Premium Community spot today",2026-09-19T11:41:15Z,2026-09-16T05:29:40Z,
@REALNATEFXC,5035,2026-09-16T06:15:07Z,BIG UPDATE coming your way in 5 mins,2026-09-19T11:41:15Z,2026-09-16T06:15:13Z,
@REALNATEFXC,5036,2026-09-16T06:19:01Z,"FOR 5 NEW MEMBERS ONLY TODAY 📣📣

FOR MEMBERS WHO JOIN PREMIUM TODAY 🚀🚀

You get:
• 200% deposit bonus
• A FREE funded account

CLICK HERE TO JOIN MY COMMUNITY FOR FREE & GET A 200% BONUS ⏰",2026-09-19T11:41:15Z,2026-09-16T06:20:47Z,
@REALNATEFXC,5037,2026-09-16T10:41:33Z,"3 spots already gone 🏆🚀

Get the final 2 now !!

CLICK HERE TO JOIN MY COMMUNITY FOR FREE & GET A 200% BONUS ⏰",2026-09-19T11:41:15Z,2026-09-16T10:41:48Z,
@REALNATEFXC,5038,2026-09-16T12:38:17Z,"SIGNAL ALERT


XAUUSD

SELL

ENTRY AREA 4343-4348

🎯Target: 4300

❌Stop loss: 4362

This is not financial advice. This is a personal trade idea shared for educational and informational purposes only",2026-09-19T11:41:15Z,2026-09-16T12:39:19Z,
@REALNATEFXC,5039,2026-09-16T12:39:59Z,"Amazing start!🏆

So what are you waiting for? PREMIUM is completely FREE & MORE TRADES

FOR FREE PREMIUM ACCESS MESSAGE HERE",2026-09-19T11:41:15Z,2026-09-16T12:40:03Z,
@REALNATEFXC,5040,2026-09-16T13:44:19Z,,2026-09-19T11:41:15Z,2026-09-16T13:45:29Z,
@REALNATEFXC,5041,2026-09-16T13:44:50Z,,2026-09-19T11:41:15Z,2026-09-16T13:45:27Z,
@REALNATEFXC,5042,2026-09-16T13:45:22Z,,2026-09-19T11:41:15Z,2026-09-16T13:45:34Z,
@REALNATEFXC,5043,2026-09-16T13:45:36Z,⏳Claim your FREE Premium Community spot today,2026-09-19T11:41:15Z,2026-09-16T13:46:50Z,
@REALNATEFXC,5044,2026-09-16T17:18:04Z,"🔥 THIS IS WHAT I LOVE TO SEE FROM THE COMMUNITY!

Two more members sending in their results from GOLD today. 📈

One member finished the session with +$1,607.50 profit 🔥 while another was stacking his own wins on the same market.

Different account sizes. Different results. Same focus on execution.

⏳Claim your FREE Premium Community spot today",2026-09-19T11:41:15Z,2026-09-16T17:25:47Z,
@REALNATEFXC,5045,2026-09-16T17:18:04Z,,2026-09-19T11:41:15Z,,
@REALNATEFXC,5046,2026-09-16T18:24:33Z,,2026-09-19T11:41:15Z,2026-09-16T18:32:29Z,
@REALNATEFXC,5047,2026-09-16T18:24:33Z,All most hit your tp that last trade on the short bro,2026-09-19T11:41:15Z,2026-09-16T18:32:30Z,
@REALNATEFXC,5048,2026-09-16T21:50:54Z,"LIMITED SPOTS LEFT secure yours now‼️‼️

https://t.me/fxculture",2026-09-19T11:41:15Z,2026-09-16T21:54:17Z,
@REALNATEFXC,5049,2026-09-17T07:19:59Z,,2026-09-19T11:41:15Z,2026-09-17T07:22:10Z,
@REALNATEFXC,5050,2026-09-17T11:21:02Z,"THOUSANDS OF REVIEWS📣📣

From members all around the world 🌍 

There is a reason why we are the number 1 trading community on TRUSTPILOT.

To catch more trades for FREE

⏳Claim your FREE Premium Community spot today.",2026-09-19T11:41:15Z,2026-09-17T11:22:10Z,
@REALNATEFXC,5051,2026-09-17T14:15:37Z,Hi Nate! Daily goal of 5% reached,2026-09-19T11:41:15Z,2026-09-17T14:17:01Z,
@REALNATEFXC,5052,2026-09-17T14:16:27Z,,2026-09-19T11:41:15Z,2026-09-17T14:16:51Z,
@REALNATEFXC,5053,2026-09-17T14:17:09Z,📩 PRESS HERE TO Message me for FREE Premium Access.,2026-09-19T11:41:15Z,2026-09-17T14:18:21Z,
@REALNATEFXC,5054,2026-09-17T14:39:04Z,"BUY TRADE XAU/USD 

4360-4363.8

📍Stop Loss: 4345

Target: 4410

This is not financial advice. This is a personal trade idea shared for educational and informational purposes only.",2026-09-19T11:41:15Z,2026-09-17T14:40:07Z,
@REALNATEFXC,5055,2026-09-17T15:15:34Z,"PUSHING INTO PROFITS we scaled in with premiums 🤝🤝

That’s is how it’s done ✔️

CLICK HERE FOR RESULTS LIKE THIS🤝",2026-09-19T11:41:15Z,2026-09-17T15:16:21Z,
@REALNATEFXC,5056,2026-09-17T15:43:16Z,Yo guysss,2026-09-19T11:41:15Z,2026-09-17T15:43:25Z,
@REALNATEFXC,5057,2026-09-17T15:44:21Z,"IM SECURING SOME PARTIAL PROFITS📣📣

Expecting to push into the highs however it’s late into New York session so for that reason I will remove risk also✔️✔️

CLICK HERE FOR RESULTS LIKE THIS🤝",2026-09-19T11:41:15Z,2026-09-17T15:44:36Z,
@REALNATEFXC,5058,2026-09-17T15:52:39Z,Very happy with the results of the second trade tonight. Still only a small account but it’s growing.,2026-09-19T11:41:15Z,2026-09-17T15:52:54Z,
@REALNATEFXC,5059,2026-09-18T07:23:20Z,MORNING TRADERS 👋,2026-09-19T11:41:15Z,2026-09-18T07:23:34Z,
@REALNATEFXC,5060,2026-09-18T07:24:03Z,"LAST DAY OF THE WEEK! Still plenty of time to catch winning trades ✔️

⏳Claim your FREE Premium Community spot today.",2026-09-19T11:41:15Z,2026-09-18T07:24:43Z,
@REALNATEFXC,5061,2026-09-18T07:24:03Z,,2026-09-19T11:41:15Z,,
@REALNATEFXC,5062,2026-09-18T10:19:34Z,"BUY TRADE XAU/USD 

4373.0-4378.0

📍Stop Loss: 4350

Target: 4430

This is not financial advice. This is a personal trade idea shared for educational and informational purposes only.",2026-09-19T11:41:15Z,2026-09-18T10:20:16Z,
@REALNATEFXC,5063,2026-09-18T10:33:59Z,"There we go beautiful entry ✔️✔️

That’s 3 winning trades in here this week 🤝 showing you again how transparent we are 🔥🔥

⏳Claim your FREE Premium Community spot today.",2026-09-19T11:41:15Z,2026-09-18T10:34:25Z,
@REALNATEFXC,5064,2026-09-18T11:07:36Z,"SMASHED IT 🏆🏆

CLICK HERE FOR RESULTS LIKE THIS🤝",2026-09-19T11:41:15Z,2026-09-18T11:07:47Z,
@REALNATEFXC,5065,2026-09-18T11:13:44Z,🚀 🚀,2026-09-19T11:41:15Z,2026-09-18T11:14:19Z,
@REALNATEFXC,5066,2026-09-18T11:14:22Z,"PARTIALS BANKED🥇🥇

WHAT ARE YOU WAITING FOR?

⚡ JOIN HUNDREDS OF TRADERS ALREADY INSIDE.

⏳Claim your FREE Premium Community spot today.",2026-09-19T11:41:15Z,2026-09-18T11:14:32Z,
@REALNATEFXC,5067,2026-09-18T11:14:22Z,,2026-09-19T11:41:15Z,,
@REALNATEFXC,5068,2026-09-18T11:16:18Z,,2026-09-19T11:41:15Z,2026-09-18T11:16:38Z,
@REALNATEFXC,5069,2026-09-18T12:14:01Z,"I AM GETTING READY TO SEND THE LAST TRADE TODAY 🏆🏆

Better get yourself ready and inside the premium to take advantage of this 🚀

⏳Claim your FREE Premium Community spot today.",2026-09-19T11:41:15Z,2026-09-18T12:14:36Z,
@REALNATEFXC,5070,2026-09-18T17:00:57Z,"💹 Smart Trades
🚀 Steady Growth

👉 Join @fxculture and Level Up Your Trading",2026-09-19T11:41:15Z,2026-09-18T17:03:29Z,
@REALNATEFXC,5071,2026-09-18T17:00:57Z,,2026-09-19T11:41:15Z,,
@REALNATEFXC,5072,2026-09-18T17:00:57Z,,2026-09-19T11:41:15Z,,
@REALNATEFXC,5073,2026-09-18T17:00:57Z,,2026-09-19T11:41:15Z,,
@REALNATEFXC,5074,2026-09-18T17:00:57Z,,2026-09-19T11:41:15Z,,
@REALNATEFXC,5075,2026-09-18T17:00:57Z,,2026-09-19T11:41:15Z,,
@REALNATEFXC,5076,2026-09-18T17:00:57Z,,2026-09-19T11:41:15Z,,
@REALNATEFXC,5077,2026-09-19T08:13:03Z,"Good morning everyone 👋 

Happy weekend 🏆🏆",2026-09-19T11:41:15Z,2026-09-19T08:13:18Z,
@REALNATEFXC,5078,2026-09-19T08:13:56Z,"ANOTHER PROFITABLE WEEK IN THE BOOKS 🔥

✅ 7 Wins
❌ 2 Losses
🎯 +410 Net Pips
📊 77.8% Win Rate

We took two losses back-to-back midweek.

No panic. No revenge trading. No changing the system.

We stuck to the process and followed it up with 4 straight winning trades🔥🔥

⏳Claim your FREE Premium Community spot today.",2026-09-19T11:41:15Z,2026-09-19T08:14:15Z,
@TRADINGCENTRALGLOBAL,53596,2026-09-13T09:50:22Z,,2026-09-19T11:41:17Z,2026-09-13T09:50:28Z,
@TRADINGCENTRALGLOBAL,53597,2026-09-13T09:55:18Z,"Just send “READY” & I’ll make sure you get the same results as Klaudjius (which is easy because 1000s of others are doing it as well) 

💬 @tradingcentralhelpdesk",2026-09-19T11:41:17Z,2026-09-13T09:55:19Z,
@TRADINGCENTRALGLOBAL,53598,2026-09-13T16:15:18Z,"Here’s a sneak peek of the entire analysis I sent out on $BTC, inside my private community.

It’s a 2 minute video. Everything is explained in simple terms.

Just send me “TRADE” & I’ll reply with the video & the trade:
💬 @tradingcentralhelpdesk",2026-09-19T11:41:17Z,2026-09-13T16:15:19Z,
@TRADINGCENTRALGLOBAL,53599,2026-09-13T19:40:22Z,"Make sure to check out my Instagram & drop a follow! I’ll announce something very soon on there.

🌐: https://www.instagram.com/amirscentral",2026-09-19T11:41:17Z,2026-09-13T19:40:29Z,
@TRADINGCENTRALGLOBAL,53600,2026-09-14T00:14:06Z,,2026-09-19T11:41:17Z,2026-09-14T00:14:08Z,
@TRADINGCENTRALGLOBAL,53601,2026-09-14T04:59:01Z,"What a week we had last week! Good morning everyone, it’s another Monday & this is the 3rd week of September ✅

Jump out of bed, get in the gym, get ready for work or school.

I’m about to hop behind my desk & film the POV analysis of the trade that will be sent out alongside it! 

It will be a limit order as always, so my private community can just put it in their account and go on about their day 👇",2026-09-19T11:41:17Z,2026-09-14T04:59:08Z,
@TRADINGCENTRALGLOBAL,53602,2026-09-14T05:05:04Z,,2026-09-19T11:41:17Z,2026-09-14T05:05:09Z,
@TRADINGCENTRALGLOBAL,53603,2026-09-14T05:10:07Z,💬 CLICK HERE TO ALSO GET LIMIT ORDERS FOR FREE IN MY PRIVATE COMMUNITY,2026-09-19T11:41:17Z,2026-09-14T05:10:08Z,
@TRADINGCENTRALGLOBAL,53604,2026-09-14T07:02:09Z,,2026-09-19T11:41:17Z,2026-09-14T07:02:18Z,
@TRADINGCENTRALGLOBAL,53605,2026-09-14T09:30:32Z,"Posted Abi August 27th & as you all know… I love going back to members to show you their progress. Here’s how Abi made +€230,- last week and how you can do the same 👇

I posted him three times now. First when he passed his FTMO challenge using my trades.

Then he got paid out twice.

And now, he made +£230,- on his live account. How? Simple; he used his payouts to grow his live account. 

But wait… how did he get to this stage? Well… my limit orders, my analysis, livestreams and open community chat.

All of these tools are 100% free & Abi used these tools to get these results ✅

It’s the exact reason why he made +£230,- inside of a single trading day last week!",2026-09-19T11:41:17Z,2026-09-14T09:30:33Z,
@TRADINGCENTRALGLOBAL,53606,2026-09-14T09:30:32Z,,2026-09-19T11:41:17Z,,
@TRADINGCENTRALGLOBAL,53607,2026-09-14T09:35:20Z,,2026-09-19T11:41:17Z,2026-09-14T09:35:29Z,
@TRADINGCENTRALGLOBAL,53608,2026-09-14T09:40:20Z,"Just send “READY” & I’ll make sure you get the same results as Abi (which is easy because 1000s of others are doing it as well) 

💬 @tradingcentralhelpdesk",2026-09-19T11:41:17Z,2026-09-14T09:40:29Z,
@TRADINGCENTRALGLOBAL,53609,2026-09-14T12:37:06Z,"Buy XAUUSD @ 4274 

TP #1: 4284

TP #2: 4320
__

SL: 4264 (4263.75)",2026-09-19T11:41:17Z,2026-09-14T12:37:08Z,
@TRADINGCENTRALGLOBAL,53610,2026-09-14T12:37:18Z,Activated,2026-09-19T11:41:17Z,2026-09-14T12:37:18Z,
@TRADINGCENTRALGLOBAL,53611,2026-09-14T12:38:20Z,1️⃣2️⃣3️⃣4️⃣ - LIVE FREE TRADE,2026-09-19T11:41:17Z,2026-09-14T12:38:28Z,
@TRADINGCENTRALGLOBAL,53612,2026-09-14T12:42:23Z,"▶️ - WE’RE LIVE!

We’re livestreaming, make sure to join",2026-09-19T11:41:17Z,2026-09-14T12:42:29Z,
@TRADINGCENTRALGLOBAL,53613,2026-09-14T12:42:23Z,"First take profit target is hit ✅, which gives us +100 pips

Make sure to secure 30% profits by closing partial lotsize",2026-09-19T11:41:17Z,2026-09-14T12:42:28Z,
@TRADINGCENTRALGLOBAL,53614,2026-09-14T12:43:55Z,Move stop to breakeven ✅,2026-09-19T11:41:17Z,2026-09-14T12:43:58Z,
@TRADINGCENTRALGLOBAL,53615,2026-09-14T12:44:55Z,,2026-09-19T11:41:17Z,2026-09-14T12:44:58Z,
@TRADINGCENTRALGLOBAL,53616,2026-09-14T12:45:26Z,"▶️ - I’m live right now:

• https://t.me/m/JzFAGiEgM2Nk",2026-09-19T11:41:17Z,2026-09-14T12:45:28Z,
@TRADINGCENTRALGLOBAL,53617,2026-09-14T12:58:36Z,,2026-09-19T11:41:17Z,2026-09-14T12:58:38Z,
@TRADINGCENTRALGLOBAL,53618,2026-09-14T13:01:37Z,,2026-09-19T11:41:17Z,2026-09-14T13:01:38Z,
@TRADINGCENTRALGLOBAL,53619,2026-09-14T13:02:11Z,,2026-09-19T11:41:17Z,2026-09-14T13:02:17Z,
@TRADINGCENTRALGLOBAL,53620,2026-09-14T13:02:26Z,"I’m approving 50 of you immediately before the next trade is on. 

You can request to join my private community for free using this link:
• https://t.me/m/UY_GFjjLZmE0",2026-09-19T11:41:17Z,2026-09-14T13:02:28Z,
@TRADINGCENTRALGLOBAL,53621,2026-09-14T13:45:23Z,"Sorry for the audio, it’s Apple’s most expensive headphones (but insanely garbage quality)",2026-09-19T11:41:17Z,2026-09-14T13:45:26Z,
@TRADINGCENTRALGLOBAL,53622,2026-09-14T19:51:17Z,"Emilio from Canada, 🇨🇦, made +$98,- today by copy-pasting the trades shared in the private community.

He’s been with us since 2 weeks & is slowly building towards consistent profitability!",2026-09-19T11:41:17Z,2026-09-14T19:51:17Z,
@TRADINGCENTRALGLOBAL,53623,2026-09-14T19:51:17Z,,2026-09-19T11:41:17Z,,
@TRADINGCENTRALGLOBAL,53624,2026-09-14T19:51:21Z,"Just follow the link below & I’ll show you exactly what Emilio did so you can do the same 👇

• https://t.me/m/JzFAGiEgM2Nk",2026-09-19T11:41:17Z,2026-09-14T19:51:24Z,
@TRADINGCENTRALGLOBAL,53625,2026-09-14T20:45:04Z,"TRADES OF LAST WEEK 👇

• $BTC trade from the weekend; 30% at +1000 pips.

• 50% lotsize trade on Tuesday; -100 pips.

• 4403 lower lotsize level Wednesday; -100 pips.

• 4378 50% lotsize trade on Wednesday; all targets hit, +470 pips.

• 4321 main lotsize trade on Thursday; 30% partials taken, surged +200 pips and then breakeven hit.",2026-09-19T11:41:17Z,2026-09-14T20:45:08Z,
@TRADINGCENTRALGLOBAL,53626,2026-09-15T04:59:01Z,"I remember posting that’s it’s a new week & now it’s already Tuesday; 3rd Tuesday of September… time is 🛫

Good morning everyone, we are going to crush it today.

My private community never misses out, because they get the limit order before the move happens.

Now, I’m about to rinse and repeat. Sending the POV analysis & first limit order of the day in my private community in a bit 

Listen closely…👇",2026-09-19T11:41:17Z,2026-09-15T04:59:05Z,
@TRADINGCENTRALGLOBAL,53627,2026-09-15T05:05:05Z,,2026-09-19T11:41:17Z,2026-09-15T05:05:08Z,
@TRADINGCENTRALGLOBAL,53628,2026-09-15T05:10:07Z,💬 CLICK HERE TO ALSO GET LIMIT ORDERS FOR FREE IN MY PRIVATE COMMUNITY,2026-09-19T11:41:17Z,2026-09-15T05:10:08Z,
@TRADINGCENTRALGLOBAL,53629,2026-09-15T06:59:01Z,"Here’s the difference between other communities and us… recorded a while ago, but worth a repost 👆",2026-09-19T11:41:17Z,2026-09-15T06:59:05Z,
@TRADINGCENTRALGLOBAL,53630,2026-09-15T07:05:15Z,,2026-09-19T11:41:17Z,2026-09-15T07:05:19Z,
@TRADINGCENTRALGLOBAL,53631,2026-09-15T09:35:03Z,"Member that I posted March 12th, is still making money. Rhea made €28,- yesterday with the lowest risk possible and here’s how 👇

I could’ve posted an insane result of a member that made €500,- or more, but this result is more insane. Why?

I’ll tell you why. Rhea’s been making money for months ✅

Not some one time result and blowing account the next week, just to be never heard from again.

Low risk, slow, steady and consistently profitable.

Using the limit orders, analysis, livestreams and open community chat to bag €120,- last week & €28,- yesterday!",2026-09-19T11:41:17Z,2026-09-15T09:35:08Z,
@TRADINGCENTRALGLOBAL,53632,2026-09-15T09:35:03Z,,2026-09-19T11:41:17Z,,
@TRADINGCENTRALGLOBAL,53633,2026-09-15T09:35:16Z,,2026-09-19T11:41:17Z,2026-09-15T09:35:18Z,
@TRADINGCENTRALGLOBAL,53634,2026-09-15T09:40:18Z,"Just send “READY” & I’ll make sure you get the same results as Rhea (which is easy because 1000s of others are doing it as well) 

💬 @tradingcentralhelpdesk",2026-09-19T11:41:17Z,2026-09-15T09:40:19Z,
@TRADINGCENTRALGLOBAL,53635,2026-09-15T11:04:56Z,,2026-09-19T11:41:17Z,2026-09-15T11:04:58Z,
@TRADINGCENTRALGLOBAL,53636,2026-09-15T13:33:41Z,"Here’s a preview of the entire 3 minute video analysis I dropped about the pending order that’s waiting in our trading accounts ✅

My entire private community is now informed & ready!

If you’re in this public channel, you’ll receive the trade once price is at the entry

Don’t want to wait? Want to be informed & ready as well? 

50 of you can watch this video for free using the link below:
• https://youtu.be/g3Yp00HhMs?si=QkrhO8-PelBkO109",2026-09-19T11:41:17Z,2026-09-15T13:33:48Z,
@TRADINGCENTRALGLOBAL,53637,2026-09-15T18:07:48Z,,2026-09-19T11:41:17Z,2026-09-15T18:07:58Z,
@TRADINGCENTRALGLOBAL,53638,2026-09-16T04:59:01Z,"Welcome to Wednesday; the middle of the week! ✅

Summer is somewhat at its end, so it’s time to make some money so these past months are paid for.

I’m about to hop behind my screen & share the analysis + first limit order of the day

Make sure to hit the gym; start your day good and be in the private trading room… are you ready?",2026-09-19T11:41:17Z,2026-09-16T04:59:08Z,
@TRADINGCENTRALGLOBAL,53639,2026-09-16T05:05:11Z,,2026-09-19T11:41:17Z,2026-09-16T05:05:18Z,
@TRADINGCENTRALGLOBAL,53640,2026-09-16T05:10:12Z,💬 CLICK HERE TO ALSO GET LIMIT ORDERS FOR FREE IN MY PRIVATE COMMUNITY,2026-09-19T11:41:17Z,2026-09-16T05:10:15Z,
@TRADINGCENTRALGLOBAL,53641,2026-09-16T06:59:01Z,,2026-09-19T11:41:17Z,2026-09-16T06:59:08Z,
@TRADINGCENTRALGLOBAL,53642,2026-09-16T07:05:15Z,"I have a MyFXBook. Keep in mind, I risk 0.3-0.5% per trade because of my account balance.

Here you go: https://www.myfxbook.com/members/AmirsSignals/amirs-signals--tcfx/12092059",2026-09-19T11:41:17Z,2026-09-16T07:05:18Z,
@TRADINGCENTRALGLOBAL,53643,2026-09-16T09:31:06Z,"August 26th is when I last posted him & Stephan just made another +$2.000,- and here’s how you can do the same 👇

I usually post new members every day, but sometimes I do go back to show you that the same member is still printing!

Just like Stephan, who made +$2.000,- in a single trading day! But… Amir, how?

Simple. He follows the limit orders, analysis, livestreams & is active in the open community chat ✅

All these tools are 100% free to access. Who knows…you might be the next person I post as a member results soon!",2026-09-19T11:41:17Z,2026-09-16T09:31:09Z,
@TRADINGCENTRALGLOBAL,53644,2026-09-16T09:31:06Z,,2026-09-19T11:41:17Z,,
@TRADINGCENTRALGLOBAL,53645,2026-09-16T09:35:20Z,,2026-09-19T11:41:17Z,2026-09-16T09:35:29Z,
@TRADINGCENTRALGLOBAL,53646,2026-09-16T09:40:10Z,"Just send “READY” & I’ll show you, for free, how to get results like Stephan and 1000’s of others who are doing the same:
💬@tradingcentralhelpdesk",2026-09-19T11:41:17Z,2026-09-16T09:40:18Z,
@TRADINGCENTRALGLOBAL,53647,2026-09-16T11:56:48Z,"Sell XAUUSD @ 4346 

TP #1: 4336

TP #2: 4300
__

SL: 4356 (4356.25)",2026-09-19T11:41:17Z,2026-09-16T11:56:48Z,
@TRADINGCENTRALGLOBAL,53648,2026-09-16T11:56:58Z,Activated,2026-09-19T11:41:17Z,2026-09-16T11:56:59Z,
@TRADINGCENTRALGLOBAL,53649,2026-09-16T11:57:10Z,1️⃣2️⃣3️⃣4️⃣ - LIVE FREE TRADE,2026-09-19T11:41:17Z,2026-09-16T11:57:18Z,
@TRADINGCENTRALGLOBAL,53650,2026-09-16T12:13:26Z,😜,2026-09-19T11:41:17Z,2026-09-16T12:13:28Z,
@TRADINGCENTRALGLOBAL,53651,2026-09-16T12:31:12Z,"First take profit target is hit ✅, which gives us +100 pips

Make sure to secure 30% profits by closing partial lotsize",2026-09-19T11:41:17Z,2026-09-16T12:31:15Z,
@TRADINGCENTRALGLOBAL,53652,2026-09-16T12:49:24Z,,2026-09-19T11:41:17Z,2026-09-16T12:49:26Z,
@TRADINGCENTRALGLOBAL,53653,2026-09-16T13:14:46Z,,2026-09-19T11:41:17Z,2026-09-16T13:14:48Z,
@TRADINGCENTRALGLOBAL,53654,2026-09-16T13:33:25Z,"Just shorted, bagged 100 pips, took 30% off and it went back to entry or stop.

It’s whatever, we’re not done! Above is a preview of the analysis of the next trade & below I will explain exactly what you can do to unlock it for free 👇",2026-09-19T11:41:17Z,2026-09-16T13:33:28Z,
@TRADINGCENTRALGLOBAL,53655,2026-09-16T13:35:14Z,,2026-09-19T11:41:17Z,2026-09-16T13:35:18Z,
@TRADINGCENTRALGLOBAL,53656,2026-09-16T13:36:05Z,,2026-09-19T11:41:17Z,2026-09-16T13:36:08Z,
@TRADINGCENTRALGLOBAL,53657,2026-09-16T13:36:31Z,"I’m approving the next 50 people for free so they can join the next trade ✅

• https://t.me/m/JzFAGiEgM2Nk",2026-09-19T11:41:17Z,2026-09-16T13:36:38Z,
@TRADINGCENTRALGLOBAL,53658,2026-09-16T20:43:02Z,"Here’s exactly how to turn $1.900,- in to $3.400,- by doing these three things 👇

Our member, OG, made +$3.4K,- over the past few weeks with a total initial account balance of $1.9K 

And these three things helped him; limit orders, analysis, livestreams.

Those essential tools are 100% free to access in my private community. Members are using them to make results like these come true.

And are you really surprised? I mean, the quality of our trades is insane. No huge stop size, a logical risk to reward and everything is explained and sent before the trade is active ✅

Read down below if you want to know how to get the same results as OG!",2026-09-19T11:41:17Z,2026-09-16T20:43:08Z,
@TRADINGCENTRALGLOBAL,53659,2026-09-16T20:43:02Z,,2026-09-19T11:41:17Z,,
@TRADINGCENTRALGLOBAL,53660,2026-09-16T20:43:20Z,"Just send “READY” & I’ll show you, for free, how to get results like OG and 1000’s of others who are doing the same:
💬@tradingcentralhelpdesk",2026-09-19T11:41:17Z,2026-09-16T20:43:28Z,
@TRADINGCENTRALGLOBAL,53661,2026-09-16T22:12:26Z,,2026-09-19T11:41:17Z,2026-09-16T22:12:28Z,
@TRADINGCENTRALGLOBAL,53662,2026-09-16T22:18:28Z,,2026-09-19T11:41:17Z,2026-09-16T22:18:28Z,
@TRADINGCENTRALGLOBAL,53663,2026-09-17T04:59:01Z,"Good morning, it’s Thursday; Wednesday is done and dusted & September’s 3rd week is almost over!

I hope everyone got inside my private trading community yesterday, because we shared one trade which was an insane sniper! 

Everyone got in, everyone profited & no one missed out.

I’m about to send the limit order + POV analysis of the day, in to my private community (which is free to access) ✅",2026-09-19T11:41:17Z,2026-09-17T04:59:08Z,
@TRADINGCENTRALGLOBAL,53664,2026-09-17T05:05:12Z,,2026-09-19T11:41:17Z,2026-09-17T05:05:18Z,
@TRADINGCENTRALGLOBAL,53665,2026-09-17T05:10:05Z,💬 CLICK HERE TO ALSO GET LIMIT ORDERS FOR FREE IN MY PRIVATE COMMUNITY,2026-09-19T11:41:17Z,2026-09-17T05:10:08Z,
@TRADINGCENTRALGLOBAL,53666,2026-09-17T07:01:40Z,I’ll debunk the biggest myth in trading 👇,2026-09-19T11:41:17Z,2026-09-17T07:01:49Z,
@TRADINGCENTRALGLOBAL,53667,2026-09-17T07:01:40Z,,2026-09-19T11:41:17Z,2026-09-17T07:01:49Z,
@TRADINGCENTRALGLOBAL,53668,2026-09-17T09:31:27Z,"Small results matter as long as it’s consistent. Heine made +€21,- and is making money consistently. Here’s how you can do the same 👇

Often, communities tend to post only insane results. That’s not the reality though. There are enough members bagging smaller gains.

It’s not about the amount. It’s about the consistency. 

If you make money one week, blow your account the next…? Then it’s literally fiction.

Heine is using the limit orders, the analysis, the livestreams and the open community chat to keep himself consistently profitable ✅

All these tools are free to access and are exactly the reason why Heine makes €20-€50 a day!",2026-09-19T11:41:17Z,2026-09-17T09:31:28Z,
@TRADINGCENTRALGLOBAL,53669,2026-09-17T09:31:27Z,,2026-09-19T11:41:17Z,,
@TRADINGCENTRALGLOBAL,53670,2026-09-17T09:35:17Z,,2026-09-19T11:41:17Z,2026-09-17T09:35:19Z,
@TRADINGCENTRALGLOBAL,53671,2026-09-17T09:40:16Z,"Just send “READY” & I’ll show you, for free, how to get results like Heine and 1000’s of others who are doing the same:
💬@tradingcentralhelpdesk",2026-09-19T11:41:17Z,2026-09-17T09:40:18Z,
@TRADINGCENTRALGLOBAL,53672,2026-09-17T13:10:12Z,,2026-09-19T11:41:17Z,2026-09-17T13:10:14Z,
@TRADINGCENTRALGLOBAL,53673,2026-09-17T18:59:01Z,"He’s right, trading got a bad name because of individuals that are representing the space & they’re not even traders…

Distinguish a real trader from a marketing guy, you will see the differences; real profitability, no unrealistic expectations etc. 

Check the video above and read down below 👇",2026-09-19T11:41:17Z,2026-09-17T18:59:08Z,
@TRADINGCENTRALGLOBAL,53674,2026-09-17T18:59:01Z,💬 CLICK HERE TO ALSO GET LIMIT ORDERS FOR FREE IN MY PRIVATE COMMUNITY,2026-09-19T11:41:17Z,2026-09-17T18:59:08Z,
@TRADINGCENTRALGLOBAL,53675,2026-09-18T04:59:01Z,"It’s Friday, the last day of the regular trading week; good morning everyone! ✅

I’m about to hop behind the charts where I’ll be analyzing the markets alongside my private trading room.

I always wear my POV glasses and  use simple terms to explain why we’re taking a trade at a certain price.

More importantly… are you ready for today?",2026-09-19T11:41:17Z,2026-09-18T04:59:08Z,
@TRADINGCENTRALGLOBAL,53676,2026-09-18T05:05:12Z,,2026-09-19T11:41:17Z,2026-09-18T05:05:19Z,
@TRADINGCENTRALGLOBAL,53677,2026-09-18T06:59:01Z,Important message for those who want to know the secret behind our community 👇,2026-09-19T11:41:17Z,2026-09-18T06:59:08Z,
@TRADINGCENTRALGLOBAL,53678,2026-09-18T07:05:15Z,,2026-09-19T11:41:17Z,2026-09-18T07:05:18Z,
@TRADINGCENTRALGLOBAL,53679,2026-09-18T09:31:19Z,"Neo joined the 10th of September, fast-forward 6 days and he already made +€539,-… this is how you can do the same thing 👇

And are we surprised? With the tools Neo has free access to… the limit orders, the analysis & the livestreams.

It’s these tools that made him +€539,- in a single trading day ✅

No community does it the same & no community is close to our consistency.

Listen below to understand how to get the same results",2026-09-19T11:41:17Z,2026-09-18T09:31:26Z,
@TRADINGCENTRALGLOBAL,53680,2026-09-18T09:31:19Z,,2026-09-19T11:41:17Z,,
@TRADINGCENTRALGLOBAL,53681,2026-09-18T09:34:16Z,,2026-09-19T11:41:17Z,2026-09-18T09:34:18Z,
@TRADINGCENTRALGLOBAL,53682,2026-09-18T09:40:14Z,"Just send “READY” & I’ll show you, for free, how to get results like Neo and 1000’s of others who are doing the same:
💬@tradingcentralhelpdesk",2026-09-19T11:41:17Z,2026-09-18T09:40:18Z,
@TRADINGCENTRALGLOBAL,53683,2026-09-18T15:20:54Z,"I mean… any group out there with this type of accuracy? 

Yes, we also lose sometimes. At least, if I lose… my members don’t blow their accounts.

We definitely don’t need 5 wins to make up 1 loss. It’s quite the opposite 🤷",2026-09-19T11:41:17Z,2026-09-18T15:20:55Z,
@TRADINGCENTRALGLOBAL,53684,2026-09-18T15:22:11Z,,2026-09-19T11:41:17Z,2026-09-18T15:22:18Z,
@TRADINGCENTRALGLOBAL,53685,2026-09-18T15:22:16Z,💬 CLICK HERE TO ALSO GET LIMIT ORDERS FOR FREE IN MY PRIVATE COMMUNITY,2026-09-19T11:41:17Z,2026-09-18T15:22:18Z,
@TRADINGCENTRALGLOBAL,53686,2026-09-18T18:51:22Z,,2026-09-19T11:41:17Z,2026-09-18T18:51:25Z,
@TRADINGCENTRALGLOBAL,53687,2026-09-18T18:51:37Z,,2026-09-19T11:41:17Z,2026-09-18T18:51:38Z,
@TRADINGCENTRALGLOBAL,53688,2026-09-19T05:33:05Z,"Alright, alright, alright! Welcome to the weekend; say good bye to gold & hello to $BTC.

I’ll be sharing the POV analysis & the first limit order of the day on Bitcoin very soon.

Make sure to be inside of my private community to receive everything completely for free ✅",2026-09-19T11:41:17Z,2026-09-19T05:33:08Z,
@TRADINGCENTRALGLOBAL,53689,2026-09-19T05:35:10Z,,2026-09-19T11:41:17Z,2026-09-19T05:35:19Z,
@TRADINGCENTRALGLOBAL,53690,2026-09-19T05:40:13Z,"$BTC trades, analysis, live streams. 

All available for free, just click the free invite link below:
• https://t.me/m/UY_GFjjLZmE0",2026-09-19T11:41:17Z,2026-09-19T05:40:18Z,
@TRADINGCENTRALGLOBAL,53691,2026-09-19T07:32:47Z,,2026-09-19T11:41:17Z,2026-09-19T07:32:48Z,
@TRADINGCENTRALGLOBAL,53692,2026-09-19T09:45:18Z,"Same member as 3 days ago & this time he made +€826,- in a single trade yesterday! Here’s exactly how he did that 👇",2026-09-19T11:41:17Z,2026-09-19T09:45:18Z,
@TRADINGCENTRALGLOBAL,53693,2026-09-19T09:45:18Z,,2026-09-19T11:41:17Z,,
@TRADINGCENTRALGLOBAL,53694,2026-09-19T09:51:01Z,,2026-09-19T11:41:17Z,2026-09-19T09:51:08Z,
@TRADINGCENTRALGLOBAL,53695,2026-09-19T09:55:12Z,"Just send “READY” & I’ll make sure you get the same results as OG (which is easy because 1000s of others are doing it as well) 

💬 @tradingcentralhelpdesk",2026-09-19T11:41:17Z,2026-09-19T09:55:18Z,
@fxtradingvision,85710,2026-09-19T12:50:16Z,"I’m happy to see some people taking action on the Saturday. Those are the ones that will see more successes come into their lives soon. 

Make sure to stay consistent in your input and trust me, you will see results VERY soon 👀",2026-09-19T14:55:26Z,2026-09-19T12:50:17Z,
@fxtradingvision,85711,2026-09-19T13:19:01Z,"Click the link below if you want to unlock full access to the VIP and be able to copy all my CRYPTO trades this weekend 🚀

>>> CLICK HERE to send me a DM & claim your FREE VIP access",2026-09-19T14:55:26Z,2026-09-19T13:19:01Z,
@fxtradingvision,85712,2026-09-19T14:47:01Z,Ather copied the trades in my VIP and made €229 profit yesterday  👏,2026-09-19T14:55:26Z,2026-09-19T14:47:02Z,
@fxtradingvision,85713,2026-09-19T14:47:01Z,,2026-09-19T14:55:26Z,,
@WOLFXSIGNALS_FREEGROUP,11662,2026-09-19T11:43:59Z,,2026-09-19T14:55:31Z,,
@WOLFXSIGNALS_FREEGROUP,11663,2026-09-19T11:44:00Z,,2026-09-19T14:55:31Z,,
@WOLFXSIGNALS_FREEGROUP,11664,2026-09-19T11:44:00Z,,2026-09-19T14:55:31Z,,
@WOLFXSIGNALS_FREEGROUP,11665,2026-09-19T11:44:00Z,"👀 We don’t stop receiving messages from clients‼️

➜ We woke up with our inbox full of messages. 

✅ WE HAVE THE BEST CLIENTS ✅

👨‍👦‍👦 4154 VIP clients inside.
💰 $24,750.30 made this week.
⚡️ 6/7 signals won this week.
✅ 36/36 Weeks in profits in 2026.

                            ⬇️⬇️

   👉 Become VIP Member HERE 👈",2026-09-19T14:55:31Z,,
@WOLFXSIGNALS_FREEGROUP,11666,2026-09-19T11:44:00Z,,2026-09-19T14:55:31Z,,
@WOLFXSIGNALS_FREEGROUP,11667,2026-09-19T11:44:00Z,,2026-09-19T14:55:31Z,,
@FXFARO_FREEGROUP,13553,2026-09-19T13:40:51Z,"You know what, I’ll give 25 people the chance to join the VIP for free today ONLY!",2026-09-19T14:55:33Z,2026-09-19T13:40:52Z,
@FXFARO_FREEGROUP,13554,2026-09-19T13:41:16Z,"All you need to do is answer 2 simple questions:
1️⃣ How much capital are you currently trading with?
2️⃣ What’s your monthly profit goal with trading?

Send me your answers and I’ll grant you access. Don’t miss this, last time spots filled fast 💵
DM ME NOW @fxfaro",2026-09-19T14:55:33Z,2026-09-19T13:41:16Z,
@FXFARO_FREEGROUP,13555,2026-09-19T13:57:41Z,"ONCE YOU’RE IN, YOU’LL QUICKLY REALIZE WE DO THINGS DIFFERENTLY.🙂

First of all...

You can finally leave that TP1, TP2, TP3 nonsense behind.

ONE setup.
ONE SL.
ONE TP.

Proper Risk to Reward setups, typically targeting:

1:2 R:R
1:3 R:R
And higher when the setup allows it.

But it’s not just about entries.

You’ll learn how we approach EXIT STRATEGY, so you actually have a plan for taking profit instead of randomly closing positions.

You also get:

Free trading eBooks
Real market analysis
Exact VIP setups
Risk management guidance
Live trade management
And much more.

No random signals without a plan.

You’ll see the difference once you’re inside. 🔥 @fxfaro",2026-09-19T14:55:33Z,2026-09-19T13:57:42Z,
@TOPNOTCHFOREXFREE,23812,2026-09-19T12:17:10Z,"☄️ This week: 85% success rate, and over 19.000+ pips gained 🔥 

Winning BIG on Bitcoin & Gold in the PREMIUM community 💰📈

Here’s the full breakdown:
✅ 85% reached TP1
✅ 64% reached TP2
✅ 46% reached TP3

📊 Check all of my results here
🚀 Join @TopNotchForex today",2026-09-19T14:55:36Z,2026-09-19T12:17:11Z,
@TOPNOTCHFOREXFREE,23813,2026-09-19T12:17:10Z,,2026-09-19T14:55:36Z,,
@TOPNOTCHFOREXFREE,23814,2026-09-19T12:17:10Z,,2026-09-19T14:55:36Z,,
@TOPNOTCHFOREXFREE,23815,2026-09-19T14:48:01Z,"I have a serious question… 🤨

Last week I shared over 15 FREE Gold trades, and you haven’t taken any of them. Why? 

I’ve delivered results like this week in, week out, consistently for almost 3 years straight 👇

🤝 TAKE ACTION NOW",2026-09-19T14:55:36Z,2026-09-19T14:48:02Z,
@TAURUSTRADERSSIGNALE,39766,2026-09-19T13:15:16Z,,2026-09-19T14:55:38Z,,
@TAURUSTRADERSSIGNALE,39767,2026-09-19T13:18:01Z,"Meine VIP-Mitglieder diese Woche. Schaut euch an, was sie verdient haben – absolut unglaublich, aber völlig normal, da wir Trade für Trade gewinnen! 📊

Es ist schwer zu verlieren bei der Gewinnquote, die ich habe. Nur mit sehr schlechtem Risikomanagement ist das möglich, aber genau deshalb bringe ich das jedem bei, der meiner Gruppe beitritt (kostenlos). Das ist der Hauptgrund, warum ihr seht, dass meine Mitglieder Tag für Tag so gute Gewinne erzielen.",2026-09-19T14:55:38Z,,
@TAURUSTRADERSSIGNALE,39768,2026-09-19T14:01:01Z,"LIES DAS!! 👆🏻 Wenn du alle meine Trades erhalten möchtest, damit auch du davon profitieren kannst, so wie es bereits 8.300+ andere aktive Mitglieder tun, klicke auf den Link unten, um mir eine DM zu senden 👇🏻😊

>>> KLICKE HIER, um deinen VIP-Zugang zu sichern und ALLE MEINE TRADES zu erhalten",2026-09-19T14:55:38Z,,
@FREESIGNALSTOTRADEBYLENNART,59998,2026-09-19T12:50:17Z,Starke Kommunikation und konstante Qualität! 📊,2026-09-19T14:55:41Z,,
@FREESIGNALSTOTRADEBYLENNART,59999,2026-09-19T13:04:36Z,"Schaut euch das an! 🔥

Einer aus unserer VIP Gruppe hat heute in Minuten richtig kassiert ein Trade, ein Volltreffer 💵

Das ist kein Zufall das ist, was passiert wenn du nicht auf Glück sondern auf Strategie setzt. Unsere VIP Signale bringen dir blaue Zahlen in deinen MetaTrader.

Du willst auch weg vom Zocken & rein in planbare Gewinne?
Dann komm in die kostenlose Community. Hol dir den Beweis direkt auf dein Handy 📲

👉 Verlass den grauen Trott und geh heute den ersten echten Schritt in Richtung Freiheit.

Schreib @S2TSupport und beginne den Weg den du dir selbst schuldest",2026-09-19T14:55:41Z,,
@FREESIGNALSTOTRADEBYLENNART,60000,2026-09-19T13:34:14Z,"Gestern war wieder ein Tag wie wir ihn lieben. Profit im Kasten und Risiko war gering 💰

👉Lasst uns gemeinsam Momentum aufbauen! 

📲@S2TSupport wenn du beim nächsten Setup nicht nur zuschauen willst",2026-09-19T14:55:41Z,,
@FREESIGNALSTOTRADEBYLENNART,60001,2026-09-19T14:05:09Z,"Ein weiterer Trade erfolgreich abgeschlossen ✔️

Das Setup ist beendet und der Gewinn wurden realisiert 💰

Jetzt liegt der Fokus bereits auf der nächsten Tradingchance.

Schreib jetzt an @S2TSupport und verpasse keinen Trade.",2026-09-19T14:55:41Z,,
@FREESIGNALSTOTRADEBYLENNART,60002,2026-09-19T14:05:09Z,,2026-09-19T14:55:41Z,,
@FREESIGNALSTOTRADEBYLENNART,60003,2026-09-19T14:05:09Z,,2026-09-19T14:55:41Z,,
@FREESIGNALSTOTRADEBYLENNART,60004,2026-09-19T14:05:09Z,,2026-09-19T14:55:41Z,,
@FREESIGNALSTOTRADEBYLENNART,60005,2026-09-19T14:05:09Z,,2026-09-19T14:55:41Z,,
@FREESIGNALSTOTRADEBYLENNART,60006,2026-09-19T14:05:09Z,,2026-09-19T14:55:41Z,,
@FREESIGNALSTOTRADEBYLENNART,60007,2026-09-19T14:05:09Z,,2026-09-19T14:55:41Z,,
@FREESIGNALSTOTRADEBYLENNART,60008,2026-09-19T14:05:09Z,,2026-09-19T14:55:41Z,,
@FREESIGNALSTOTRADEBYLENNART,60009,2026-09-19T14:05:09Z,,2026-09-19T14:55:41Z,,
@FREESIGNALSTOTRADEBYLENNART,60010,2026-09-19T14:05:09Z,,2026-09-19T14:55:41Z,,
@FREESIGNALSTOTRADEBYLENNART,60011,2026-09-19T14:10:20Z,"Warum hat der Markt gestern diese Bewegung gemacht? 📈

Die schnellen Signale bekommt ihr hier. Die tiefgehenden Chart-Analysen, warum der Markt so reagiert, wie er reagiert, teile ich exklusiv auf TradingView.

Das ist der Unterschied zwischen nur kopieren und wirklich verstehen. ✅

KLICK HIER FÜR MEINE ANALYSEN

Wenn du endlich Gewinne erzielen willst, schreib ""START"" an @S2TSupport",2026-09-19T14:55:41Z,,
@TRADINGCENTRALGLOBAL,53692,2026-09-19T09:45:18Z,"Same member as 3 days ago & this time he made +€826,- in a single trade yesterday! Here’s exactly how he managed to do that 👇

I mentioned him a few times by now & here is he again. Just to show you that he is consistent and not just a 1-hit wonder.

Just listen to the voice message below to understand how you can get the same results ✅",2026-09-19T14:55:46Z,2026-09-19T12:41:47Z,
@fxtradingvision,85714,2026-09-19T15:31:38Z,"ITS TIME TO ANNOUNCE SOMETHING HUGE TONIGHT. ‼️

1.5 HOURS LEFT FOR THE ANNOUNCEMENT",2026-09-19T17:33:14Z,2026-09-19T15:31:39Z,
@fxtradingvision,85715,2026-09-19T16:03:01Z,,2026-09-19T17:33:14Z,2026-09-19T16:03:01Z,
@fxtradingvision,85716,2026-09-19T16:49:14Z,"LAST 10 MINUTES… 

Make sure to be in here.

It will blow your mind.",2026-09-19T17:33:14Z,2026-09-19T16:49:16Z,
@fxtradingvision,85717,2026-09-19T17:00:09Z,,2026-09-19T17:33:14Z,2026-09-19T17:00:10Z,
@fxtradingvision,85718,2026-09-19T17:04:04Z,"MORE MORE VOTES.

I’m so proud of this.

It’s indescribable.",2026-09-19T17:33:14Z,2026-09-19T17:04:06Z,
@fxtradingvision,85719,2026-09-19T17:09:22Z,F#CK IT 97% IS READY SO LETS DO IT.,2026-09-19T17:33:14Z,2026-09-19T17:09:26Z,
@fxtradingvision,85720,2026-09-19T17:10:01Z,"🎉HUGE ANNOUNCEMENT.🔴

On the 22nd of September my little girl turns 3. 👧

I couldn't be more proud and grateful for this moment. She is everything.

To celebrate her birthday I'm doing the BIGGEST discount we have EVER done on funded account passing.

Not revealing the price yet. But trust me when I say nothing comes close to this. Not Black Friday. Not any deal we've ever done. Not even close.

This one is for her. And it's for you. 🖤

LIKE IF YOU'RE READY FOR TUESDAY👇",2026-09-19T17:33:14Z,2026-09-19T17:10:01Z,
@fxtradingvision,85721,2026-09-19T17:17:44Z,"First of all: THANK YOU. ❤️
The messages have been insane and I read every single one.
I see you asking:

“When is the discount?”

“What’s the price?”

“How many spots?”

“Can I claim multiple?”

Tonight. I’m announcing everything tonight within a couple hours.",2026-09-19T17:33:14Z,2026-09-19T17:17:46Z,
@phenexbillions,7072,2026-09-19T17:20:41Z,🙏🏼🙏🏼,2026-09-19T17:33:16Z,,
@WOLFXSIGNALS_FREEGROUP,11668,2026-09-19T17:24:07Z,,2026-09-19T17:33:19Z,,
@WOLFXSIGNALS_FREEGROUP,11669,2026-09-19T17:24:37Z,"❗️❗️❗️❗️❗️❗️❗️❗️❗️❗️❗️

🎯29/31 ✔️ 93.54% Accuracy

✅️21/08 💰+150 PIPS 🟢
✅️24/08 💰+50 PIPS 🟢
✅️25/08 💰+150 PIPS 🟢
✅️26/08 💰+20 PIPS 🟢
✅️27/08 💰+200 PIPS 🟢
✅️28/08 💰+120 PIPS 🟢
✅️31/08 💰+20 PIPS 🟢
✅️01/09 💰+100 PIPS 🟢
✅️02/09 💰-60 PIPS✖️
✅️03/09 💰+220 PIPS 🟢
✅️07/09 💰+170 PIPS 🟢
✅️09/09 💰+50 PIPS 🟢
✅️10/09 💰+200 PIPS 🟢
✅️14/09 💰+20 PIPS 🟢
✅️16/09 💰-30 PIPS✖️
✅️17/09 💰+200 PIPS 🟢
✅️18/09 💰+120 PIPS 🟢

📊 Profit Won: 1670 PIPS🔥
—————————————————-

➡️This is what you would have won during the last 30 DAYS:👇

💎 With $500.00 ➡️ $1833.00💵
💎 With $750.00 ➡️ $2749.50💵
💎 With $1000.00 ➡️ $3666.00💵


    ❗️❗️❗️❗️❗️❗️❗️❗️❗️❗️

                             ⬇️

    👉 REQUEST ACCESS HERE 👈",2026-09-19T17:33:19Z,,
@WOLFXSIGNALS_FREEGROUP,11670,2026-09-19T17:24:37Z,,2026-09-19T17:33:19Z,2026-09-19T17:25:49Z,
@FXFARO_FREEGROUP,13556,2026-09-19T16:14:52Z,🌎I'll share the VIP results from last week today!,2026-09-19T17:33:21Z,2026-09-19T16:14:53Z,
@FXFARO_FREEGROUP,13557,2026-09-19T16:21:13Z,You missed another BTC trade..,2026-09-19T17:33:21Z,2026-09-19T16:21:13Z,
@FXFARO_FREEGROUP,13558,2026-09-19T16:23:03Z,BTCUSD > NEW ENTRY IS RUNNING AT +60PIPS! KEEP HOLDING.🚀,2026-09-19T17:33:21Z,2026-09-19T16:23:04Z,
@FXFARO_FREEGROUP,13559,2026-09-19T16:25:43Z,"GOING TO SLEEP THIS WEEKEND? BTC DOESN’T CARE. 👀🔥

One of the biggest mistakes traders make?

Treating Saturday and Sunday like the market is closed.

BTC trades 24/7.

And some of the CRAZIEST moves can happen while everyone else is switched off for the weekend.

DON’T SLEEP ON THE WEEKEND. @fxfaro",2026-09-19T17:33:21Z,2026-09-19T16:25:43Z,
@FXFARO_FREEGROUP,13560,2026-09-19T16:31:18Z,"BTCUSD FULL UPDATE 🚨🔥

THIS IS WHY WE DON’T SLEEP ON BTC DURING THE WEEKEND.

Our first 3 entries have now HIT FULL TP.

And remember...

NO TP1.
NO TP2.
NO TP3.

ONE ENTRY PLAN. ONE SL. ONE TP.

+570 PIPS → FULL TP ✅
+620 PIPS → FULL TP ✅
+370 PIPS → FULL TP ✅

And we’re STILL running:

+120 PIPS 🔥
+60 PIPS 🔥

That’s +1,560 PIPS from the 3 CLOSED BTC trades alone.

Weekend or weekday, BTC doesn’t care.

When the setup is there, WE TRADE IT. 👀 @fxfaro",2026-09-19T17:33:21Z,2026-09-19T16:31:18Z,
@TAURUSTRADERSSIGNALE,39769,2026-09-19T15:23:36Z,,2026-09-19T17:33:26Z,,
@TAURUSTRADERSSIGNALE,39770,2026-09-19T15:24:06Z,Ather hat die Trades aus meinem VIP kopiert und gestern einen Gewinn von €229  erzielt  👏,2026-09-19T17:33:26Z,,
@TAURUSTRADERSSIGNALE,39771,2026-09-19T16:03:01Z,,2026-09-19T17:33:26Z,,
@TAURUSTRADERSSIGNALE,39772,2026-09-19T17:27:01Z,"Du kannst deine eigenen Entscheidungen treffen und selbst bestimmen, wofür du deine Zeit einsetzt.

Setze deine Zeit für deine Weiterentwicklung ein, und du wirst dich weiterentwickeln.

Setze deine Zeit für schlechte Gewohnheiten ein, und du wirst zu dieser schlechten Gewohnheit.",2026-09-19T17:33:26Z,,
@FREESIGNALSTOTRADEBYLENNART,60012,2026-09-19T15:02:39Z,"Im Trading zählen nicht die Ausnahmen sondern der Durchschnitt. Genau das zeigen wir dir auch 👍

Andere zeigen euch nur die Winning Trades. Die Top 1%. Wir zeigen euch die durchschnittlichen Mitglieder. Die Leute die vor kurzem auf dem gleichen Stand wie du waren. Denn du solltest dich nicht mit den Vollzeit Profis vergleichen sondern mit denen die die gleichen Konditionen wie du haben. Das heißt auch dass du genau diese Ergebnisse selbst ebenso erreichen kannst 🚀

Hier siehst du was unsere Kunden auf PROVEN EXPERT über uns sagen. 

Du willst selbst nachschauen? Hier ist der Link: PROVEN EXPERT 

Wenn du auch so glücklich wie diese Kunden sein willst melde dich bei @S2TSupport 🤝",2026-09-19T17:33:29Z,,
@FREESIGNALSTOTRADEBYLENNART,60013,2026-09-19T15:02:39Z,,2026-09-19T17:33:29Z,,
@FREESIGNALSTOTRADEBYLENNART,60014,2026-09-19T15:02:39Z,,2026-09-19T17:33:29Z,,
@FREESIGNALSTOTRADEBYLENNART,60015,2026-09-19T15:02:39Z,,2026-09-19T17:33:29Z,,
@FREESIGNALSTOTRADEBYLENNART,60016,2026-09-19T15:02:39Z,,2026-09-19T17:33:29Z,,
@FREESIGNALSTOTRADEBYLENNART,60017,2026-09-19T15:02:39Z,,2026-09-19T17:33:29Z,,
@FREESIGNALSTOTRADEBYLENNART,60018,2026-09-19T15:02:39Z,,2026-09-19T17:33:29Z,,
@FREESIGNALSTOTRADEBYLENNART,60019,2026-09-19T15:02:40Z,,2026-09-19T17:33:29Z,,
@FREESIGNALSTOTRADEBYLENNART,60020,2026-09-19T15:02:40Z,,2026-09-19T17:33:29Z,,
@FREESIGNALSTOTRADEBYLENNART,60021,2026-09-19T15:02:40Z,,2026-09-19T17:33:29Z,,
@FREESIGNALSTOTRADEBYLENNART,60022,2026-09-19T15:32:58Z,"S2T - PnL Offengelegt 📈

Hier eine Zusammenfassung der letzten Woche. 

Wie sahen eure Ergebnisse in der gleichen Zeit aus?📊

S2T bietet dir die Hilfe die du brauchst um profitables Trading umzusetzen.

📲 Schreibe jetzt @S2TSupport um ganz genau zu erfahren wie das geht",2026-09-19T17:33:29Z,,
@FREESIGNALSTOTRADEBYLENNART,60023,2026-09-19T15:45:26Z,"Wieder ein Plus und ein Plan der aufgegangen ist 📈

In der VIP Gruppe gehts nicht nur ums Traden. Es geht darum die Kontrolle über deine Zeit und dein Geld zu gewinnen 💵

Während andere auf ihr Gehalt warten wissen unsere Mitglieder schon morgens wie ihr Tag verlaufen wird. Das ist kein Zufall das ist Struktur 💯

Warum also noch warten?

Du kannst dir deine Freiheit verdienen. Nicht mit Glück sondern mit System. 

Klick jetzt bevor der kostenlose Zugang abläuft!",2026-09-19T17:33:29Z,,
@FREESIGNALSTOTRADEBYLENNART,60024,2026-09-19T16:31:04Z,,2026-09-19T17:33:29Z,,
@FREESIGNALSTOTRADEBYLENNART,60025,2026-09-19T16:45:50Z,"US DOLLAR - Lennart enthüllt seine Analyse📊

Gehe jetzt auf YouTube und finde heraus, was aktuell mit US DOLLAR passiert, solange es noch relevant ist. 

Nutze diesen kostenlosen Input, um den Markt zu verstehen.

📲 Schreibe uns, wenn du mehr vom Markt möchtest @S2TSupport",2026-09-19T17:33:29Z,2026-09-19T16:47:12Z,
@FREESIGNALSTOTRADEBYLENNART,60026,2026-09-19T17:11:31Z,"🤫 Insider-Projekt: Eine einmalige Chance 🤫

Okay Leute, hört zu. Ich habe durch meine Kontakte eine einmalige Gelegenheit bekommen, die ich so nicht wieder anbieten kann. 

Es geht um ein exklusives Projekt, das normalerweise komplett unter dem Radar läuft. Ich kann nicht zu viele Details verraten, aber es geht um die Chance auf massive Gewinne. Ich kann dafür aber nur 5 Leute ab einem Startkapital von 2.000€ mit reinnehmen. 🔒

Das letzte Insider-Projekt hat mir persönlich eine Rendite von 230% eingebracht, diesmal teile ich es mit euch um euch die Chance zu bieten mit einem kleinen Investment von 2.000€ einen Gewinn von bis zu 10.000€ zu erzielen.

Wenn du bereit bist, eine Chance zu ergreifen, die andere nicht bekommen, schreib mir ""INSIDER"" an @S2TSupport",2026-09-19T17:33:29Z,,
@FREESIGNALSTOTRADEBYLENNART,60027,2026-09-19T17:28:12Z,LETZTE CHANCE für mein neues Projekt. 🚀,2026-09-19T17:33:29Z,,
@FREESIGNALSTOTRADEBYLENNART,60028,2026-09-19T17:28:12Z,Wir starten in wenigen Stunden und die Teilnehmer werden direkt ihr erstes Geld verdienen. Ich habe noch Kapazität für 3 LEUTE. ✅✅✅,2026-09-19T17:33:29Z,,
@FREESIGNALSTOTRADEBYLENNART,60029,2026-09-19T17:28:12Z,"Schreib ""LOS"", um keinen Trade zu verpassen",2026-09-19T17:33:29Z,,
@FREESIGNALSTOTRADEBYLENNART,60030,2026-09-19T17:28:12Z,"Schreib mir NICHT, wenn

❌ Du es nicht nötig hast.
❌ Du es nicht ernst meinst.
❌ Du mir nicht vertraust.",2026-09-19T17:33:29Z,,
@FREESIGNALSTOTRADEBYLENNART,60031,2026-09-19T17:28:12Z,,2026-09-19T17:33:29Z,,
@REALNATEFXC,5079,2026-09-19T15:02:43Z,"🇮🇪 Gavin from Ireland 🇮🇪

Made over €600 following the same process we teach inside the community 📈

Don’t take my word for it…

Watch the video yourself 🤝

The second half of the year is here.

📨Message me here to secure your spot before it’s gone.",2026-09-19T17:33:31Z,2026-09-19T15:10:04Z,
@TRADINGCENTRALGLOBAL,53696,2026-09-19T16:34:07Z,"It’s been a while since I shared a trade recap; I’m currently travelling around Europe! 🌍

But many of you wonder: “What actually happens inside our private community?”

You hear me talk about our limit orders, analysis and live streams…but what does that look like in practice?

The video above gives you a sneak peek inside, showing you exactly what I mean. 👆",2026-09-19T17:33:34Z,2026-09-19T16:34:08Z,
@TRADINGCENTRALGLOBAL,53697,2026-09-19T16:36:10Z,,2026-09-19T17:33:34Z,2026-09-19T16:36:19Z,
@TRADINGCENTRALGLOBAL,53698,2026-09-19T16:37:35Z,"I’m approving 50 of you immediately before the next trade is on. 

You can request to join my private community for free using this link:
• https://t.me/m/UY_GFjjLZmE0",2026-09-19T17:33:34Z,2026-09-19T16:37:38Z,
@fxtradingvision,85711,2026-09-19T13:19:01Z,Click the link below if you want to unlock full access to the VIP and be able to copy all my CRYPTO trades this weekend 🚀,2026-09-19T19:33:20Z,2026-09-19T19:10:34Z,
@fxtradingvision,85722,2026-09-19T17:52:01Z,"You can make your decisions and you can decide what you dedicate your time to.

Dedicate your time to improvement and you will improve.

Dedicate your time to bad habits, you become the bad habit.",2026-09-19T19:33:20Z,2026-09-19T17:52:01Z,
@fxtradingvision,85723,2026-09-19T18:38:30Z,"All I can announce now is… 👇

The spots with MEGA discount will be opened Tuesday ⚠️

22ND of Sep at 13.00 / 1 PM European time zone.",2026-09-19T19:33:20Z,2026-09-19T18:38:31Z,
@fxtradingvision,85724,2026-09-19T18:39:00Z,"22 SEPTEMBER 2026. Then we will write history 

13.00 / PM in Amsterdam 🇳🇱

12.00 / PM in London 🇬🇧

14.00 / PM in Qatar 🇶🇦 

23.00 / PM in Sydney 🇦🇺

20.00 / PM in Singapore 🇸🇬

MAKE SURE TO BE ACTIVE 🛎️",2026-09-19T19:33:20Z,2026-09-19T18:39:01Z,
@fxtradingvision,85725,2026-09-19T18:39:05Z,,2026-09-19T19:33:20Z,,
@fxtradingvision,85726,2026-09-19T18:56:01Z,,2026-09-19T19:33:20Z,2026-09-19T18:56:02Z,
@fxtradingvision,85727,2026-09-19T19:10:30Z,"It’s time for YOU to WIN!

Send “START” to @TradingVisionHelpdesk) if you want to copy all my trades and make the same profits as I do!",2026-09-19T19:33:20Z,2026-09-19T19:10:31Z,
@phenexbillions,7073,2026-09-19T19:20:28Z,"💸 Finanzielle Freiheit heißt:
Du entscheidest, wann du arbeitest, wo du lebst und wie dein Leben aussieht. Viele reden davon – aber nur die Mutigen gehen den ersten Schritt.

Keiner wird dir etwas schenken!
Niemand kommt und macht es für dich. Du musst den ersten Schritt gehen. 

Schreib mir „START“ – und sei ab morgen bereit, mitzuprofitieren, statt nur zuzuschauen.

➡ @billions_vitus",2026-09-19T19:33:23Z,,
@FXFARO_FREEGROUP,13561,2026-09-19T18:42:02Z,"IMPORTANT.

Some VERY valuable BTCUSD information is about to be shared inside VIP.

If you're already inside...

Stay alert. @fxfaro",2026-09-19T19:33:28Z,2026-09-19T18:42:02Z,
@FXFARO_FREEGROUP,13562,2026-09-19T18:43:25Z,I'll share the VIP results from last week shortly.,2026-09-19T19:33:28Z,2026-09-19T18:43:26Z,
@FXFARO_FREEGROUP,13563,2026-09-19T18:49:00Z,"📍 Last Week’s VIP Results:

✅ +7360 pips profit
🛑 -750 pips loss
📈 Net: +6610 pips

💯 Win Rate: 90.8%",2026-09-19T19:33:28Z,2026-09-19T18:49:01Z,
@FXFARO_FREEGROUP,13564,2026-09-19T19:02:08Z,"LAST WEEK WAS ABSOLUTELY CRAZY. 💰🔥

The GOLD and BTC entries were NEXT LEVEL.

🤯 WIN RATE: 90.8%

And here's the important part...

EVERYTHING was traded using our ONE TP STRATEGY.

No overmanagement.

No closing half the trade at TP1.

No TP1, TP2, TP3 nonsense.

ONE setup.
ONE SL.
ONE TP.

Clean execution. Patience. FULL profits when TP hits.

90.8% win rate with ONE TP.

Let that sink in. 👀🔥

@fxfaro",2026-09-19T19:33:28Z,2026-09-19T19:02:08Z,
@TAURUSTRADERSSIGNALE,39773,2026-09-19T18:56:01Z,,2026-09-19T19:33:33Z,,
@TAURUSTRADERSSIGNALE,39774,2026-09-19T19:13:14Z,"Es ist Zeit, dass DU GEWINNST!

Sende „START“ an @MaxTaurusFX wenn du alle meine Trades kopieren und die gleichen Gewinne erzielen möchtest wie ich!",2026-09-19T19:33:33Z,,
@FREESIGNALSTOTRADEBYLENNART,60032,2026-09-19T17:49:58Z,3...,2026-09-19T19:33:36Z,,
@FREESIGNALSTOTRADEBYLENNART,60033,2026-09-19T18:10:32Z,2... (Wenn du jetzt zögerst willst du es nicht wirklich),2026-09-19T19:33:36Z,,2026-09-19T23:42:59Z
@FREESIGNALSTOTRADEBYLENNART,60034,2026-09-19T18:35:22Z,1... ALLERLETZTER PLATZ. Deine Zukunft wartet nicht.,2026-09-19T19:33:36Z,,
@FREESIGNALSTOTRADEBYLENNART,60035,2026-09-19T18:50:22Z,🔒 GESCHLOSSEN. Das Team ist komplett. Glückwunsch an alle die sich entschieden haben. Ihr habt die richtige finanzielle Entscheidung getroffen.,2026-09-19T19:33:36Z,,
@FXFARO_FREEGROUP,13565,2026-09-19T20:05:17Z,"📍This Week’s VIP Profit Recap:
+6610 pips secured! 📈🔥

Here’s what that looks like based on your lot size:

💸 1.00 LOT = $ 66100
💸 0.10 LOT = $ 6610
💸 0.01 LOT = $ 661

 This is what YOU could’ve earned this week.

Still on the sidelines? JOIN HERE: https://t.me/m/no_1qvwSNzk0",2026-09-19T21:42:12Z,2026-09-19T20:05:17Z,
@FREESIGNALSTOTRADEBYLENNART,60036,2026-09-19T19:40:26Z,"Mir gefällt die professionelle Struktur hier sehr. Alles wird klar erklärt, wodurch jedes Setup viel einfacher zu verstehen ist. 🙌",2026-09-19T21:42:20Z,,
@FREESIGNALSTOTRADEBYLENNART,60037,2026-09-19T19:50:24Z,"BOOM. Und wieder ein Volltreffer 📈

Einer aus der VIP-Gruppe hat heute mit nur einem einzigen Trade fette Gewinne eingefahren und das in nicht mal 10 Minuten.

Keine Zufälle das ist mein System.
Du bekommst die Trades, du kopierst der Rest ist Profit 

👉Du hast lange genug gezweifelt jetzt ist der Moment, in dem du dir selbst zeigst, was wirklich möglich ist.

📲Meld dich bei @S2TSupport und starte durch. Noch heute bevor du’s bereust.",2026-09-19T21:42:20Z,,
@FREESIGNALSTOTRADEBYLENNART,60038,2026-09-19T20:04:39Z,"Community Feedback - Support & Einstieg 📊

Genau das bestätigt, was viele berichten: Der Einstieg bei S2T ist nicht nur einfach, sondern auch menschlich top betreut.

Keine stundenlange Suche nach Hilfe - hier wird dir sofort weitergeholfen. Schnell. Klar. Unkompliziert.

Wer wirklich loslegen will, ist bei uns nicht nur eine Nummer – sondern Teil einer starken Community.

 📬Bereit für dein Einstieg - KLICK HIER",2026-09-19T21:42:20Z,,
@FREESIGNALSTOTRADEBYLENNART,60039,2026-09-19T20:34:44Z,"Andere rutschen bei so einem Tag ins Minus...

Wir nicht. Wir sind fein auf Break Even raus 📈

Der Unterschied befindet sich in der Struktur. Unsere VIPs bekommen genauen Einstieg und wir zeigen die Zielzonen aber auch Support & Resistance. Durch unser Regelwerk wissen sie wann sie ihren Trade auf Break Even absichern sollten. 

Der wichtigste Punkt ist der Schutz des Kapitals. Das ist immer unsere höchste Priorität. Qualität vor Quantität. 💯

Wenn du auch endlich mit Struktur traden möchtest dann ist S2T deine Eintrittskarte 👉@S2TSupport",2026-09-19T21:42:20Z,,
@FREESIGNALSTOTRADEBYLENNART,60040,2026-09-19T20:45:13Z,"Trading ist super simpel 🔥

Du musst nicht jeden Tag Stunden lang vor dem Chart sitzen

Mit S2T biete ich dir alles von automatisierten Ergebnissen bis hin zu Live Trading und täglichen Analysen.

Wenn du noch nicht weißt wie du das KOSTENLOS für dich nutzen kannst schreib uns @S2TSupport und wir zeigen es dir 🤝",2026-09-19T21:42:20Z,,
@FREESIGNALSTOTRADEBYLENNART,60041,2026-09-19T21:05:05Z,"Wir hoffen du hast den Tag gut genutzt 📊

Unser Team hat fleißig gearbeitet um alles stets zu verbessern!

Profitiere davon mit einer Nachricht an 
👉@S2TSupport",2026-09-19T21:42:20Z,,
@fxtradingvision,85727,2026-09-19T19:10:30Z,It’s time for YOU to WIN!,2026-09-19T23:42:44Z,2026-09-19T21:46:07Z,
@fxtradingvision,85728,2026-09-19T21:46:01Z,"Have a great night. Tomorrow we continue trading the crypto market! Joining the VIP is currently FREE ⚠️

I will stay active answering all your messages if you want to start.

👉🏻 CLICK HERE TO CLAIM YOUR ACCESS TO THE TEAM FOR FREE",2026-09-19T23:42:44Z,2026-09-19T21:46:02Z,
@FXFARO_FREEGROUP,13566,2026-09-19T21:54:26Z,✅️8721 people have clicked on the link so far: https://t.me/m/-ccIt_oUNjFk,2026-09-19T23:42:51Z,2026-09-19T21:54:26Z,
@TAURUSTRADERSSIGNALE,39775,2026-09-19T21:46:01Z,"Ich wünsche euch einen schönen Abend. Morgen geht es weiter mit dem Handel auf dem Kryptomarkt! Der Beitritt zum VIP ist derzeit KOSTENLOS ⚠️

Ich werde weiterhin aktiv alle eure Nachrichten beantworten, falls ihr loslegen möchtet.

👉🏻 KLICKT HIER, UM EUEREN KOSTENLOSEN ZUGANG ZUM TEAM ZU ERHALTEN",2026-09-19T23:42:57Z,2026-09-19T23:32:53Z,
@fxtradingvision,85711,2026-09-19T13:19:01Z,,2026-09-20T07:18:57Z,2026-09-20T05:11:11Z,
@fxtradingvision,85728,2026-09-19T21:46:01Z,"Have a great night. Tomorrow we continue trading the crypto market! Joining the VIP is currently FREE ⚠️

I will stay active answering all your messages if you want to start.",2026-09-20T07:18:57Z,2026-09-20T05:11:05Z,
@fxtradingvision,85729,2026-09-20T04:24:01Z,"Good morning legends 

Sundays set the tone for the entire week.

You have two choices today:

1️⃣ Waste the day and stay stuck in the same cycle.

2️⃣ Prepare for a week full of growth and take control of your future

What do you choose?",2026-09-20T07:18:57Z,2026-09-20T04:24:01Z,
@fxtradingvision,85730,2026-09-20T05:08:01Z,,2026-09-20T07:18:57Z,2026-09-20T05:08:02Z,
@fxtradingvision,85731,2026-09-20T05:11:01Z,"I’ll be active all day answering your messages. If you want to be part of the VIP and follow all my trades in the new week, now is the time to take action 👇🏻👇🏻

>>> CLICK HERE to receive the  instructions for FREE VIP ACCESS",2026-09-20T07:18:57Z,2026-09-20T05:11:01Z,
@phenexbillions,7074,2026-09-20T06:05:37Z,"☀️ Guten Morgen, der Sonntag bringt Ruhe – aber auch die Vorbereitung für das, was kommt. Morgen startet die neue Handelswoche und genau jetzt wird der Fokus dafür gesetzt. Wer vorbereitet ist, erkennt Chancen früher und startet nicht hektisch in den Markt. Trading belohnt Planung und einen klaren Ablauf. Heute ist also der perfekte Moment, um startklar zu werden.

Wenn du meinen kostenlosen Service nutzen willst und morgen direkt bei den ersten Profits dabei sein möchtest, schreib mir ""START"".

➡ @billions_vitus",2026-09-20T07:18:59Z,,
@FXFARO_FREEGROUP,13567,2026-09-20T07:01:01Z,"🌍 Pre-Market Analysis Drops Today

We’re sharing the full breakdown for next week’s market moves — including key levels and potential setups. 📊

Stay tuned — this is where the planning begins.
@fxfaro",2026-09-20T07:19:04Z,2026-09-20T07:01:02Z,
@TOPNOTCHFOREXFREE,23816,2026-09-20T07:15:12Z,"📆 It’s Sunday, are you investing or procrastinating your goals?

The markets open tonight, and I’m looking for more winning trades  🕯

You have the chance to take every single trade with me, all you have to do is start 💰

👉 @TopNotchForex 📈",2026-09-20T07:19:07Z,2026-09-20T07:15:13Z,
@TAURUSTRADERSSIGNALE,39776,2026-09-20T04:24:01Z,"Guten Morgen, Legenden 🌅

Sonntage geben den Ton für die gesamte Woche an.

Du hast heute zwei Möglichkeiten:

1️⃣ Den Tag verschwenden und im gle
ichen Kreislauf feststecken.

2️⃣ Dich auf eine Woche voller Wachstum vorbereiten und deine Zukunft selbst in die Hand nehmen.

Wofür entscheidest du dich?",2026-09-20T07:19:09Z,,
@TAURUSTRADERSSIGNALE,39777,2026-09-20T06:15:09Z,,2026-09-20T07:19:09Z,,
@FREESIGNALSTOTRADEBYLENNART,60042,2026-09-20T02:02:11Z,"🌅 Sonntag 20. September  🌅

Sonntag gibt dir die Chance klar in die neue Woche zu starten. Plan aufschreiben. Kopf resetten und Fokus neu setzen.

Wer vorbereitet ist tradet am Montag ohne Stress!

Jeden Tag 1 % besser  ↗️",2026-09-20T07:19:12Z,,
@FREESIGNALSTOTRADEBYLENNART,60043,2026-09-20T03:15:11Z,,2026-09-20T07:19:12Z,,
@FREESIGNALSTOTRADEBYLENNART,60044,2026-09-20T03:25:09Z,✍️ schreibt gerade...,2026-09-20T07:19:12Z,,
@FREESIGNALSTOTRADEBYLENNART,60045,2026-09-20T03:25:09Z,"Genau deshalb mache ich das hier. Kevin hat mir geschrieben, dass sie mit den Gewinnen der letzten Monate ihre Schulden abbezahlen konnte und wieder ruhig schläft. Es geht um genau diese Freiheit.",2026-09-20T07:19:12Z,,
@FREESIGNALSTOTRADEBYLENNART,60046,2026-09-20T03:25:09Z,👉 Klicke hier für meine kostenlosen Signale.,2026-09-20T07:19:12Z,,
@FREESIGNALSTOTRADEBYLENNART,60047,2026-09-20T03:25:09Z,"Schreib mir bitte NUR, wenn du es wirklich ernst meinst, ich bekomme 200+ Nachrichten am Tag. Ihr wollt alle meine Trades kopieren, aber dann meint es auch bitte ernst.",2026-09-20T07:19:12Z,,
@FREESIGNALSTOTRADEBYLENNART,60048,2026-09-20T03:25:09Z,❗️Ich sag das nur einmal...,2026-09-20T07:19:12Z,,
@FREESIGNALSTOTRADEBYLENNART,60049,2026-09-20T03:40:06Z,"Andere bereiten sich schon auf die nächste stressige Woche vor und ich genieße meinen Ausblick. 

Nächste Woche wird für mich wieder ruhig und voll fokussiert der Markt analysiert und dann finden sich schon die ein oder andere Möglichkeit um Profite mitzunehmen 💵

Dieser Lifestyle ist kein Zufall. Er ist das Ergebnis von Struktur, Klarheit und profitabler Trading Routine. 

Wenn du auch lieber entscheiden willst wie und wo du deine Woche beginnst, dann ist jetzt der Moment zu starten🔥

👉Sichere dir deinen exklusiven Zugang",2026-09-20T07:19:12Z,,
@FREESIGNALSTOTRADEBYLENNART,60050,2026-09-20T04:03:34Z,"Genau deshalb mache ich das ganze hier...

Ich kann mich noch an deine erste Nachricht erinnern. Du meintest du möchtest Trading noch eine letzte Chance geben. Du hast bereits einiges ausprobiert und nichts hat geklappt. Du hast unser Trading Wissen wie ein Schwamm aufgesaugt und innerhalb kürzester Zeit zeigest du mir sogar deine Analysen die 1A waren. Man merkt du hast dir immer Notizen gemacht und das gelernte direkt umgesetzt.

Du bist bereit für eine Veränderung? 👉@S2TSupport",2026-09-20T07:19:12Z,,
@FREESIGNALSTOTRADEBYLENNART,60051,2026-09-20T04:34:15Z,"⭐️ Ergebnisse aus unserer VIP Community ⭐️

Danke für eure Rückmeldungen. Sie bestätigen uns dass wir mit unserer Arbeit richtig liegen. Wir geben jeden Tag alles um euch klare Signale und echte Resultate zu liefern.

Macht weiter so Freunde. Wir entwickeln uns gemeinsam weiter.
📱@S2TSupport",2026-09-20T07:19:12Z,,
@FREESIGNALSTOTRADEBYLENNART,60052,2026-09-20T05:50:10Z,,2026-09-20T07:19:12Z,,
@FREESIGNALSTOTRADEBYLENNART,60053,2026-09-20T06:02:11Z,"Warum bewegt sich der Markt gerade so verrückt? 📈

Die schnellen Signale bekommt ihr hier. Die tiefgehenden Video-Analysen, warum sich der Markt so bewegt, teile ich exklusiv auf meinem YouTube-Kanal.

KLICK HIER UM DIR DIE ANALYSEN ANZUSCHAUEN

Das ist der Unterschied zwischen nur kopieren und wirklich verstehen. ✔️

Wenn du endlich Gewinne erzielen willst, schreib ""START"" an @S2TSupport",2026-09-20T07:19:12Z,,
@FREESIGNALSTOTRADEBYLENNART,60054,2026-09-20T06:31:55Z,"Ich verdopple das Kapital für 5 Leute 🔥

Ich habe heute 5 exklusive 100 % Einzahlungs Boni von unserem Broker bekommen.

Was könnte dein Konto mit doppeltem Kapital erreichen? Das ist deine Abkürzung. Das ist nur für die die es ernst meinen und ihr Wachstum massiv beschleunigen wollen 📈

Wenn du einen der letzten Plätze willst schreib ""BONUS"" an @S2TSupport",2026-09-20T07:19:12Z,,
@FREESIGNALSTOTRADEBYLENNART,60055,2026-09-20T07:05:06Z,❌ Alle Plätze für das Projekt sind offiziell vergeben.,2026-09-20T07:19:12Z,,
@FREESIGNALSTOTRADEBYLENNART,60056,2026-09-20T07:05:06Z,Ich konzentriere mich jetzt zu 100% auf die Teilnehmer die diese Chance ergriffen haben.,2026-09-20T07:19:12Z,,
@FREESIGNALSTOTRADEBYLENNART,60057,2026-09-20T07:05:06Z,Der Rest schaut ab jetzt nur noch von außen zu was hier in den nächsten Wochen passieren wird.,2026-09-20T07:19:12Z,,
@FREESIGNALSTOTRADEBYLENNART,60058,2026-09-20T07:05:06Z,Entscheidungen definieren deine Zukunft  ✔️,2026-09-20T07:19:12Z,,
@FREESIGNALSTOTRADEBYLENNART,60059,2026-09-20T07:10:19Z,"Keine Lust mehr auf Verluste oder unseriöse Signal Gruppen?

Bei Signals2Trade geben wir stets unser bestes um unseren Service und die Signale Tag für Tag und zu verbessern!

Alles damit wir gemeinsam als Community vorankommen 📈

Wenn du auch endlich alle Signale haben möchtest dann schreib

💬 ""Info"" an @S2TSupport",2026-09-20T07:19:12Z,,
@TRADINGCENTRALGLOBAL,53699,2026-09-20T05:34:19Z,"End of the entire week is near. Sunday is here, good morning everyone! ✅

I’m continuing as usual and am sending out $BTC trades to my private community.

Same as yesterday; the analysis & trade will be sent out in a bit 

Yes, these trades are only shared in my private community, but luckily for you…👇",2026-09-20T07:19:17Z,2026-09-20T05:34:28Z,
@TRADINGCENTRALGLOBAL,53700,2026-09-20T05:35:12Z,,2026-09-20T07:19:17Z,2026-09-20T05:35:19Z,
@TRADINGCENTRALGLOBAL,53701,2026-09-20T05:40:06Z,💬 CLICK HERE TO ALSO GET $BTC LIMIT ORDERS FOR FREE IN MY PRIVATE COMMUNITY,2026-09-20T07:19:17Z,2026-09-20T05:40:08Z,
@TRADINGCENTRALGLOBAL,53702,2026-09-20T07:15:16Z,,2026-09-20T07:19:17Z,2026-09-20T07:15:18Z,
@fxtradingvision,85731,2026-09-20T05:11:01Z,"I’ll be active all day answering your messages. If you want to be part of the VIP and follow all my trades in the new week, now is the time to take action 👇🏻👇🏻",2026-09-20T12:27:01Z,2026-09-20T08:11:06Z,
@fxtradingvision,85732,2026-09-20T07:31:44Z,,2026-09-20T12:27:01Z,2026-09-20T07:31:46Z,
@fxtradingvision,85733,2026-09-20T08:11:01Z,"📨 SUNDAY MEMBER FEEDBACK 

Have a look at what profits a few of my members made this week ✅🤝",2026-09-20T12:27:01Z,2026-09-20T10:54:06Z,
@fxtradingvision,85734,2026-09-20T08:11:01Z,,2026-09-20T12:27:01Z,,
@fxtradingvision,85735,2026-09-20T08:11:01Z,,2026-09-20T12:27:01Z,,
@fxtradingvision,85736,2026-09-20T08:11:01Z,,2026-09-20T12:27:01Z,,
@fxtradingvision,85737,2026-09-20T08:11:01Z,,2026-09-20T12:27:01Z,,
@fxtradingvision,85738,2026-09-20T08:11:01Z,,2026-09-20T12:27:01Z,,
@fxtradingvision,85739,2026-09-20T08:11:01Z,,2026-09-20T12:27:01Z,,
@fxtradingvision,85740,2026-09-20T08:11:01Z,,2026-09-20T12:27:01Z,,
@fxtradingvision,85741,2026-09-20T08:11:01Z,,2026-09-20T12:27:01Z,,
@fxtradingvision,85742,2026-09-20T08:57:01Z,,2026-09-20T12:27:01Z,2026-09-20T08:57:01Z,
@fxtradingvision,85743,2026-09-20T10:07:01Z,"Just DONT waste your time today 

I think many of you don’t realize how valuable your time is….

Do something! When others rest, you should keep pushing (if you genuinely want to achieve your goals)",2026-09-20T12:27:01Z,2026-09-20T10:07:01Z,
@fxtradingvision,85744,2026-09-20T10:54:01Z,"I wasn’t born into success, I created it MYSELF and YOU can do this as well. 

No handouts & no shortcuts. Just pure dedication and the willingness to take risks. The truth is; if you want something different, you have to DO something different.

Most people sit and wait for the “perfect time.” But let me tell you the reality my friend, that perfect time never comes. You have to create your own opportunities. And today, I’m handing you one on a silver platter.

Are you ready to take action? Because in my VIP, I will personally guide you toward consistent results in the FX market. Step-by-step. No experience is no problem guys I will help you with everything LET’S GOOO

CLICK HERE to claim your (free) access to the VIP and start right now 🤝",2026-09-20T12:27:01Z,2026-09-20T10:54:01Z,
@fxtradingvision,85745,2026-09-20T11:27:01Z,,2026-09-20T12:27:01Z,2026-09-20T11:27:01Z,
@phenexbillions,7075,2026-09-20T11:20:25Z,ich bin happy!!!! Vielen Dank Vitus…. Geduld und Disziplin🥰,2026-09-20T12:27:04Z,,
@WOLFXSIGNALS_FREEGROUP,11671,2026-09-20T10:28:26Z,,2026-09-20T12:27:06Z,,
@WOLFXSIGNALS_FREEGROUP,11672,2026-09-20T10:28:26Z,,2026-09-20T12:27:06Z,,
@WOLFXSIGNALS_FREEGROUP,11673,2026-09-20T10:28:26Z,,2026-09-20T12:27:06Z,,
@WOLFXSIGNALS_FREEGROUP,11674,2026-09-20T10:28:26Z,,2026-09-20T12:27:06Z,,
@WOLFXSIGNALS_FREEGROUP,11675,2026-09-20T10:28:26Z,,2026-09-20T12:27:06Z,,
@WOLFXSIGNALS_FREEGROUP,11676,2026-09-20T10:28:26Z,,2026-09-20T12:27:06Z,,
@WOLFXSIGNALS_FREEGROUP,11677,2026-09-20T10:28:26Z,"📣 Last Clients Funded Accounts

📆 SEPTEMBER 9 - SEPTEMBER 17
——————————————————

✅ Funded Accounts in 8 hours.

🎯 100% SUCCESS RATE.

➜ 307 Funded Accounts obtained for clients during 2026. 


       ❗️❗️❗️❗️❗️❗️❗️❗️❗️

                            ⬇️

👉 Become VIP Member: HERE
👉 Obtain a funded account: HERE",2026-09-20T12:27:06Z,,
@FXFARO_FREEGROUP,13568,2026-09-20T07:55:04Z,"People still ask me why ONE TP level is better than the TP1, TP2, TP3 nonsense ❌

It’s not rocket science. You cannot be long-term profitable with a multiple TP strategy. Why? Because you cut your winners too early. Then when a stop loss hits, you need 10 more trades just to recover.

It simply does not work. The only way to grow consistently is by holding until one clear TP level 🎯 That’s how we stack big profits week after week 📊💵
@fxfaro",2026-09-20T12:27:09Z,2026-09-20T07:55:05Z,
@FXFARO_FREEGROUP,13569,2026-09-20T08:31:01Z,"Do you want a real change in your trading?

Then stop using that multiple TP nonsense. It might be the exact reason why you’re not profitable. Cutting winners early kills your growth. Trade with one TP level and watch how your results transform 💵

@fxfaro",2026-09-20T12:27:09Z,2026-09-20T08:31:02Z,
@FXFARO_FREEGROUP,13570,2026-09-20T09:59:01Z,"Yesterday I gave a few people FREE VIP ACCESS just for answering 2 questions.

Today is your LAST CHANCE to get FREE VIP, so you can start printing next week 💸

Tell me:

- Are you PROFITABLE or LOSING in trading?
- Explain what makes you profitable or losing (what YOU think)

Never traded before?
Just message me: “NO TRADING EXPERIENCE”

I’m giving 10 PEOPLE free access.

Make it count. @fxfaro",2026-09-20T12:27:09Z,2026-09-20T09:59:02Z,
@FXFARO_FREEGROUP,13571,2026-09-20T11:05:18Z,"🚨 I’M GOING TO SHARE POTENTIAL SETUPS FOR NEXT WEEK. 

So make sure your NOTIFICATIONS are ON.

Every week, people in this channel catch strong moves from these public setup ideas.

I’ll be mapping out the pairs, direction and key areas I’m watching before the new week starts.

No random trades.
No chasing.

We prepare BEFORE the market moves.

TURN NOTIFICATIONS ON. 🔥 @fxfaro",2026-09-20T12:27:09Z,2026-09-20T11:05:18Z,
@FXFARO_FREEGROUP,13572,2026-09-20T11:24:30Z,AUDCHF > POTENTIAL BUY SETUP,2026-09-20T12:27:09Z,2026-09-20T11:24:31Z,
@FXFARO_FREEGROUP,13573,2026-09-20T11:24:30Z,GBPAUD > POTENTIAL SELL SETUP,2026-09-20T12:27:09Z,2026-09-20T11:24:31Z,
@FXFARO_FREEGROUP,13574,2026-09-20T11:24:30Z,GBPUSD > POTENTIAL SELL SETUP,2026-09-20T12:27:09Z,2026-09-20T11:24:31Z,
@TAURUSTRADERSSIGNALE,39778,2026-09-20T07:22:01Z,"Ich werde den ganzen Tag aktiv sein und eure Nachrichten beantworten. Wenn du Teil des VIPs werden und in der neuen Woche all meine Trades verfolgen möchtest, ist jetzt der richtige Zeitpunkt, aktiv zu werden 👇🏻👇🏻

>>> KLICKE HIER, um die Anleitung für den KOSTENLOSEN VIP-ZUGANG zu erhalten",2026-09-20T12:27:14Z,2026-09-20T10:32:54Z,
@TAURUSTRADERSSIGNALE,39779,2026-09-20T08:31:01Z,,2026-09-20T12:27:14Z,2026-09-20T10:32:56Z,
@TAURUSTRADERSSIGNALE,39780,2026-09-20T09:47:01Z,,2026-09-20T12:27:14Z,2026-09-20T10:32:56Z,
@TAURUSTRADERSSIGNALE,39781,2026-09-20T09:47:01Z,,2026-09-20T12:27:14Z,2026-09-20T10:32:58Z,
@TAURUSTRADERSSIGNALE,39782,2026-09-20T09:47:01Z,,2026-09-20T12:27:14Z,2026-09-20T10:32:59Z,
@TAURUSTRADERSSIGNALE,39783,2026-09-20T09:47:01Z,,2026-09-20T12:27:14Z,2026-09-20T10:33:01Z,
@TAURUSTRADERSSIGNALE,39784,2026-09-20T09:47:01Z,,2026-09-20T12:27:14Z,2026-09-20T10:33:01Z,
@TAURUSTRADERSSIGNALE,39785,2026-09-20T09:47:01Z,,2026-09-20T12:27:14Z,2026-09-20T10:33:03Z,
@TAURUSTRADERSSIGNALE,39786,2026-09-20T09:47:01Z,,2026-09-20T12:27:14Z,2026-09-20T10:33:03Z,
@TAURUSTRADERSSIGNALE,39787,2026-09-20T09:47:01Z,,2026-09-20T12:27:14Z,2026-09-20T10:33:05Z,
@TAURUSTRADERSSIGNALE,39788,2026-09-20T09:47:01Z,,2026-09-20T12:27:14Z,2026-09-20T10:33:07Z,
@TAURUSTRADERSSIGNALE,39789,2026-09-20T09:47:01Z,,2026-09-20T12:27:14Z,2026-09-20T10:33:07Z,
@TAURUSTRADERSSIGNALE,39790,2026-09-20T09:47:01Z,,2026-09-20T12:27:14Z,2026-09-20T10:33:09Z,
@TAURUSTRADERSSIGNALE,39791,2026-09-20T09:47:01Z,,2026-09-20T12:27:14Z,2026-09-20T10:33:10Z,
@TAURUSTRADERSSIGNALE,39792,2026-09-20T09:47:01Z,,2026-09-20T12:27:14Z,2026-09-20T10:33:11Z,
@TAURUSTRADERSSIGNALE,39793,2026-09-20T09:47:02Z,,2026-09-20T12:27:14Z,2026-09-20T10:33:12Z,
@TAURUSTRADERSSIGNALE,39794,2026-09-20T09:47:02Z,,2026-09-20T12:27:14Z,2026-09-20T10:33:14Z,
@TAURUSTRADERSSIGNALE,39795,2026-09-20T09:47:02Z,,2026-09-20T12:27:14Z,2026-09-20T10:33:14Z,
@TAURUSTRADERSSIGNALE,39796,2026-09-20T09:47:02Z,,2026-09-20T12:27:14Z,2026-09-20T10:33:17Z,
@TAURUSTRADERSSIGNALE,39797,2026-09-20T09:47:02Z,,2026-09-20T12:27:14Z,2026-09-20T10:33:17Z,
@TAURUSTRADERSSIGNALE,39798,2026-09-20T09:47:02Z,,2026-09-20T12:27:14Z,2026-09-20T10:33:20Z,
@TAURUSTRADERSSIGNALE,39799,2026-09-20T09:50:10Z,"📨 SONNTAG – FEEDBACK VON MITGLIEDERN

Schaut euch an, welche Gewinne einige meiner Mitglieder diese Woche erzielt haben ✅🤝

Möchtest du dem VIP beitreten und dieselben Trades verfolgen wie alle meine Mitglieder? Klicke auf den Link unten für KOSTENLOSEN sofortigen Zugang…

🚨 KLICKE HIER, um mir eine DM zu senden & deinen KOSTENLOSEN Zugang zu sichern",2026-09-20T12:27:14Z,2026-09-20T10:33:20Z,
@TAURUSTRADERSSIGNALE,39800,2026-09-20T10:51:01Z,"Verschwende heute einfach NICHT deine Zeit.

Ich glaube, viele von euch sind sich gar nicht bewusst, wie wertvoll eure Zeit ist…

Tu etwas! Während andere sich ausruhen, solltest du weiter Gas geben (wenn du deine Ziele wirklich erreichen willst).",2026-09-20T12:27:14Z,,
@TAURUSTRADERSSIGNALE,39801,2026-09-20T11:57:01Z,"Ich wurde nicht mit Erfolg geboren, ich habe ihn mir SELBST aufgebaut – und DU kannst das genauso schaffen.

Keine Geschenke & keine Abkürzungen. Nur pure Hingabe und die Bereitschaft, Risiken einzugehen. Die Wahrheit ist: Wenn du etwas anderes willst, musst du auch etwas anders MACHEN.

Die meisten Menschen sitzen da und warten auf den ""perfekten Zeitpunkt“. Aber lass mich dir die Realität sagen, mein Freund: Dieser perfekte Zeitpunkt kommt nie. Du musst deine eigenen Chancen schaffen. Und heute biete ich dir eine davon auf dem Silbertablett an.

Bist du bereit, ins Handeln zu kommen? Denn in meinem VIP werde ich dich persönlich auf dem Weg zu konstanten Ergebnissen im FX-Markt begleiten. Schritt für Schritt. Keine Erfahrung? Kein Problem, Leute – ich helfe euch bei allem. LET’S GOOO

 KLICKE HIER, um deinen (kostenlosen) Zugang zum VIP zu sichern und JETZT zu starten 🤝",2026-09-20T12:27:14Z,2026-09-20T11:57:50Z,
@FREESIGNALSTOTRADEBYLENNART,60060,2026-09-20T07:40:16Z,"Gerade gepostet. Nur für unsere Mitglieder 💯

⏱ Während andere schon im Trade sind überlegst du noch?

👉Hol dir jetzt den VIP Zugang!",2026-09-20T12:27:17Z,,
@FREESIGNALSTOTRADEBYLENNART,60061,2026-09-20T09:19:21Z,Klare Signale und reibungslose Updates! 🔥,2026-09-20T12:27:17Z,,
@FREESIGNALSTOTRADEBYLENNART,60062,2026-09-20T09:29:45Z,"Unfassbar aber real! 🔥

Ein VIP Mitglied hat heute mit nur einem Entry mehr verdient als andere in einer Woche in seinem Job! 💯

Das Setup kam aus unserer Community. Du bekommst alles vorbereitet. Du musst nur noch umsetzen.

Du rennst seit Jahren im Kreis vielleicht ist es Zeit endlich auszubrechen.

📲Schreib mir direkt @S2TSupport bevor du wieder den nächsten Trade verpasst!",2026-09-20T12:27:17Z,,
@FREESIGNALSTOTRADEBYLENNART,60063,2026-09-20T09:39:15Z,"🚨S2T VIP - Einblick in die letzte Woche🚨

Im Free-Channel seht ihr nur einen Bruchteil der gesamten S2T Performance.

Im VIP haben wir letzte Woche +8790€ Gewinn für alle Mitglieder erzielt.✔️

Wie? Professionelle Analyse, multiple Märkte und durchgehenden Support

📲 Schreib @S2TSupport wenn du die Details wissen willst",2026-09-20T12:27:17Z,,
@FREESIGNALSTOTRADEBYLENNART,60064,2026-09-20T09:48:01Z,"Unter „Historie“ siehst du alle vergangenen Trades 💵

Wechsel zwischen Tag 🔜 Woche 🔜 Monat um deine Performance im Blick zu behalten.

Unter „Wählen“ legst du einen individuellen Zeitraum fest.

Ein Überblick über vergangene Trades zu haben ist wichtig ✔️

Schreibe mir jetzt eine Nachricht wenn du noch Fragen hast 
👉@S2TSupport",2026-09-20T12:27:17Z,,
@FREESIGNALSTOTRADEBYLENNART,60065,2026-09-20T10:04:02Z,"Kennst du den Unterschied zwischen 99% der Leute und Profi-Investoren? 🤔

Ich habe für dich persönlich ein Erklärvideo gedreht. 

Nutz dieses Wissen zu deinem Vorteil. Fang an wie ein Profi zu arbeiten. 🏦

Bei S2T geht es nicht darum das gleiche wie jeder andere zu machen. Schreib @S2TSupport wenn du dabei sein willst",2026-09-20T12:27:17Z,,
@FREESIGNALSTOTRADEBYLENNART,60066,2026-09-20T10:15:19Z,"Besser kann der Tag kaum starten 💵

Alle offenen Positionen liegen aktuell im Plus ✔️

Mit einer klaren Strategie und diszipliniertem Handeln entstehen solche Ergebnisse.

Du möchtest auch dabei sein?

👉Klick hier um alle Vorteile kostenlos zu erhalten",2026-09-20T12:27:17Z,,
@FREESIGNALSTOTRADEBYLENNART,60067,2026-09-20T10:15:19Z,,2026-09-20T12:27:17Z,,
@FREESIGNALSTOTRADEBYLENNART,60068,2026-09-20T10:15:19Z,,2026-09-20T12:27:17Z,,
@FREESIGNALSTOTRADEBYLENNART,60069,2026-09-20T10:15:19Z,,2026-09-20T12:27:17Z,,
@FREESIGNALSTOTRADEBYLENNART,60070,2026-09-20T10:15:19Z,,2026-09-20T12:27:17Z,,
@FREESIGNALSTOTRADEBYLENNART,60071,2026-09-20T10:15:20Z,,2026-09-20T12:27:17Z,,
@FREESIGNALSTOTRADEBYLENNART,60072,2026-09-20T10:15:20Z,,2026-09-20T12:27:17Z,,
@FREESIGNALSTOTRADEBYLENNART,60073,2026-09-20T10:15:20Z,,2026-09-20T12:27:17Z,,
@FREESIGNALSTOTRADEBYLENNART,60074,2026-09-20T10:15:20Z,,2026-09-20T12:27:17Z,,
@FREESIGNALSTOTRADEBYLENNART,60075,2026-09-20T10:15:20Z,,2026-09-20T12:27:17Z,,
@FREESIGNALSTOTRADEBYLENNART,60076,2026-09-20T10:34:09Z,"🚨Trading Basics - Market Sessions🚨

Um den Markt profitabel zu handeln muss man Ihn verstehen. Heute erklären wir euch die 3 wichtigsten Market Sessions.

Egal was man handelt, von Aktien bis Krypto, die Börsenöffnungszeiten sind immer wichtig zu beachten.

Die wichtigste ist die New York Session (15:30 bis 22:00 deutsche Zeit). Hier öffnet der New York Stock Exchange (NYSE) und bringt erhöhte Volatilität und das größte Volumen in den Markt. Besonders die ersten 90 Minuten sind am schnellsten da hier die großen Institutionen und professionellen Tradingbots den Großteil Ihrer Trades tätigen. 

Die Asia auch genannt Hong Kong Session (3:30 bis 10:00) schafft oft genau dann wann wir normalerweise schlafen erhöhte Volatilität und es ist morgens immer wichtig zu sehen was über Nacht in Asien passiert ist.

Die UK oder London Session (9:00 bis 17:30) Ist für uns oft die erste Handelszeit welche wir mitnehmen können. Hier handelt ganz Europa. Trotz des Volumens welches zwar oft kleiner als der US Markt ist bietet diese Session viele sehr gute Möglichkeiten und kann manchmal den Trend schon vor den Amerikanern vorgeben kann. Zudem ist die London Session oft etwas ruhiger und in gewissen Marktphasen weniger Manipuliert als der US Markt.

📬Wenn du anstatt Signalen zu folgen den Markt auch richtig verstehen willst schreib uns JETZT @S2TSupport",2026-09-20T12:27:17Z,,
@FREESIGNALSTOTRADEBYLENNART,60077,2026-09-20T11:35:22Z,"Viele Anbieter zeigen nur ausgewählte Screenshots.
Wir gehen einen anderen Weg und lassen unsere Kunden öffentlich sprechen. Unsere Bewertungen sind auf mehreren Plattformen einsehbar.

⭐️⭐️⭐️⭐️⭐️

🔜Trust index
🔜Google profile 
🔜Proven expert 
🔜Trustami

Überzeuge dich selbst. Schreib @S2TSupport und leg los!",2026-09-20T12:27:17Z,,
@FREESIGNALSTOTRADEBYLENNART,60078,2026-09-20T11:40:25Z,"Wie viele Signal Kanäle hast du schon durch?

❌So sieht es bei den meisten aus... Signale werden gesendet mit mieser Trefferquote. Keine Erklärung. Kein vernünftiges Setup und kein Support. Und am Ende? Konto geplättet und keiner meldet sich mehr.

✔️Bei uns sieht das jedoch anders aus! Gestern haben wir wieder abgeliefert. Chance gesehen, genaue Einstiegspunkt gefunden und Signal gesendet 🎯

Trade lief wieder mal perfekt. TP3 erreicht! Einfach einen gesamten Monatslohn an einem Tag verdient...

❌ Keine falschen Versprechen
❌ Kein Glücksspiel
✔️ Einfaches System und klare Umsetzung

Meld dich jetzt und fang an wirklich zu verstehen wie Trading funktioniert!",2026-09-20T12:27:17Z,,
@REALNATEFXC,5080,2026-09-20T08:07:21Z,,2026-09-20T12:27:19Z,2026-09-20T08:12:06Z,
@REALNATEFXC,5081,2026-09-20T11:38:13Z,"🔥 ANOTHER MEMBER RESULT TO CLOSE OUT THE WEEK!

Louis sent this in after today’s GOLD session +$209.33 👏🔥

Nothing crazy. No overcomplicating it.

Follow the setup. Manage the risk. Execute the plan.

These are the messages I love getting from members every week.",2026-09-20T12:27:19Z,2026-09-20T11:40:35Z,
@REALNATEFXC,5082,2026-09-20T11:38:22Z,⏳Claim your FREE Premium Community spot today.,2026-09-20T12:27:19Z,2026-09-20T11:44:56Z,
@TRADINGCENTRALGLOBAL,53703,2026-09-20T09:45:20Z,"Community record result right here, we’ve had a bunch of members… but this is exactly how Nehan got $10K payout from FTMO 👇

Bunch of members that have gotten paid out from prop firms, but this is easily an all time top #3!

From being skeptical and uninformed, to taking action, joining the community and bagging $10.334,38 in a single payout…✅

Quite a journey, but are we surprised? Limit orders, analysis, livestreams & open community chat.

It’s almost impossible not to be profitable. That’s also exactly the reason why Nehan got this insane $10K payout from FTMO!",2026-09-20T12:27:22Z,2026-09-20T09:45:28Z,
@TRADINGCENTRALGLOBAL,53704,2026-09-20T09:45:20Z,,2026-09-20T12:27:22Z,,
@TRADINGCENTRALGLOBAL,53705,2026-09-20T09:50:11Z,,2026-09-20T12:27:22Z,2026-09-20T09:50:18Z,
@TRADINGCENTRALGLOBAL,53706,2026-09-20T09:55:17Z,"Just send “READY” & I’ll show you, for free, how to get results like Nehan and 1000’s of others who are doing the same:
💬@tradingcentralhelpdesk",2026-09-20T12:27:22Z,2026-09-20T09:55:18Z,
@TRADINGCENTRALGLOBAL,53707,2026-09-20T11:33:33Z,,2026-09-20T12:27:22Z,2026-09-20T11:33:38Z,
@fxtradingvision,85746,2026-09-20T12:44:01Z,"THIS WEEK'S RESULTS IN MY VIP GROUP
Week 38, 2026

📊 Trades shared: 43
✅ Win: 42
❌ Loss: 1

>> Win-ratio: 97.7%

Another dominant performance! New week is right around the corner… Are you going to take action now? MAKE IT HAPPEN!!",2026-09-20T16:26:50Z,2026-09-20T12:44:02Z,
@fxtradingvision,85747,2026-09-20T12:51:45Z,"WHO IS READY FOR TUESDAY

I WILL GIVE YOU THE BIGGEST DISCOUNT EVER ‼️",2026-09-20T16:26:50Z,2026-09-20T12:51:46Z,
@fxtradingvision,85748,2026-09-20T12:52:32Z,"Discount will be somewhere between 80% - 90%

You’ll almost get it for free.

Everyone refusing to try a funded account now is probably crazy…",2026-09-20T16:26:50Z,2026-09-20T12:52:33Z,
@fxtradingvision,85749,2026-09-20T13:18:01Z,"HOW MANY MORE SUNDAYS ARE YOU GOING TO WASTE?

your time is genuinely valuable. every weekend that passes without you taking action is a weekend someone else used to get ahead.

stop saying next week. next week might never come.",2026-09-20T16:26:50Z,2026-09-20T13:18:01Z,
@fxtradingvision,85750,2026-09-20T13:18:01Z,,2026-09-20T16:26:50Z,,
@fxtradingvision,85751,2026-09-20T13:18:01Z,,2026-09-20T16:26:50Z,,
@fxtradingvision,85752,2026-09-20T14:48:01Z,"Brandon copied my GOLD trades in the VIP and made €1,518 profit this week 💸",2026-09-20T16:26:50Z,2026-09-20T14:48:01Z,
@fxtradingvision,85753,2026-09-20T14:48:01Z,,2026-09-20T16:26:50Z,,
@fxtradingvision,85754,2026-09-20T15:31:01Z,,2026-09-20T16:26:50Z,2026-09-20T15:31:02Z,
@phenexbillions,7076,2026-09-20T12:42:49Z,,2026-09-20T16:26:52Z,,
@phenexbillions,7077,2026-09-20T12:43:25Z,,2026-09-20T16:26:52Z,,
@phenexbillions,7078,2026-09-20T13:20:34Z,,2026-09-20T16:26:52Z,,
@phenexbillions,7079,2026-09-20T15:15:51Z,🤩🤩,2026-09-20T16:26:52Z,,
@WOLFXSIGNALS_FREEGROUP,11678,2026-09-20T15:31:51Z,,2026-09-20T16:26:55Z,,
@WOLFXSIGNALS_FREEGROUP,11679,2026-09-20T15:32:07Z,"📷 VIP GROUPS FROM INSIDE! 

⚠️ We’re the only group who shows videos from inside the VIPs.

✅ 36/36 Weeks in profits in 2026.
✅ CopyTrading Service⭐️
✅ Our trading method works.

✅ Verified Results Here:
🔗 https://wolfxsignals.com/results

——————————————————
🔥Who is ready for a new week?

                            ⬇️⬇️

        👉 Claim ACCESS HERE 👈


🆕 To guarantee quality. We will only admit 10 new clients per week.",2026-09-20T16:26:55Z,,
@WOLFXSIGNALS_FREEGROUP,11680,2026-09-20T15:32:07Z,,2026-09-20T16:26:55Z,,
@FXFARO_FREEGROUP,13575,2026-09-20T12:33:08Z,I’d start taking notes or copy these setups into your TradingView. You can’t imagine how many sharp traders are printing every week with these potential setups 💰🚀,2026-09-20T16:26:57Z,2026-09-20T12:33:08Z,
@FXFARO_FREEGROUP,13576,2026-09-20T12:33:36Z,"📍NOTE: These setups are not ready to enter yet — we’re still waiting for key confirmations. ⚠️

Once everything lines up, the signals will be sent directly to the VIP group.
No guessing. Only high-probability trades. 📈

Not in VIP yet?
📩 Send a message now, it is FREE to join: @fxfaro",2026-09-20T16:26:57Z,2026-09-20T12:33:37Z,
@FXFARO_FREEGROUP,13577,2026-09-20T13:55:41Z,BTCUSD > NEW ENTRY IS RUNNING AT +25PIPS.🌎,2026-09-20T16:26:57Z,2026-09-20T13:55:42Z,
@FXFARO_FREEGROUP,13578,2026-09-20T15:05:00Z,I’m about to drop a KILLER GOLD analysis 👀🔥,2026-09-20T16:26:57Z,2026-09-20T15:05:00Z,
@FXFARO_FREEGROUP,13579,2026-09-20T15:10:00Z,"XAUUSD 2H ANALYSIS 👀

Very interesting price structure here.

Price has now reached our MAJOR SUPPLY ZONE, an area that has been clearly respected multiple times in the past.

That matters.

When a major zone keeps producing strong reactions, I pay close attention when price returns to it.

But remember:

This is HIGH TIMEFRAME analysis.

HIGH TIMEFRAMES = determine your overall direction and bias.

LOW TIMEFRAMES = refine your entry, wait for confirmation and aim for minimal drawdown.

Never blindly enter a trade just because price touched a 2H supply zone.

Direction first.
Confirmation second.
Entry last. 🔥 @fxfaro",2026-09-20T16:26:57Z,2026-09-20T15:10:01Z,
@FXFARO_FREEGROUP,13580,2026-09-20T15:12:00Z,"JOIN HERE if you want to receive my EXACT GOLD trade and plan for next week: https://t.me/m/1mD3zwlMNDk0 👀🔥

Inside you get:

Exact entry
Exact Stop Loss
Exact Take Profit
Live updates
Full trade management
New entries when they appear

And let me be VERY clear...

I do NOT share my GOLD trades in this public group.",2026-09-20T16:26:57Z,2026-09-20T15:12:03Z,
@TAURUSTRADERSSIGNALE,39802,2026-09-20T14:03:18Z,"WIE VIELE SONNTAGE WOLLST DU NOCH VERSCHWENDEN?

Deine Zeit ist wirklich wertvoll. Jedes Wochenende, das vergeht, ohne dass du etwas unternimmst, ist ein Wochenende, das jemand anderes genutzt hat, um weiterzukommen.

Hör auf, immer „nächste Woche“ zu sagen. Die nächste Woche kommt vielleicht nie.",2026-09-20T16:27:03Z,2026-09-20T16:17:03Z,
@TAURUSTRADERSSIGNALE,39803,2026-09-20T14:03:18Z,,2026-09-20T16:27:03Z,,
@TAURUSTRADERSSIGNALE,39804,2026-09-20T14:03:18Z,,2026-09-20T16:27:03Z,,
@TAURUSTRADERSSIGNALE,39805,2026-09-20T14:48:01Z,,2026-09-20T16:27:03Z,2026-09-20T16:17:05Z,
@TAURUSTRADERSSIGNALE,39806,2026-09-20T14:49:01Z,Brandon hat meine GOLD-Trades im VIP kopiert und diese Woche einen Gewinn von €1.518 erzielt 💸,2026-09-20T16:27:03Z,2026-09-20T16:17:07Z,
@TAURUSTRADERSSIGNALE,39807,2026-09-20T15:31:01Z,,2026-09-20T16:27:03Z,2026-09-20T15:45:09Z,
@FREESIGNALSTOTRADEBYLENNART,60079,2026-09-20T12:50:27Z,Wirklich beeindruckt von der Qualität und Konstanz hier. 🎯,2026-09-20T16:27:05Z,,
@FREESIGNALSTOTRADEBYLENNART,60080,2026-09-20T13:02:42Z,"Ergebnis nach EINEM Trade? 🔥

Mehrere hundert Euro einfach durch’s Folgen der VIP-Signale 💵

Das ist nicht Glück das ist Plan + Routine + Timing.
Ich liefere, der Markt reagiert und du kassierst.

Wenn du auch in nur 30 Minuten am Tag was reißen willst:
✉️Schreib @S2TSupport und komm in die Community.",2026-09-20T16:27:05Z,,
@FREESIGNALSTOTRADEBYLENNART,60081,2026-09-20T13:33:47Z,"AN ALLE, DIE NOCH NICHT IN DER VIP GRUPPE SIND 📈

Die nächsten Tage entscheiden, wer mitverdient und wer zurückbleibt

Der Markt bewegt sich. Die Frage ist:
Bist du vorbereitet oder zögerst du wieder 💯

📲Schreib @S2TSupport bevor du den nächsten Profit verpasst!",2026-09-20T16:27:05Z,,
@FREESIGNALSTOTRADEBYLENNART,60082,2026-09-20T14:02:31Z,"Der Tradingtag ist erfolgreich beendet 💵

Alle Positionen wurden geschlossen und das Ergebnis spricht für sich 📈

Klare Analysen, diszipliniertes Risikomanagement und saubere Umsetzungen machen langfristig den Unterschied 💯

Du kannst dir die Ergebnisse anschauen oder selbst Teil davon werden 👉@S2TSupport",2026-09-20T16:27:05Z,,
@FREESIGNALSTOTRADEBYLENNART,60083,2026-09-20T14:02:31Z,,2026-09-20T16:27:05Z,,
@FREESIGNALSTOTRADEBYLENNART,60084,2026-09-20T14:02:31Z,,2026-09-20T16:27:05Z,,
@FREESIGNALSTOTRADEBYLENNART,60085,2026-09-20T14:02:31Z,,2026-09-20T16:27:05Z,,
@FREESIGNALSTOTRADEBYLENNART,60086,2026-09-20T14:02:31Z,,2026-09-20T16:27:05Z,,
@FREESIGNALSTOTRADEBYLENNART,60087,2026-09-20T14:02:31Z,,2026-09-20T16:27:05Z,,
@FREESIGNALSTOTRADEBYLENNART,60088,2026-09-20T14:02:31Z,,2026-09-20T16:27:05Z,,
@FREESIGNALSTOTRADEBYLENNART,60089,2026-09-20T14:02:31Z,,2026-09-20T16:27:05Z,,
@FREESIGNALSTOTRADEBYLENNART,60090,2026-09-20T14:02:31Z,,2026-09-20T16:27:05Z,,
@FREESIGNALSTOTRADEBYLENNART,60091,2026-09-20T14:02:31Z,,2026-09-20T16:27:05Z,,
@FREESIGNALSTOTRADEBYLENNART,60092,2026-09-20T14:10:21Z,"Wie bereite ich mich auf die Trading Woche vor? 🎯

Viele fragen mich nach meinem genauen Plan. Den kompletten Fahrplan mit meinen Zonen, Erwartungen und allen wichtigen Levels teile ich jede Woche auf TradingView.

Das ist die Vorbereitung, die den Unterschied zwischen Gewinnen und Zocken ausmacht. 🔥

HIER GEHT'S ZU MEINEM FAHRPLAN

Wenn du aufhören willst zu raten, schreib ""START"" an @S2TSupport.",2026-09-20T16:27:05Z,,
@FREESIGNALSTOTRADEBYLENNART,60093,2026-09-20T15:06:44Z,"Im Trading zählen nicht die Ausnahmen sondern der Durchschnitt. Genau das zeigen wir dir auch 👍

Andere zeigen euch nur die Winning Trades. Die Top 1%. Wir zeigen euch die durchschnittlichen Mitglieder. Die Leute die vor kurzem auf dem gleichen Stand wie du waren. Denn du solltest dich nicht mit den Vollzeit Profis vergleichen sondern mit denen die die gleichen Konditionen wie du haben. Das heißt auch dass du genau diese Ergebnisse selbst ebenso erreichen kannst 🚀

Hier siehst du was unsere Kunden auf PROVEN EXPERT über uns sagen. 

Du willst selbst nachschauen? Hier ist der Link: PROVEN EXPERT 

Wenn du auch so glücklich wie diese Kunden sein willst melde dich bei @S2TSupport 🤝",2026-09-20T16:27:05Z,,
@FREESIGNALSTOTRADEBYLENNART,60094,2026-09-20T15:06:44Z,,2026-09-20T16:27:05Z,,
@FREESIGNALSTOTRADEBYLENNART,60095,2026-09-20T15:06:44Z,,2026-09-20T16:27:05Z,,
@FREESIGNALSTOTRADEBYLENNART,60096,2026-09-20T15:06:44Z,,2026-09-20T16:27:05Z,,
@FREESIGNALSTOTRADEBYLENNART,60097,2026-09-20T15:06:44Z,,2026-09-20T16:27:05Z,,
@FREESIGNALSTOTRADEBYLENNART,60098,2026-09-20T15:06:44Z,,2026-09-20T16:27:05Z,,
@FREESIGNALSTOTRADEBYLENNART,60099,2026-09-20T15:06:44Z,,2026-09-20T16:27:05Z,,
@FREESIGNALSTOTRADEBYLENNART,60100,2026-09-20T15:06:44Z,,2026-09-20T16:27:05Z,,
@FREESIGNALSTOTRADEBYLENNART,60101,2026-09-20T15:06:44Z,,2026-09-20T16:27:05Z,,
@FREESIGNALSTOTRADEBYLENNART,60102,2026-09-20T15:06:44Z,,2026-09-20T16:27:05Z,,
@FREESIGNALSTOTRADEBYLENNART,60103,2026-09-20T15:31:16Z,"PnL Wochenübersicht📊

So sieht eine durchschnittliche Woche bei S2T aus. Wir zeigen euch immer genau was wir machen im Free Channel.

Solche Gewinne sind für uns ganz normal denn wir wissen wie der Markt läuft 🔥

📬 Melde dich bei uns wenn du das willst was am Markt wirklich möglich ist",2026-09-20T16:27:05Z,,
@FREESIGNALSTOTRADEBYLENNART,60104,2026-09-20T15:45:27Z,"Gestern wieder profitabel abgeschlossen 💰

Weißt du woran das liegt? Weil wir nicht wie die anderen jeden Tag aufs Neue raten. Unsere Setups sind vorbereitet 🎯

Unsere Mitglieder wissen was zu tun ist sobald ein Signal kommt.

❌ Kein Signal Spam
❌ Kein Trading ohne klare Setups
✔️ 4–6 geprüfte Signale täglich mit klarer Struktur

Es wird Zeit für Trades von S2T. So einen Support wie hier bekommst du sonst nirgendwo!

Schreib ""Trade"" an 👉@S2TSupport und ich zeige dir wie echtes Trading aussieht.",2026-09-20T16:27:05Z,,
@REALNATEFXC,5083,2026-09-20T16:25:39Z,"MARKETS are opening soon  ✅💸

This member made 4,900$ on FRIDAY 🤯

If you want results like above you know what to do! Don’t sit on the sidelines this week 🏆🏆

CLICK HERE FOR RESULTS LIKE this🤝",2026-09-20T16:27:08Z,2026-09-20T16:26:23Z,
@TRADINGCENTRALGLOBAL,53708,2026-09-20T14:59:01Z,"Here’s a sneak peek of the entire analysis I sent out on $BTC, inside my private community.

It’s a 2 minute video. Everything is explained in simple terms.

Just send me “TRADE” & I’ll reply with the video & the trade:
💬 @tradingcentralhelpdesk",2026-09-20T16:27:11Z,2026-09-20T14:59:08Z,
@fxtradingvision,85755,2026-09-20T16:32:01Z,"Kuba copied my GOLD trades in the VIP and made €2,004 profit in 1 single day 💸",2026-09-20T19:01:07Z,2026-09-20T16:32:02Z,
@fxtradingvision,85756,2026-09-20T16:32:01Z,,2026-09-20T19:01:07Z,,
@fxtradingvision,85757,2026-09-20T17:53:01Z,,2026-09-20T19:01:07Z,2026-09-20T17:53:02Z,
@fxtradingvision,85758,2026-09-20T18:43:01Z,,2026-09-20T19:01:07Z,2026-09-20T18:43:01Z,
@FXFARO_FREEGROUP,13581,2026-09-20T16:55:00Z,"I’M DROPPING A LOT OF FREE GAME IN THIS CHANNEL. 👀🔥

Don’t keep it to yourself.

SHARE THIS CHANNEL with traders you know so they can benefit from the free analysis, setups and market breakdowns too.

It costs nothing.

Just free value. t.me/FXFARO_FREEGROUP",2026-09-20T19:01:15Z,2026-09-20T16:55:02Z,
@FXFARO_FREEGROUP,13582,2026-09-20T18:45:00Z,"QUICK TRADING TIP FROM ME. 👀🔥

PLAN YOUR WEEK DURING THE WEEKEND.

Don’t wait until Monday and start searching randomly for trades.

Go through the pairs that look interesting and build your WATCHLIST in advance.

Then check the important NEWS EVENTS for the week.

Ask yourself:

Which news could affect my pairs?
When is volatility likely to increase?
Which setups should I avoid around major events?

The more you prepare BEFORE the week starts, the less you’ll trade based on emotion.

WEEKEND = PREPARATION.
WEEKDAYS = EXECUTION. 🧠📈 @fxfaro",2026-09-20T19:01:15Z,2026-09-20T18:45:02Z,
@TOPNOTCHFOREXFREE,23817,2026-09-20T17:01:59Z,"⚠️ FINAL CALL: The market opens in 5 hours

This is your last chance to join before the first signals drop 

CLICK HERE TO JOIN FOR FREE",2026-09-20T19:01:18Z,2026-09-20T17:01:59Z,
@TAURUSTRADERSSIGNALE,39808,2026-09-20T16:51:51Z,Thank you for to day,2026-09-20T19:01:21Z,2026-09-20T18:11:14Z,
@TAURUSTRADERSSIGNALE,39809,2026-09-20T16:52:06Z,Ali hat meine GOLD im VIP-Bereich kopiert und an einem einzigen Tag €535 Gewinn erzielt 💸,2026-09-20T19:01:21Z,2026-09-20T18:11:17Z,
@TAURUSTRADERSSIGNALE,39810,2026-09-20T17:57:44Z,,2026-09-20T19:01:21Z,2026-09-20T18:11:17Z,
@TAURUSTRADERSSIGNALE,39811,2026-09-20T18:43:01Z,,2026-09-20T19:01:21Z,2026-09-20T18:44:50Z,
@FREESIGNALSTOTRADEBYLENNART,60105,2026-09-20T16:44:11Z,"🚨Lennard Analyzes: US DOLLAR- important levels and predictions🚨

Take an exclusive look at how a professional trader sees the market.

Use the free analysis to benefit from it 📈

Want to learn how to understand the market yourself?
📲 Write to @LennartS2T",2026-09-20T19:01:23Z,,
@FREESIGNALSTOTRADEBYLENNART,60106,2026-09-20T17:00:09Z,"☀️ Financial-Freedom-Projekt ☀️

Ich suche 10 Leute für ein ganz besonderes Projekt: Ein Jahr lang begleite ich euch intensiv auf dem Weg in die finanzielle Freiheit. Es geht nicht nur um Trading, es geht darum, dein Leben zu verändern.

Das ist nichts für jeden. Das ist für die, die bereit sind, alles zu geben. Wenn du einer davon bist, kannst du dich jetzt bewerben. (ab einem Startkapital von 1.000€)

Der Zinseszinseffekt ermöglicht es uns im ersten Jahr schon 9.000€ Gewinn mit einem Startkapital von 1.000€ passiv zu erzielen.

Schreib mir ""FREIHEIT"" an @S2TSupport und erzähl mir, warum du dabei sein solltest.",2026-09-20T19:01:23Z,,
@FREESIGNALSTOTRADEBYLENNART,60107,2026-09-20T17:00:10Z,,2026-09-20T19:01:23Z,,
@FREESIGNALSTOTRADEBYLENNART,60108,2026-09-20T17:20:32Z,"UNGLAUBLICH. Mir wurde gerade gemeldet, dass wir noch DREI PLÄTZE für das Projekt frei haben",2026-09-20T19:01:23Z,,
@FREESIGNALSTOTRADEBYLENNART,60109,2026-09-20T17:20:32Z,"Schreib ""START"" für meine kostenlosen Signale.",2026-09-20T19:01:23Z,,
@FREESIGNALSTOTRADEBYLENNART,60110,2026-09-20T17:20:32Z,"Schreib mir NICHT, wenn

❌ Du es nicht nötig hast.
❌ Du es nicht ernst meinst.
❌ Du mir nicht vertraust.",2026-09-20T19:01:23Z,,
@FREESIGNALSTOTRADEBYLENNART,60111,2026-09-20T17:30:16Z,,2026-09-20T19:01:23Z,,
@FREESIGNALSTOTRADEBYLENNART,60112,2026-09-20T17:40:26Z,3...,2026-09-20T19:01:23Z,,
@FREESIGNALSTOTRADEBYLENNART,60113,2026-09-20T18:02:52Z,2... (Meine DMs explodieren schon wieder wer es ernst meint muss JETZT schnell sein),2026-09-20T19:01:23Z,,
@FREESIGNALSTOTRADEBYLENNART,60114,2026-09-20T18:20:30Z,1... LETZTER PLATZ. Das ist die absolut letzte Chance.,2026-09-20T19:01:23Z,,
@FREESIGNALSTOTRADEBYLENNART,60115,2026-09-20T18:40:24Z,UND WEG. Willkommen an die zwei neuen Teilnehmer. Das Projekt ist jetzt endgültig geschlossen. 🔒,2026-09-20T19:01:23Z,,
@fxtradingvision,85744,2026-09-20T10:54:01Z,"I wasn’t born into success, I created it MYSELF and YOU can do this as well. 

No handouts & no shortcuts. Just pure dedication and the willingness to take risks. The truth is; if you want something different, you have to DO something different.

Most people sit and wait for the “perfect time.” But let me tell you the reality my friend, that perfect time never comes. You have to create your own opportunities. And today, I’m handing you one on a silver platter.

Are you ready to take action? Because in my VIP, I will personally guide you toward consistent results in the FX market. Step-by-step. No experience is no problem guys I will help you with everything LET’S GOOO",2026-09-20T21:34:25Z,2026-09-20T20:50:05Z,
@fxtradingvision,85759,2026-09-20T19:34:01Z,"THIS WEEK'S RESULTS IN MY VIP GROUP
Week 38, 2026

📊 Trades shared: 43
✅ Win: 42
❌ Loss: 1

>> Win-ratio: 97.7%

Another dominant performance! New week is right around the corner… Are you going to take action now? MAKE IT HAPPEN!!",2026-09-20T21:34:25Z,2026-09-20T19:34:01Z,
@fxtradingvision,85760,2026-09-20T20:26:01Z,Lebai copied my GOLD trades in the VIP and made €169 profit in 1 single day 💸,2026-09-20T21:34:25Z,2026-09-20T20:26:02Z,
@fxtradingvision,85761,2026-09-20T20:26:01Z,,2026-09-20T21:34:25Z,,
@fxtradingvision,85763,2026-09-20T20:50:01Z,,2026-09-20T21:34:25Z,,
@fxtradingvision,85764,2026-09-20T21:14:01Z,"LAST CALL 🚨 I'm closing my DMs in about 30 minutes so if you want to copy all my trades this new week, you need to get inside before i close up.

This is genuinely your last chance to get in before the Monday starts 💪🏻

👉🏻 CLICK HERE TO CLAIM YOUR ACCESS AND COPY ALL MY TRADES",2026-09-20T21:34:25Z,2026-09-20T21:14:02Z,
@phenexbillions,7080,2026-09-20T19:25:22Z,"📊 Trading muss nicht den ganzen Tag dauern, wenn Struktur dahintersteht. 2–4 präzise Signale pro Tag und meist nur rund 15 Minuten Aufwand, um sie umzusetzen. Genau diese Effizienz macht den Unterschied im Alltag. Wer vorbereitet ist, kann Chancen nutzen, ohne ständig vor dem Bildschirm zu sitzen. So bleibt Zeit für das Wesentliche.

Wenn du meinen kostenlosen Service nutzen willst und morgen auch mitverdienen möchtest schreib mir ""START"".

➡ @billions_vitus",2026-09-20T21:34:27Z,,
@phenexbillions,7081,2026-09-20T19:50:29Z,Danke an den PHENEX 💶💶💶💶,2026-09-20T21:34:27Z,,
@FXFARO_FREEGROUP,13583,2026-09-20T19:29:00Z,"A lot of hungry killers ready to print hard this new trading week 🐺

Energy is high
Charts are clean
Opportunities are loading

If you are serious about turning this week into a payout week, you know what to do.
Join the winners and lock in your spot.

@fxfaro",2026-09-20T21:34:32Z,2026-09-20T19:29:01Z,
@FXFARO_FREEGROUP,13585,2026-09-20T20:02:58Z,"BTCUSD > PRICE IS PUSHING LIKE CRAZY!! BOTH ENTRIES ARE FLYING.

+90PIPS.
+70PIPS.",2026-09-20T21:34:32Z,2026-09-20T20:02:58Z,
@FXFARO_FREEGROUP,13586,2026-09-20T20:10:01Z,"🟢I’M CURRENTLY ONLINE IN THE CHAT. 

If you have ANY questions about VIP, send me a message NOW.

I’ll personally answer as many of you as possible before the new trading week begins. 🔥

Questions about the trades, how VIP works, entries, SL, TP, risk management or getting started?

NOW is the time to ask.

I’m online. 📲 @fxfaro",2026-09-20T21:34:32Z,2026-09-20T20:10:02Z,
@TAURUSTRADERSSIGNALE,39812,2026-09-20T19:34:01Z,"DIE ERGEBNISSE DIESER WOCHE IN MEINER VIP-GRUPPE
Woche 38, 2026

📊 Veröffentlichte Trades: 43
✅ Gewinne: 42
❌ Verluste: 1

>> Gewinnquote: 97,7%

Wieder einmal eine überragende Leistung! Die neue Woche steht vor der Tür … Wirst du jetzt aktiv werden? MACH ES EINFACH!!",2026-09-20T21:34:38Z,2026-09-20T19:58:07Z,
@TAURUSTRADERSSIGNALE,39813,2026-09-20T20:26:01Z,,2026-09-20T21:34:38Z,2026-09-20T20:41:32Z,
@TAURUSTRADERSSIGNALE,39814,2026-09-20T20:27:01Z,Thomas hat meine GOLD-Trades im VIP kopiert und an einem einzigen Tag €139 Gewinn erzielt 💸,2026-09-20T21:34:38Z,2026-09-20T20:41:33Z,
@TAURUSTRADERSSIGNALE,39815,2026-09-20T21:14:01Z,"LETZTER AUFRUF 🚨 Ich schließe meine DM in etwa 30 Minuten. Wenn du also in dieser neuen Woche alle meine Trades kopieren möchtest, musst du noch vor dem Schließen beitreten.

Das ist wirklich deine letzte Chance, noch vor Beginn des Montags einzusteigen 💪🏻

👉🏻 KLICKE HIER, UM DEINEN ZUGANG ZU SICHERN UND ALLE MEINE TRADES ZU KOPIEREN",2026-09-20T21:34:38Z,2026-09-20T21:23:53Z,
@FREESIGNALSTOTRADEBYLENNART,60116,2026-09-20T19:50:19Z,"Nur ein Trade. Ein Entry. Mehrere hundert Euro Profit 🎯

Das ist kein Zufall das ist System.
Lennart droppt das Setup, du setzt es um fertig.✔️

Kein Rätselraten, kein Overthinking. Nur Resultate.

👉Wie oft willst du dir noch erzählen, dass “jetzt nicht der richtige Moment” ist?

✉️ Komm zu mir in die Community @S2TSupport und mach’s einfach. Heute.",2026-09-20T21:34:40Z,,
@FREESIGNALSTOTRADEBYLENNART,60117,2026-09-20T20:08:23Z,"Emotionales Trading war gestern - jetzt zählt Struktur 📊

Wie man sieht: Mit den S2T-Signalen endlich aus dem Chaos ausbrechen.

Wer ständig zwischen Gewinn und Verlust schwankt, braucht keine „neue Strategie“, sondern ein stabiles System.
Genau das liefern wir - täglich, transparent und mit klarem Plan.

Du willst endlich konstant profitabel werden?

📬Schreib @S2TSupport und hol dir die Struktur, die wirklich funktioniert",2026-09-20T21:34:40Z,,
@FREESIGNALSTOTRADEBYLENNART,60118,2026-09-20T20:33:40Z,"Die anderen zeigen nur ihre Gewinne aber nie wie man Verluste vermeiden kann.

Und du sitzt da. Verunsichert, planlos & frustriert...

👉 S2T macht es anders. Unser Setup gab nicht mehr her aber unser Risikomanagement funktionierte einwandfrei.

Und genau das lernst du bei uns in der VIP Gruppe.

✔️ Timing
✔️ Exit Strategien
✔️ Risikomanagement

📲Melde dich bei mir und ich zeige es dir!",2026-09-20T21:34:40Z,,
@FREESIGNALSTOTRADEBYLENNART,60119,2026-09-20T20:52:45Z,"S2T ist deine Chance etwas zu verändern!

Du brauchst nicht stundenlang vor den Charts zu sitzen um erfolgreich zu sein ❌

Ich habe schon tausenden Mitgliedern geholfen Trading richtig umzusetzen. 

Das einzige was du dafür brauchst ist den Willen zum Anfangen!

Warte nicht auf morgen sondern starte JETZT 👉@S2TSupport",2026-09-20T21:34:40Z,,
@FREESIGNALSTOTRADEBYLENNART,60120,2026-09-20T21:02:35Z,"Morgen früh geht es wieder los Freunde!

Die neue Handelswoche startet. 

Bist du schon bereit?

Sei rechtzeitig dabei und melde dich bei mir
👉 @S2TSupport",2026-09-20T21:34:40Z,,
@TRADINGCENTRALGLOBAL,53709,2026-09-20T20:21:00Z,"Make sure to check out my Instagram & drop a follow! I’ll announce something very soon on there.

🌐: https://www.instagram.com/amirscentral",2026-09-20T21:34:46Z,2026-09-20T20:21:08Z,
@fxtradingvision,85765,2026-09-20T22:18:31Z,Are you ready for the new week?,2026-09-20T23:27:46Z,2026-09-20T22:18:31Z,
@fxtradingvision,85766,2026-09-20T22:26:01Z,"See y’all tomorrow morning 😃 make sure to be fresh & ready to attack the charts 

My analysis is readyyyyy",2026-09-20T23:27:46Z,2026-09-20T22:26:01Z,
@TAURUSTRADERSSIGNALE,39816,2026-09-20T22:26:01Z,"Wir sehen uns morgen früh 😃 Seid auf jeden Fall ausgeruht und bereit, die Charts zu stürmen

Meine Analyse ist fertiggggg",2026-09-20T23:27:59Z,,
@phenexbillions,7082,2026-09-20T23:42:07Z,"TP1 hit, that’s +400 pips 🚀✅

SL nach Belieben auf Break Even…",2026-09-21T01:33:17Z,,
@phenexbillions,7083,2026-09-21T00:27:05Z,"TP1 hit, that’s +400 pips 🚀✅

SL nach Belieben auf Break Even…",2026-09-21T01:33:17Z,,
@phenexbillions,7084,2026-09-21T01:18:10Z,"TP2 hit, that’s +2200 pips 🚀✅",2026-09-21T01:33:17Z,,
@FXFARO_FREEGROUP,13587,2026-09-21T01:07:01Z,"BTCUSD > NEW ENTRY IS RUNNING AT +60PIPS!

THIS WAS A VERY SUCCESFUL WEEKEND..",2026-09-21T01:33:22Z,2026-09-21T01:07:01Z,
@fxtradingvision,85764,2026-09-20T21:14:01Z,"LAST CALL 🚨 I'm closing my DMs in about 30 minutes so if you want to copy all my trades this new week, you need to get inside before i close up.

This is genuinely your last chance to get in before the Monday starts 💪🏻",2026-09-21T07:01:46Z,2026-09-21T03:27:06Z,
@fxtradingvision,85768,2026-09-21T02:49:01Z,"Good morning traders, brand new trading week! Let’s kill it 🔥🔥🔥🔥🔥",2026-09-21T07:01:46Z,2026-09-21T02:49:02Z,
@fxtradingvision,85769,2026-09-21T02:51:01Z,Time to get to work,2026-09-21T07:01:46Z,2026-09-21T02:51:02Z,
@fxtradingvision,85770,2026-09-21T03:27:01Z,"🤑 Last week was VERY good with a 97.7% win-ratio in the VIP. This week we WILL continue! 🙏🏼

If you’re ready to start copying my trades and build consistent profits, now is your moment.

I’m personally helping all my current members scale to €3,000 - €12,000 CONSISTENT profits per month. YOU CAN BECOME ONE OF THEM! Just click 

Let’s make this your breakthrough week.",2026-09-21T07:01:46Z,2026-09-21T05:00:04Z,
@fxtradingvision,85771,2026-09-21T04:06:01Z,,2026-09-21T07:01:46Z,2026-09-21T04:06:01Z,
@fxtradingvision,85772,2026-09-21T04:19:01Z,Good luck to everyone this new week :) make the best out of it! I highly suggest to become part of my free VIP channel so you won’t miss any trades,2026-09-21T07:01:46Z,2026-09-21T04:19:01Z,
@fxtradingvision,85773,2026-09-21T04:49:01Z,,2026-09-21T07:01:46Z,2026-09-21T04:49:01Z,
@fxtradingvision,85774,2026-09-21T05:00:00Z,"LAST WEEK'S RESULTS IN MY VIP GROUP
Week 38, 2026

📊 Trades shared: 54
✅ Win: 46
❌ Loss: 1

>> Win-ratio: 85.2%

What a week that was! And guess what? This week we go even HARDER 🔥 I've got my setups ready and I'm expecting A LOT of trades. Don't miss any of it!

WANT TO COPY ALL MY TRADES? Click the button below to get FREE ACCESS to my VIP 👇🏻",2026-09-21T07:01:46Z,2026-09-21T05:00:01Z,
@fxtradingvision,85775,2026-09-21T05:00:00Z,,2026-09-21T07:01:46Z,,
@fxtradingvision,85776,2026-09-21T05:27:01Z,READY FOR TODAY????,2026-09-21T07:01:46Z,2026-09-21T05:27:01Z,
@fxtradingvision,85777,2026-09-21T05:31:53Z,Many trades coming I’m 100% ready 🤑🤑🤑🤑,2026-09-21T07:01:46Z,2026-09-21T05:31:55Z,
@fxtradingvision,85778,2026-09-21T05:49:01Z,,2026-09-21T07:01:46Z,2026-09-21T05:49:01Z,
@fxtradingvision,85779,2026-09-21T05:51:01Z,"Reality check guys 👆🏻 you are the only one that can make things happen for yourself. If you are not doing everything you can, do you really want it? 

Many people talk a lot, but don’t actually take action. That’s the part that will make the difference between someone who succeeds and someone who doesn’t.",2026-09-21T07:01:46Z,2026-09-21T05:51:01Z,
@fxtradingvision,85780,2026-09-21T06:19:01Z,"Today is a new day to make a change guys. It is never too late to start. Brand new week, lots of opportunity in front of you!

I always say: The best time to start was yesterday. You might have missed that, but in that case the second best time to start is today. 

And this is with anything, doesn’t have to be with FX necessarily. Everyone keeps on procrastinating nowadays, eventually ending up with nothing achieved.

Click here to send me a DM and start TODAY - zero costs & commission 🤝",2026-09-21T07:01:46Z,2026-09-21T06:19:01Z,
@fxtradingvision,85781,2026-09-21T06:19:01Z,,2026-09-21T07:01:46Z,,
@fxtradingvision,85782,2026-09-21T06:54:01Z,,2026-09-21T07:01:46Z,2026-09-21T06:54:01Z,
@phenexbillions,7085,2026-09-21T05:15:11Z,,2026-09-21T07:01:48Z,,
@phenexbillions,7086,2026-09-21T05:19:02Z,"🌅 Guten Morgen, frischer Tag – neue Profite warten bereits auf dich.
Hör auf nur zuzusehen und starte endlich selbst durch – die Chancen liegen direkt vor dir.

Schreib mir „START“ und sei noch heute mit dabei.

➡ @billions_vitus",2026-09-21T07:01:48Z,,
@FXFARO_FREEGROUP,13588,2026-09-21T06:04:00Z,Hey there,2026-09-21T07:01:53Z,2026-09-21T06:04:00Z,
@FXFARO_FREEGROUP,13589,2026-09-21T06:12:00Z,"IT’S MONDAY. NEW WEEK. NEW OPPORTUNITIES.

New setups. New chances.

I’m preparing today’s setups right now.

One thing you need to understand:
✅ The market DOES NOT wait for you
✅ If an AA+ setup appears and you miss it, it’s gone
✅ You can’t “fix it later”
✅ There is no catching up in trading",2026-09-21T07:01:53Z,2026-09-21T06:12:03Z,
@TOPNOTCHFOREXFREE,23818,2026-09-21T06:33:39Z,"Good morning, traders! ☕️

I will send the first GOLD TRADE of the week soon 🔥🥇

Turn on your notifications 🔔",2026-09-21T07:01:56Z,2026-09-21T06:33:39Z,
@TAURUSTRADERSSIGNALE,39817,2026-09-21T02:49:01Z,"Guten Morgen, liebe Trader, eine brandneue Handelswoche! Lasst uns alles geben 🔥🔥🔥🔥🔥",2026-09-21T07:01:58Z,2026-09-21T03:07:13Z,
@TAURUSTRADERSSIGNALE,39818,2026-09-21T02:51:01Z,"Zeit, sich an die Arbeit zu machen",2026-09-21T07:01:58Z,2026-09-21T03:07:14Z,
@TAURUSTRADERSSIGNALE,39819,2026-09-21T03:27:01Z,"🤑 Die letzte Woche war SEHR gut mit einer Gewinnquote von 97,7% im VIP. Diese Woche machen wir WEITER! 🙏🏼

Wenn du bereit bist, meine Trades zu kopieren und beständige Gewinne zu erzielen, ist jetzt der richtige Moment.

Ich helfe allen meinen aktuellen Mitgliedern persönlich dabei, KONSISTENTE Gewinne von €3.000 bis €12.000 pro Monat zu erzielen. DU KANNST EINER VON IHNEN WERDEN! Klicke einfach

Lass uns diese Woche zu deiner Durchbruchswoche machen.

🟢KLICKE HIER, um mir eine DM zu senden, damit ich dir die Links zum Einstieg schicken kann

LOS GEHT’S 🤑🤑🤑",2026-09-21T07:01:58Z,2026-09-21T03:51:37Z,
@TAURUSTRADERSSIGNALE,39820,2026-09-21T04:06:01Z,,2026-09-21T07:01:58Z,,
@TAURUSTRADERSSIGNALE,39821,2026-09-21T04:19:01Z,"Ich wünsche euch allen viel Erfolg für die neue Woche :) Macht das Beste daraus! Ich empfehle euch wärmstens, meinem kostenlosen VIP-Kanal beizutreten, damit ihr keinen Trade verpasst.",2026-09-21T07:01:58Z,2026-09-21T04:26:31Z,
@TAURUSTRADERSSIGNALE,39822,2026-09-21T05:27:01Z,BIST DU BEREIT FÜR HEUTE????,2026-09-21T07:01:58Z,2026-09-21T05:31:25Z,
@TAURUSTRADERSSIGNALE,39823,2026-09-21T05:31:39Z,"Es stehen viele Trades an, ich bin zu 100 % bereit 🤑🤑🤑🤑",2026-09-21T07:01:58Z,2026-09-21T05:37:38Z,
@TAURUSTRADERSSIGNALE,39824,2026-09-21T05:49:01Z,,2026-09-21T07:01:58Z,,
@TAURUSTRADERSSIGNALE,39825,2026-09-21T05:49:01Z,,2026-09-21T07:01:58Z,,
@TAURUSTRADERSSIGNALE,39826,2026-09-21T05:51:01Z,"Seid mal ehrlich, Leute 👆🏻: Ihr seid die Einzigen, die etwas für euch selbst erreichen können. Wenn ihr nicht alles tut, was ihr könnt, wollt ihr es dann wirklich?

Viele Leute reden viel, handeln aber nicht wirklich. Genau das macht den Unterschied zwischen jemandem, der Erfolg hat, und jemandem, der keinen Erfolg hat.",2026-09-21T07:01:58Z,2026-09-21T06:08:00Z,
@TAURUSTRADERSSIGNALE,39827,2026-09-21T06:19:01Z,"Heute ist ein neuer Tag, um etwas zu verändern, Leute. Es ist nie zu spät, anzufangen. Eine brandneue Woche, viele Chancen liegen vor euch!

Ich sage immer: Der beste Zeitpunkt, um anzufangen, war gestern. Vielleicht habt ihr den verpasst, aber in diesem Fall ist der zweitbeste Zeitpunkt, um anzufangen, heute.

Und das gilt für alles, es muss nicht unbedingt mit Devisen sein. Heutzutage schieben alle alles vor sich her und erreichen am Ende gar nichts.

Klickt hier, um mir eine DM zu schicken und noch HEUTE loszulegen – ohne Kosten und Provisionen 🤝",2026-09-21T07:01:58Z,2026-09-21T06:23:09Z,
@TAURUSTRADERSSIGNALE,39828,2026-09-21T06:19:01Z,,2026-09-21T07:01:58Z,,
@TAURUSTRADERSSIGNALE,39829,2026-09-21T06:54:01Z,,2026-09-21T07:01:58Z,,
@FREESIGNALSTOTRADEBYLENNART,60121,2026-09-21T02:00:46Z,"📈 Montag 21. September 📈

Neuer Tag und die neue Handelswoche beginnt.
Das Ziel heute ist wieder klar. Wir warten bis der Kurs die gewünschte Zone erreicht und schlagen dann wir wieder zu!

Konzentriert bleiben und abwarten. Nur so wächst dein Konto.

Jeden Tag 1 % besser 🏆",2026-09-21T07:02:00Z,,
@FREESIGNALSTOTRADEBYLENNART,60122,2026-09-21T03:15:12Z,,2026-09-21T07:02:00Z,,
@FREESIGNALSTOTRADEBYLENNART,60123,2026-09-21T03:25:10Z,✍️ schreibt gerade...,2026-09-21T07:02:00Z,,
@FREESIGNALSTOTRADEBYLENNART,60124,2026-09-21T03:25:10Z,"Genau deshalb mache ich das hier. Siggi hat mir geschrieben, dass sie mit den Gewinnen der letzten Monate ihre Schulden abbezahlen konnte und wieder ruhig schläft. Es geht um genau diese Freiheit.",2026-09-21T07:02:00Z,,
@FREESIGNALSTOTRADEBYLENNART,60125,2026-09-21T03:25:10Z,👉 Klicke hier für meine kostenlosen Signale.,2026-09-21T07:02:00Z,,
@FREESIGNALSTOTRADEBYLENNART,60126,2026-09-21T03:25:10Z,"Schreib mir bitte NUR, wenn du es wirklich ernst meinst, ich bekomme 200+ Nachrichten am Tag. Ihr wollt alle meine Trades kopieren, aber dann meint es auch bitte ernst.",2026-09-21T07:02:00Z,,
@FREESIGNALSTOTRADEBYLENNART,60127,2026-09-21T03:25:10Z,❗️Ich sag das nur einmal...,2026-09-21T07:02:00Z,,
@FREESIGNALSTOTRADEBYLENNART,60128,2026-09-21T03:40:14Z,"Genau das will ich mit euch erleben Leute! Entspannt in den Tag starten und die Freiheit haben zu tun worauf du Lust hast. Trading kann dir genau diese Freiheit geben. Du benötigst nur dein Handy und einen smarten Trade pro Tag 📈

Schreib mir 👉 @S2TSupport wenn du wissen willst wie das geht!",2026-09-21T07:02:00Z,,
@FREESIGNALSTOTRADEBYLENNART,60129,2026-09-21T06:02:01Z,"Ich bekomme oft die Frage: 

""Lennart, wieso bist du hier Long gegangen?"" 📊

Meine Antwort darauf findet ihr auf YouTube. Dort lade ich regelmäßig komplette Trade-Analysen hoch, die euch meinen Denkprozess zeigen.

KLICK HIER FÜR MEINE KOMPLETTE ANALYSE

Das ist kein einzelnes Signal, das ist mein ganzes Wissen, mit dem ihr lernen könnt, wie ein Profi zu denken. 💯

Wenn du den Markt endlich verstehen willst, schreib ""LERNEN"" an @S2TSupport",2026-09-21T07:02:00Z,,
@FREESIGNALSTOTRADEBYLENNART,60130,2026-09-21T06:31:37Z,"Ich habe euch etwas Besonderes beim Broker geklärt.

Ihr habt ab jetzt genau 120 Minuten Zeit um eure Einzahlung zu verdoppeln.

Das ist besser als jede Rendite, die ihr durch Trading erreichen könnt.

100% Gewinn ohne Risiko 💯

Nur die Schnellen kommen dran. Schreib ""DOPPELT"" an @S2TSupport.",2026-09-21T07:02:00Z,,
@FREESIGNALSTOTRADEBYLENNART,60131,2026-09-21T06:35:31Z,"Wöchentliche Forex-Prognose: Hauptmärkte zeigen ungleiches Momentum nach Notenbank-Entscheidungen 🌍💱

​Die Devisenmärkte blicken auf eine bewegte Woche zurück. Nach den jüngsten Zinsentscheidungen der großen Zentralbanken zeigt sich bei den Hauptwährungspaaren eine deutliche Divergenz im Handelsmomentum: Während einige Währungen von restriktiven Signalen profitieren, geraten andere unter spürbaren Abgabedruck.

​Im Fokus steht weiterhin der US-Dollar-Index (DXY). Die US-Notenbank Fed signalisiert, dass die Zinsen länger auf einem erhöhten Niveau verbleiben könnten, was den Greenback bei Rücksetzern stützt. Gleichzeitig zeigt sich der Euro (EUR/USD) nach den Aussagen der Europäischen Zentralbank (EZB) uneinheitlich und schwankt in einer engen Spanne, da Händler die künftigen Aussichten für Wirtschaftswachstum und Inflation abwägen.
​Besonders dynamisch präsentiert sich das britische Pfund (GBP/USD). Aufgrund hartnäckiger Inflationsdaten rechnet der Markt hier mit einem anhaltend straffen Kurs der Bank of England, was dem Pfund kurzfristig Auftrieb verleiht. Unter Druck bleibt hingegen der japanische Yen (JPY), da die Bank of Japan trotz erster Schritte an ihrer vergleichsweise taubenhaften Geldpolitik festhält.

​Fazit & Ausblick für Trader:
Die geldpolitischen Unterschiede der Zentralbanken schaffen hervorragende Trading-Chancen, erhöhen jedoch auch die Volatilität. Händler sollten Schlüsselniveaus wie Unterstützungen und Widerstände bei den Major-Paaren genau beobachten und anstehende Konjunkturdaten im Blick behalten.

​📈 Tritt unserem Telegram-Kanal bei!
Du suchst nach präzisen Forex-Signalen, täglichen Marktanalysen und professionellen Trading-Strategien? Kontaktiere uns direkt auf Telegram unter @S2Tsupport und werde Teil unserer Community! 📊🚀",2026-09-21T07:02:00Z,,
@REALNATEFXC,5084,2026-09-21T05:29:46Z,WHOS READY FOR A ANOTHER AMAZING WEEK ON THE MARKETS??,2026-09-21T07:02:03Z,2026-09-21T05:29:54Z,
@REALNATEFXC,5085,2026-09-21T05:30:23Z,"Markets have opened ‼️‼️

all you need to do is grab the opportunity and take action🏆

Press HERE TO MESSAGE ME FOR FREE PREMIUM ACCESS",2026-09-21T07:02:03Z,2026-09-21T05:30:50Z,
@REALNATEFXC,5086,2026-09-21T06:14:27Z,,2026-09-21T07:02:03Z,2026-09-21T06:14:59Z,
@REALNATEFXC,5087,2026-09-21T06:14:27Z,,2026-09-21T07:02:03Z,,
@REALNATEFXC,5088,2026-09-21T06:14:29Z,,2026-09-21T07:02:03Z,2026-09-21T06:19:05Z,
@REALNATEFXC,5089,2026-09-21T06:14:32Z,,2026-09-21T07:02:03Z,2026-09-21T06:16:48Z,
@TRADINGCENTRALGLOBAL,53710,2026-09-21T04:59:01Z,"What a week we had last week! Good morning everyone, it’s another Monday & this is the last week of September ✅

Jump out of bed, get in the gym, get ready for work or school.

I’m about to hop behind my desk & film the POV analysis of the trade that will be sent out alongside it! 

It will be a limit order as always, so my private community can just put it in their account and go on about their day 👇",2026-09-21T07:02:05Z,2026-09-21T04:59:08Z,
@TRADINGCENTRALGLOBAL,53711,2026-09-21T05:05:11Z,,2026-09-21T07:02:05Z,2026-09-21T05:05:16Z,
@TRADINGCENTRALGLOBAL,53712,2026-09-21T05:10:13Z,💬 CLICK HERE TO ALSO GET LIMIT ORDERS FOR FREE IN MY PRIVATE COMMUNITY,2026-09-21T07:02:05Z,2026-09-21T05:10:16Z,
@TRADINGCENTRALGLOBAL,53713,2026-09-21T06:59:01Z,,2026-09-21T07:02:05Z,2026-09-21T06:59:08Z,
@fxtradingvision,85774,2026-09-21T05:00:00Z,"LAST WEEK'S RESULTS IN MY VIP GROUP
Week 38, 2026

📊 Trades shared: 54
✅ Win: 46
❌ Loss: 8

>> Win-ratio: 85.2%

What a week that was! And guess what? This week we go even HARDER 🔥 I've got my setups ready and I'm expecting A LOT of trades. Don't miss any of it!

WANT TO COPY ALL MY TRADES? Click the button below to get FREE ACCESS to my VIP 👇🏻",2026-09-21T14:09:50Z,2026-09-21T08:48:14Z,
@fxtradingvision,85780,2026-09-21T06:19:01Z,"Today is a new day to make a change guys. It is never too late to start. Brand new week, lots of opportunity in front of you!

I always say: The best time to start was yesterday. You might have missed that, but in that case the second best time to start is today. 

And this is with anything, doesn’t have to be with FX necessarily. Everyone keeps on procrastinating nowadays, eventually ending up with nothing achieved.",2026-09-21T14:09:50Z,2026-09-21T08:48:22Z,
@fxtradingvision,85783,2026-09-21T07:19:01Z,"My members killed it last week! And this week we continue like always :) 

Let’s make even more guys ❤️ We’re the winning team 🙏🏼🤭",2026-09-21T14:09:50Z,2026-09-21T07:19:01Z,
@fxtradingvision,85784,2026-09-21T07:19:01Z,,2026-09-21T14:09:50Z,,
@fxtradingvision,85785,2026-09-21T07:19:01Z,,2026-09-21T14:09:50Z,,
@fxtradingvision,85786,2026-09-21T07:19:01Z,,2026-09-21T14:09:50Z,,
@fxtradingvision,85787,2026-09-21T07:19:01Z,,2026-09-21T14:09:50Z,,
@fxtradingvision,85788,2026-09-21T07:19:01Z,,2026-09-21T14:09:50Z,,
@fxtradingvision,85789,2026-09-21T07:19:01Z,,2026-09-21T14:09:50Z,,
@fxtradingvision,85790,2026-09-21T07:19:01Z,,2026-09-21T14:09:50Z,,
@fxtradingvision,85791,2026-09-21T07:19:01Z,,2026-09-21T14:09:50Z,,
@fxtradingvision,85792,2026-09-21T08:22:01Z,"4 years ago I didn’t even dare to dream of the life I currently live 💭

And this all wasn’t given. It is the result of hard work & dedication 🏆

This is what you need to understand guys; a better life doesn’t magically come your way. You need to EARN it! And the only way to actually earn this is by taking (calculated) risks and ACTION 💪🏼

- Mike",2026-09-21T14:09:50Z,2026-09-21T08:22:02Z,
@fxtradingvision,85793,2026-09-21T08:46:46Z,Open gold buys.,2026-09-21T14:09:50Z,2026-09-21T08:46:46Z,
@fxtradingvision,85794,2026-09-21T08:49:13Z,"NEW TRADE IDEA

XAUUSD BUY 4355

TP 1 4359
TP 2 4360
TP 3 4375

SL @ 4340

Trade accordingly and only trade with money you can afford to LOSE.",2026-09-21T14:09:50Z,2026-09-21T08:49:15Z,
@fxtradingvision,85795,2026-09-21T08:54:41Z,"DO YOU WANT ME TO ANNOUNCE THE DISCOUNT WE WILL OFFER TO YOU ?!

‼️Like I said this price has never been seen before…",2026-09-21T14:09:50Z,2026-09-21T08:54:42Z,
@fxtradingvision,85798,2026-09-21T09:27:51Z,LIVE FREE GOLD TRADE,2026-09-21T14:09:50Z,2026-09-21T09:27:52Z,
@fxtradingvision,85800,2026-09-21T09:41:14Z,"Close gold buys here with loss.

Let’s accept it.

We will make it back, later today.",2026-09-21T14:09:50Z,2026-09-21T09:41:15Z,
@fxtradingvision,85801,2026-09-21T09:42:26Z,Open gold sells.,2026-09-21T14:09:50Z,2026-09-21T09:42:27Z,
@fxtradingvision,85802,2026-09-21T09:43:29Z,"NEW TRADE IDEA

XAUUSD SELL 4346

TP 1 4342
TP 2 4341
TP 3 4320

SL @ 4365

Trade accordingly and only trade with money you can afford to LOSE.",2026-09-21T14:09:50Z,2026-09-21T09:43:31Z,
@fxtradingvision,85803,2026-09-21T10:18:00Z,Open new gold sells,2026-09-21T14:09:50Z,2026-09-21T10:18:01Z,
@fxtradingvision,85804,2026-09-21T10:18:40Z,"NEW TRADE IDEA

XAUUSD SELL 4356

TP 1 4352
TP 2 4351
TP 3 4330

SL @ 4375

Trade accordingly and only trade with money you can afford to LOSE.",2026-09-21T14:09:50Z,2026-09-21T10:18:41Z,
@fxtradingvision,85805,2026-09-21T10:18:50Z,Move all gold stoplosses to 4375,2026-09-21T14:09:50Z,2026-09-21T10:18:51Z,
@fxtradingvision,85806,2026-09-21T10:20:33Z,"TP 1 & 2 are BOTH hit ✅

+ 180 pips profit secured as we used double lotsize 🔥🔥🔥

Move your SL back to entry.",2026-09-21T14:09:50Z,2026-09-21T10:20:34Z,
@fxtradingvision,85807,2026-09-21T10:40:58Z,"Nice.

The second entry was a good one.

Did you catch it?",2026-09-21T14:09:50Z,2026-09-21T10:40:58Z,
@fxtradingvision,85808,2026-09-21T11:04:05Z,"TP 1 is hit

+ 40 pips

Move sl to entry",2026-09-21T14:09:50Z,2026-09-21T11:04:06Z,
@fxtradingvision,85809,2026-09-21T11:04:13Z,Simple as that baby.,2026-09-21T14:09:50Z,2026-09-21T11:04:14Z,
@fxtradingvision,85810,2026-09-21T11:04:24Z,"NEVER, EVER, DOUBT ME.",2026-09-21T14:09:50Z,2026-09-21T11:04:25Z,
@fxtradingvision,85811,2026-09-21T11:08:14Z,OPEN NEW GOLD SELLS,2026-09-21T14:09:50Z,2026-09-21T11:08:16Z,
@fxtradingvision,85812,2026-09-21T11:09:20Z,"NEW TRADE IDEA

XAUUSD SELL 4345

TP 1 4341
TP 2 4340
TP 3 4320

SL @ 4360

Trade accordingly and only trade with money you can afford to LOSE.",2026-09-21T14:09:50Z,2026-09-21T11:09:20Z,
@fxtradingvision,85813,2026-09-21T11:35:27Z,Move SL to 4375,2026-09-21T14:09:50Z,2026-09-21T11:35:28Z,
@fxtradingvision,85814,2026-09-21T11:42:11Z,"NEW TRADE IDEA

XAUUSD SELL LIMIT 4368-4369

TP 1 4365
TP 2 4364
TP 3 4320

SL @ 4379

Trade accordingly and only trade with money you can afford to LOSE.",2026-09-21T14:09:50Z,2026-09-21T11:42:11Z,
@fxtradingvision,85815,2026-09-21T11:42:19Z,Move all gold stoplosses to 4379.,2026-09-21T14:09:50Z,2026-09-21T11:42:20Z,
@fxtradingvision,85816,2026-09-21T11:42:37Z,"Use DOUBLE LOTSIZE on this sell limit.

95% confirmed trade.",2026-09-21T14:09:50Z,2026-09-21T11:42:39Z,
@fxtradingvision,85817,2026-09-21T11:58:24Z,Activated.,2026-09-21T14:09:50Z,2026-09-21T11:58:26Z,
@fxtradingvision,85818,2026-09-21T12:02:20Z,"TP 1 & 2 are BOTH hit ✅

+ 180 pips profit secured as we used double lotsize 🔥🔥🔥

Move your SL back to entry.",2026-09-21T14:09:50Z,2026-09-21T12:02:21Z,
@fxtradingvision,85819,2026-09-21T12:05:05Z,"The VIP had gold buys from 4359 until the gold sell limit area.

We banked + 100 pips profit and entered the gold sell.

Which is what I call a master play.",2026-09-21T14:09:50Z,2026-09-21T12:05:06Z,
@fxtradingvision,85820,2026-09-21T12:05:45Z,"This is why I always say to join the VIP so you don’t miss any trades.

You missed a + 100 pips movement on gold buys.

I can not share every play in the free channel. No time to manage that guys.",2026-09-21T14:09:50Z,2026-09-21T12:05:46Z,
@fxtradingvision,85821,2026-09-21T12:12:48Z,"If you wanna stay in the free channel, that’s fine, but don’t expect the same attention and same results as my VIP.",2026-09-21T14:09:50Z,2026-09-21T12:12:49Z,
@fxtradingvision,85822,2026-09-21T12:13:23Z,"I try to help you with trades but I can’t give all my attention to you.

I have a VIP of 4000 + people to take care of.

We printing heavily inside.",2026-09-21T14:09:50Z,2026-09-21T12:13:24Z,
@fxtradingvision,85823,2026-09-21T12:27:34Z,Close here + 300 pips profit on double lotsize.,2026-09-21T14:09:50Z,2026-09-21T12:27:35Z,
@fxtradingvision,85824,2026-09-21T12:27:59Z,"Close this one with - 80 pips.

We hedged it nice here.",2026-09-21T14:09:50Z,2026-09-21T12:28:00Z,
@fxtradingvision,85825,2026-09-21T12:37:21Z,I’m in so much profit today! 💸💸,2026-09-21T14:09:50Z,2026-09-21T12:37:22Z,
@fxtradingvision,85826,2026-09-21T12:37:21Z,"Ich habe alles gemacht, was du gesagt hast; ich habe im Moment keinen Verlust, Mike – ich bin sogar im Plus.",2026-09-21T14:09:50Z,2026-09-21T12:37:22Z,
@fxtradingvision,85827,2026-09-21T12:37:21Z,,2026-09-21T14:09:50Z,2026-09-21T12:37:22Z,
@fxtradingvision,85828,2026-09-21T12:37:21Z,Letsgoo,2026-09-21T14:09:50Z,2026-09-21T12:37:22Z,
@fxtradingvision,85829,2026-09-21T12:53:01Z,This new strategy Mike,2026-09-21T14:09:50Z,2026-09-21T12:53:02Z,
@fxtradingvision,85830,2026-09-21T12:53:01Z,Your making it to easy,2026-09-21T14:09:50Z,2026-09-21T12:53:02Z,
@fxtradingvision,85831,2026-09-21T12:53:01Z,,2026-09-21T14:09:50Z,2026-09-21T12:53:02Z,
@fxtradingvision,85832,2026-09-21T13:11:17Z,VIP is on printing mode!,2026-09-21T14:09:50Z,2026-09-21T13:11:18Z,
@fxtradingvision,85833,2026-09-21T13:12:04Z,"New trade on GOLD shared in the VIP ☕️

Which direction? Buy or Sell?

👉 CLICK HERE TO CLAIM YOUR SPOT & UNLOCK ALL THE TRADES",2026-09-21T14:09:50Z,2026-09-21T13:12:06Z,2026-09-21T19:28:23Z
@fxtradingvision,85834,2026-09-21T13:37:47Z,THE PRICE: From €1997... down to only XXX.,2026-09-21T14:09:50Z,2026-09-21T13:37:49Z,
@fxtradingvision,85835,2026-09-21T13:46:07Z,,2026-09-21T14:09:50Z,2026-09-21T13:46:08Z,
@fxtradingvision,85836,2026-09-21T13:50:45Z,OPEN GOLD SELLS,2026-09-21T14:09:50Z,2026-09-21T13:50:46Z,
@fxtradingvision,85837,2026-09-21T13:51:13Z,"NEW TRADE IDEA

XAUUSD SELL 4354

TP 1 4350
TP 2 4349
TP 3 4320

SL @ 4365

Trade accordingly and only trade with money you can afford to LOSE.",2026-09-21T14:09:50Z,2026-09-21T13:51:14Z,
@fxtradingvision,85838,2026-09-21T13:54:42Z,"TP 1 & 2 are BOTH hit ✅

+ 180 pips profit secured as we used double lotsize 🔥🔥🔥

Move your SL back to entry.",2026-09-21T14:09:50Z,2026-09-21T13:54:43Z,
@fxtradingvision,85839,2026-09-21T13:59:22Z,Did you catch this beauty? ☕️,2026-09-21T14:09:50Z,2026-09-21T13:59:24Z,
@fxtradingvision,85840,2026-09-21T13:59:44Z,"Do you want one more gold trade?

Show me the likes…",2026-09-21T14:09:50Z,2026-09-21T13:59:46Z,
@fxtradingvision,85841,2026-09-21T14:02:47Z,,2026-09-21T14:09:50Z,2026-09-21T14:02:48Z,
@fxtradingvision,85842,2026-09-21T14:02:47Z,I gonna sell my company😂👌🏻,2026-09-21T14:09:50Z,2026-09-21T14:02:48Z,
@fxtradingvision,85843,2026-09-21T14:02:47Z,This is better,2026-09-21T14:09:50Z,2026-09-21T14:02:48Z,
@phenexbillions,7087,2026-09-21T11:46:48Z,"✅ NEUER PREMIUM TRADE! ✅

Solltest du noch nicht Mitglied meiner VIP Gruppe sein, hast du soeben ein kostenloses Signal verpasst.

Schreib mir jetzt ""START"" und sichere dir deinen kostenlosen Zugang zur VIP mit 2-4 präzisen Signalen am Tag❗️

➡ @billions_vitus",2026-09-21T14:09:53Z,,
@phenexbillions,7088,2026-09-21T12:03:31Z,"TP1 hit, that’s +600 pips 🥷🏼✅

SL nach Belieben auf Break Even…",2026-09-21T14:09:53Z,,
@phenexbillions,7089,2026-09-21T12:41:40Z,"Tagesziel so gut wie erreicht und schon was ausgezahlt 😍🤗
Danke für das Sell Signal, den Rest habe ich selbst getradet🥳",2026-09-21T14:09:53Z,,
@phenexbillions,7090,2026-09-21T13:44:36Z,"TP3 hit, that’s +2700 pips 🥷🏼✅",2026-09-21T14:09:53Z,,
@phenexbillions,7091,2026-09-21T13:46:53Z,,2026-09-21T14:09:53Z,,
@WOLFXSIGNALS_FREEGROUP,11681,2026-09-21T09:05:14Z,,2026-09-21T14:09:55Z,,
@WOLFXSIGNALS_FREEGROUP,11682,2026-09-21T09:05:14Z,,2026-09-21T14:09:55Z,,
@WOLFXSIGNALS_FREEGROUP,11683,2026-09-21T09:05:24Z,,2026-09-21T14:09:55Z,,
@WOLFXSIGNALS_FREEGROUP,11684,2026-09-21T09:05:24Z,"❗️❗️❗️❗️❗️❗️❗️❗️❗️❗️

📆 14 SEPTEMBER - 20 SEPTEMBER 

✅️Monday 💰+20 PIPS 🟢
✅️Tuesday 💰+0 PIPS 🟢
✅️Wednesday 💰-30 PIPS✖️
✅️Thursday 💰+200 PIPS 🟢
✅️Friday 💰+120 PIPS 🟢

📊Total Week Profit: +390 PIPS 🔥

•These results are just CRAZY.

✅ 37/37 Weeks in profits in 2026.
✅ Verified Results ➜ Here
✅ +11,500 PIPS won in 2026.
✅ +4140 VIP clients winning.

——————————————————
  ✅BEST FOREX VIP BENEFITS✅

✅ TOP Forex/Gold Signals.
✅ CopyTrading Service Access⭐️
✅ Funded Accounts service.
✅ 1:1 onboarding + mentoring.

         
        ❗️❗️❗️❗️❗️❗️❗️❗️❗️

                             ⬇️

         👉 BECOME VIP HERE 👈


🚫REMEMBER. 10 VIP Spots are opened every Monday.",2026-09-21T14:09:55Z,2026-09-21T12:57:14Z,
@WOLFXSIGNALS_FREEGROUP,11685,2026-09-21T12:47:23Z,,2026-09-21T14:09:55Z,,
@WOLFXSIGNALS_FREEGROUP,11686,2026-09-21T12:47:48Z,,2026-09-21T14:09:55Z,,
@WOLFXSIGNALS_FREEGROUP,11687,2026-09-21T12:47:48Z,"❗️❗️❗️❗️❗️❗️❗️❗️

📆 14 SEPTEMBER - 20 SEPTEMBER 

✅️Monday 💰+0.000% 🟢
✅️Tuesday 💰-79.860%✖️
✅️Wednesday 💰+16.600% 🟢
✅️Thursday 💰-42.170%✖️
✅️Friday 💰+184.520% 🟢
✅️Saturday💰+110.00% 🟢
✅️Sunday 💰+96.66% 🟢

📊Week Total Profit: +326.60%🔥

•These results are just CRAZY.

✅ 31/37 Weeks in profits in 2026.
✅ Verified Results by Cornix.io.
✅ BTC, ETH + Altcoins signals.
✅ +2100 Crypto VIP members.

——————————————————
✅BEST CRYPTO VIP BENEFITS✅

✅ TOP Crypto Signals.
✅ Cornix (Autotrading) available.
✅ CopyTrading Service Access⭐️
✅ 1:1 onboarding + mentoring.

         
         ❗️❗️❗️❗️❗️❗️❗️❗️

                             ⬇️

         👉 BECOME VIP HERE 👈


🚫REMEMBER. 10 VIP Spots are opened every Monday.",2026-09-21T14:09:55Z,2026-09-21T12:58:19Z,
@FXFARO_FREEGROUP,13590,2026-09-21T07:09:00Z,"Don’t want to MISS my AA+ entries using the ONE TP strategy?

Then message me now.

There is money to be made this week 💰@fxfaro",2026-09-21T14:09:57Z,2026-09-21T07:09:00Z,
@FXFARO_FREEGROUP,13591,2026-09-21T07:33:24Z,"If you’re not trading yet, make sure you absorb as much knowledge as possible.

In this channel, I regularly share market analysis with clear explanations.
Use it to prepare yourself, understand structure, and build your foundation.

Be ready.
Take notes when it’s time. @fxfaro",2026-09-21T14:09:57Z,2026-09-21T07:33:26Z,
@FXFARO_FREEGROUP,13592,2026-09-21T08:12:00Z,"FULL BTC UPDATE:

ALL ENTRIES ARE RUNNING IN DEEP PROFIT.

+570 PIPS → FULL TP ✅
+620 PIPS → FULL TP ✅
+370 PIPS → FULL TP ✅
+120 PIPS → STILL RUNNING 
+80 PIPS → STILL RUNNING 
+160 PIPS → STILL RUNNING 
+140 PIPS → STILL RUNNING 
+80 PIPS → STILL RUNNING",2026-09-21T14:09:57Z,2026-09-21T08:12:02Z,
@FXFARO_FREEGROUP,13594,2026-09-21T08:16:58Z,EURAUD (PUBLIC TRADE) > STILL RUNNING. AT +40PIPS.,2026-09-21T14:09:57Z,2026-09-21T08:17:00Z,
@FXFARO_FREEGROUP,13595,2026-09-21T08:18:57Z,XAUUSD > ENTRY FROM LAST FRIDAY IS RUNNING AT +420PIPS.,2026-09-21T14:09:57Z,2026-09-21T08:19:00Z,
@FXFARO_FREEGROUP,13596,2026-09-21T08:57:53Z,"AUDCHF > +25 PIPS ALREADY. 👀

A lot of you took the BUY based on the PUBLIC analysis I shared.

GOOD JOB to everyone who did their own confirmation and caught the move.

You’re now sitting at around +25 PIPS. 💰

And remember, I didn’t give you an exact signal.

I gave you the analysis and the direction.

YOU determined your own Entry, SL and TP. @fxfaro",2026-09-21T14:09:57Z,2026-09-21T08:57:54Z,
@FXFARO_FREEGROUP,13597,2026-09-21T09:00:00Z,"GBPAUD > SAME STORY HERE!

The PUBLIC analysis was ON POINT again.

Those who used the analysis and found their own entry are now sitting at around +30 PIPS.

Just think about how much VALUE is being shared here completely FREE...

AUDCHF: +25 PIPS
GBPAUD: +30 PIPS

And these aren’t hindsight screenshots.

The analysis was posted BEFORE the moves happened.

Imagine what’s happening inside VIP with the exact entries, SL, TP and live management. @fxfaro",2026-09-21T14:09:57Z,2026-09-21T09:00:01Z,
@FXFARO_FREEGROUP,13598,2026-09-21T09:33:51Z,BTC IS EXPLODING..🤯,2026-09-21T14:09:57Z,2026-09-21T09:33:52Z,
@FXFARO_FREEGROUP,13599,2026-09-21T09:34:25Z,BTC > ALL ENTRIES HIT TP..,2026-09-21T14:09:57Z,2026-09-21T09:34:26Z,
@FXFARO_FREEGROUP,13600,2026-09-21T09:35:40Z,"FULL BTC UPDATE:

ALL ENTRIES ARE RUNNING IN DEEP PROFIT.

+570 PIPS → FULL TP ✅
+620 PIPS → FULL TP ✅
+370 PIPS → FULL TP ✅
+370 PIPS → FULL TP ✅
+320 PIPS → FULL TP ✅
+300 PIPS → FULL TP ✅
+270 PIPS → FULL TP ✅
+230 PIPS → FULL TP ✅",2026-09-21T14:09:57Z,2026-09-21T09:35:40Z,
@FXFARO_FREEGROUP,13601,2026-09-21T11:21:47Z,"I’M NOT SURE IF I’LL SHARE A PUBLIC TRADE TODAY. 

The chances are pretty LOW.

VIP remains the priority for exact entries, SL, TP and live management. @fxfaro",2026-09-21T14:09:57Z,2026-09-21T11:21:47Z,
@FXFARO_FREEGROUP,13602,2026-09-21T12:31:01Z,"🌎MONDAY HITS DIFFERENT WHEN IT’S PAYOUT DAY.

While most people are starting another work week...

MASON is starting his by receiving:

$6,549.50 PAYOUT
$100K FUNDED ACCOUNT
2-WEEK WINDOW
ROI: +6.55%

This is what I like most about funded management.

The exciting part isn’t opening a trade.

It isn’t seeing temporary floating profit.

It’s THIS moment.

When the trading window is finished and the payout actually lands.

Mason didn’t need some crazy 30% month.

A controlled +6.55% on serious funded capital turned into $6.5K+.

And Mason isn’t the only one.

Monday is PAYOUT DAY for multiple members under our funded management. 👀

More results incoming today...

Stay tuned. 💰🔥 @FXFARO",2026-09-21T14:09:57Z,2026-09-21T12:31:01Z,
@FXFARO_FREEGROUP,13603,2026-09-21T12:35:06Z,"I’M OPENING 10 FUNDED SPOTS TODAY. 

For those who want to stop doing everything themselves and start with FUNDED CAPITAL:

CHALLENGE PASSING
Targeted within 24 hours, depending on market conditions and prop-firm rules.

LIFETIME FUNDED MANAGEMENT
Once funded, we handle the trading and management for you.

ONLY 6% PROFIT SHARE
One of the lowest rates we’ve offered.

I’m only onboarding 10 people today because every funded account needs to be managed properly.",2026-09-21T14:09:57Z,2026-09-21T12:35:07Z,
@FXFARO_FREEGROUP,13604,2026-09-21T12:37:01Z,"IMPORTANT NOTE: Our standard funded management profit share is 25%.

RIGHT NOW: ONLY 6%.

25% → 6% PROFIT SHARE 🤯

That means you keep a MUCH bigger percentage of the profits generated on your funded account.

And this is for LIFETIME FUNDED MANAGEMENT.

This is a SPECIAL OFFER for the 10 people I’m onboarding today.

Once those spots are filled, this offer is gone.

Want one of the 10 spots? Message me: FUNDED @fxfaro🔥",2026-09-21T14:09:57Z,2026-09-21T12:37:02Z,
@FXFARO_FREEGROUP,13605,2026-09-21T13:23:32Z,"BTCUSD > BOTH NEW TRADES ARE RUNNING IN DEEP PROFIT.

+40PIPS.
+60PIPS.",2026-09-21T14:09:57Z,2026-09-21T13:23:33Z,
@TOPNOTCHFOREXFREE,23819,2026-09-21T07:59:19Z,Are you ready? 🔔,2026-09-21T14:10:00Z,2026-09-21T07:59:20Z,
@TOPNOTCHFOREXFREE,23820,2026-09-21T08:00:03Z,"🌎 SIGNAL ALERT!

💰 SELL XAUUSD 4345.2

🛩 TP1: 4343.1
🛩 TP2: 4340.2
🛩 TP3: 4330.9

⛔️ SL: 4359.5",2026-09-21T14:10:00Z,2026-09-21T08:00:04Z,
@TOPNOTCHFOREXFREE,23821,2026-09-21T09:37:16Z,"✅ TP1 hit: +210 pips 

Manage your trades, team 🫡🔥",2026-09-21T14:10:00Z,2026-09-21T09:37:16Z,
@TOPNOTCHFOREXFREE,23822,2026-09-21T09:37:31Z,"✅ TP2 hit: +300 pips

WHAT A TRADE 🚀🚀🚀",2026-09-21T14:10:00Z,2026-09-21T09:37:32Z,
@TOPNOTCHFOREXFREE,23823,2026-09-21T09:40:01Z,"[LIMITED] 4 FREE SPOTS to my Premium just opened 🚨

FIRST COME FIRST SERVE 👇

CLAIM YOUR SPOT HERE ⚠️",2026-09-21T14:10:00Z,2026-09-21T09:40:02Z,
@TOPNOTCHFOREXFREE,23824,2026-09-21T11:34:01Z,"I will share a new winning signal in my FREE premium group soon 😏👇

CLICK HERE TO RECEIVE IT",2026-09-21T14:10:00Z,2026-09-21T11:34:02Z,
@TAURUSTRADERSSIGNALE,39830,2026-09-21T07:19:01Z,Thank you for to day,2026-09-21T14:10:02Z,,
@TAURUSTRADERSSIGNALE,39831,2026-09-21T07:19:01Z,,2026-09-21T14:10:02Z,,
@TAURUSTRADERSSIGNALE,39832,2026-09-21T07:19:01Z,,2026-09-21T14:10:02Z,,
@TAURUSTRADERSSIGNALE,39833,2026-09-21T07:19:01Z,,2026-09-21T14:10:02Z,,
@TAURUSTRADERSSIGNALE,39834,2026-09-21T07:19:01Z,"Meine Gewinne von heute,  danke dir dafür.",2026-09-21T14:10:02Z,,
@TAURUSTRADERSSIGNALE,39835,2026-09-21T07:19:01Z,,2026-09-21T14:10:02Z,,
@TAURUSTRADERSSIGNALE,39836,2026-09-21T07:19:01Z,,2026-09-21T14:10:02Z,,
@TAURUSTRADERSSIGNALE,39837,2026-09-21T07:20:19Z,"Meine Mitglieder haben letzte Woche richtig abgeräumt! Und diese Woche geht es wie immer weiter :)

Lasst uns noch mehr Leute gewinnen ❤️ Wir sind das Siegerteam 🙏🏼🤭",2026-09-21T14:10:02Z,,
@TAURUSTRADERSSIGNALE,39838,2026-09-21T07:25:17Z,,2026-09-21T14:10:02Z,,
@TAURUSTRADERSSIGNALE,39839,2026-09-21T08:22:01Z,"Vor vier Jahren hätte ich mir das Leben, das ich heute führe, nicht einmal im Traum vorstellen können 💭

Und all das wurde mir nicht einfach so geschenkt. Es ist das Ergebnis von harter Arbeit und Engagement 🏆

Das müsst ihr verstehen, Leute: Ein besseres Leben kommt nicht einfach so von selbst. Man muss es sich VERDIENEN! Und der einzige Weg, es sich tatsächlich zu verdienen, besteht darin, (kalkulierte) Risiken einzugehen und HANDELN 💪

-Max",2026-09-21T14:10:02Z,2026-09-21T08:37:19Z,
@TAURUSTRADERSSIGNALE,39840,2026-09-21T09:33:35Z,"Neuer Trade auf GOLD wurde in der VIP Gruppe geteilt

Welche Richtung? Buy 🔼 oder Sell 🔽?

👉 KLICK HIER UM DIR DEINEN PLATZ ZU SICHERN UND ALLE TRADES FREIZUSCHALTEN",2026-09-21T14:10:02Z,,
@TAURUSTRADERSSIGNALE,39841,2026-09-21T09:43:48Z,"NEW TRADE IDEA

XAUUSD SELL 4346

TP 1 4342
TP 2 4341
TP 3 4320

SL @ 4365

Trade accordingly and only trade with money you can afford to LOSE.",2026-09-21T14:10:02Z,,
@TAURUSTRADERSSIGNALE,39842,2026-09-21T11:23:18Z,"TP 1 wurde erreicht.

+40 Pips

SL auf Break-even verschieben",2026-09-21T14:10:02Z,,
@TAURUSTRADERSSIGNALE,39843,2026-09-21T11:23:23Z,"TP 2 hier schließen

* 150 Pips",2026-09-21T14:10:02Z,,
@TAURUSTRADERSSIGNALE,39844,2026-09-21T12:58:28Z,"TP 1 erreicht

+30 Pips

SL auf Einstieg verschieben",2026-09-21T14:10:02Z,,
@TAURUSTRADERSSIGNALE,39845,2026-09-21T13:15:24Z,,2026-09-21T14:10:02Z,,
@FREESIGNALSTOTRADEBYLENNART,60132,2026-09-21T07:10:17Z,"Wir bieten dir exklusiv Live Trading Sessions an 📊

Diese finden in der VIP Gruppe statt. Hier tradet unser erfahrenster Trader Live vor der Kamera mit euch gemeinsam. Du kannst in Echtzeit die Trades übernehmen, dir Profite sichern und einiges dazulernen.

Verpasse keine Live Session mehr und aktiviert die Glocke in Telegram um benachrichtigt zu werden 🔔

Schreib mir eine Nachricht wenn du auch bei unseren Live Online Sessions dabei sein willst.

📱 @S2TSupport",2026-09-21T14:10:05Z,,
@FREESIGNALSTOTRADEBYLENNART,60133,2026-09-21T07:40:15Z,"VIP Signal ist LIVE und du bist nicht drin ❗️

Andere handeln gerade. Willst du weiter zusehen oder mitverdienen?

👉Jetzt kostenlosen Zugang sichern!",2026-09-21T14:10:05Z,,
@FREESIGNALSTOTRADEBYLENNART,60134,2026-09-21T08:12:58Z,,2026-09-21T14:10:05Z,,
@FREESIGNALSTOTRADEBYLENNART,60135,2026-09-21T08:23:56Z,,2026-09-21T14:10:05Z,,
@FREESIGNALSTOTRADEBYLENNART,60136,2026-09-21T08:44:49Z,"⚠️Bei den folgenden Nachrichten handelt es sich um ein Ergebnis aus unserer Premium Gruppe, nicht um ein umzusetzendes Signal⚠️",2026-09-21T14:10:05Z,,
@FREESIGNALSTOTRADEBYLENNART,60137,2026-09-21T08:46:07Z,"🚀CHFJPY - BUY🚀

Entry: 188.468

Stopp-Loss: 188.068

Take-Profit 1: 188.668
Take-Profit 2: 188.868
Take-Profit 3: 189.668

📊3:1 Risk Reward 📊",2026-09-21T14:10:05Z,,
@FREESIGNALSTOTRADEBYLENNART,60138,2026-09-21T08:46:07Z,CHFJPY TP1 HIT ✔️,2026-09-21T14:10:05Z,,
@FREESIGNALSTOTRADEBYLENNART,60139,2026-09-21T08:47:36Z,,2026-09-21T14:10:05Z,,
@FREESIGNALSTOTRADEBYLENNART,60140,2026-09-21T08:47:36Z,Ein weiterer sauberer Take Profit Treffer 🔥,2026-09-21T14:10:05Z,,
@FREESIGNALSTOTRADEBYLENNART,60141,2026-09-21T08:47:36Z,Unser Setup von wurde wie geplant ausgeführt. TP1 wurde mit technischer Präzision getroffen. Diese Bewegungen passieren nicht einfach so. Sie kommen zu denen die vorbereitet sind. 📈,2026-09-21T14:10:05Z,,
@FREESIGNALSTOTRADEBYLENNART,60142,2026-09-21T08:47:36Z,Jetzt Zugang sichern 📱 @S2TSupport,2026-09-21T14:10:05Z,,
@FREESIGNALSTOTRADEBYLENNART,60143,2026-09-21T09:25:48Z,Klare Signale und reibungslose Updates! 🔥,2026-09-21T14:10:05Z,,
@FREESIGNALSTOTRADEBYLENNART,60144,2026-09-21T09:30:34Z,"Was kann man sich mehr wünschen als:

✔️Klare Signale
✔️Echte Rückmeldungen
✔️Beweise von MetaTrader

Gestern wieder alle TPs getroffen und diejenigen, die im VIP Bereich sind wissen längst warum.

Wenn du endlich Freiheit erreichen möchtest melde dich bei 
👉@S2TSupport",2026-09-21T14:10:05Z,,
@FREESIGNALSTOTRADEBYLENNART,60145,2026-09-21T09:40:19Z,"VIP - Mehr als eine Strategie📈

Diese Woche haben wir im VIP 9k€ profite gebucht.

Das funktioniert denn wir kennen die Märkte und handeln nicht nur eine Strategie sondern mehrere gleichzeitig.📊

Was könntest du erreichen wenn du auch den gesamten Markt verstehst

📬@S2TSupport wenn du mehr über S2T VIP Erfahren willst",2026-09-21T14:10:05Z,,
@FREESIGNALSTOTRADEBYLENNART,60146,2026-09-21T09:46:46Z,"💵 Wochenreport 14.08-20.08.26💵

📊Tagesreport VIP Montag📊

BTCUSD SELL TP1 HIT ✔️
➕0.01🔤Growth
ETHUSD BUY TP1 HIT ✔️
➕0.01🔤Growth
ETHUSD BUY TP1 HIT ✔️
➕0.01🔤Growth
BTCUSD SELL TP2 HIT ✔️✔️
➕0.02🔤Growth
ETHUSD BUY TP2 HIT ✔️✔️
➕0.03🔤Growth
ETHUSD BUY TP2 HIT ✔️✔️
➕0.03🔤Growth
BTCUSD SELL TP3 HIT ✔️✔️✔️
➕0.03🔤Growth

BTCUSD SELL SL HIT  ❌
➖0.99 (3x)🔤 Growth
BTCUSD SELL SL HIT  ❌
➖0.99 (3x)🔤 Growth

✔️Total ➖5.80🔤

➡️Trades: 07✔️02❌

———————————————————

📊Tagesreport VIP Dienstag📊

ETHUSD SELL TP1 HIT ✔️
➕0.03🔤Growth",2026-09-21T14:10:05Z,,
@FREESIGNALSTOTRADEBYLENNART,60147,2026-09-21T09:46:47Z,"BTCUSD SELL TP2 HIT ✔️✔️ 
➕0.05🔤Growth
ETHUSD BUY TP3 HIT ✔️✔️ ✔️
➕0.55🔤Growth
ETHUSD BUY TP3 HIT ✔️✔️✔️
➕0.55🔤Growth

ETHUSD BUY SL HIT  ❌
➖0.04 (3x)🔤 Growth
ETHUSD BUY SL HIT  ❌
➖0.04 (3x)🔤 Growth

✔️Total ➕0.93🔤

➡️Trades: 04✔️02❌

———————————————————

📊Tagesreport VIP Mittwoch 📊

BTCUSD BUY TP1 HIT ✔️
➕0.10🔤Growth
BTCUSD SELL TP1 HIT ✔️ 
➕0.03🔤Growth
BTCUSD SELL TP2 HIT ✔️✔️ 
➕0.05🔤Growth

✔️Total ➕0.18🔤

➡️Trades: 03✔️00❌

———————————————————

📊Tagesreport VIP Donnerstag📊

ETHUSD BUY TP1 HIT ✔️
➕0.03🔤Growth",2026-09-21T14:10:05Z,,
@FREESIGNALSTOTRADEBYLENNART,60148,2026-09-21T09:46:47Z,"ETHUSD BUY TP1 HIT ✔️
➕0.03🔤Growth
ETHUSD BUY TP1 HIT ✔️
➕0.01🔤Growth
BTCUSD SELL TP1 HIT ✔️ 
➕0.01🔤Growth
BTCUSD SELL TP2 HIT ✔️✔️ 
➕0.06🔤Growth
BTCUSD SELL TP3 HIT ✔️✔️✔️ 
➕0.14🔤Growth
ETHUSD SELL TP2 HIT ✔️✔️ 
➕0.02🔤Growth
ETHUSD SELL TP2 HIT ✔️✔️ 
➕0.02🔤Growth

✔️Total ➕0.32🔤

➡️Trades: 08✔️00❌

———————————————————

📊Tagesreport VIP Freitag 📊

➖➖➖➖➖➖➖➖➖➖➖

✔️Total ➕ 0 🔤

➡️Trades: 00✔️00❌

———————————————————",2026-09-21T14:10:05Z,,
@FREESIGNALSTOTRADEBYLENNART,60149,2026-09-21T09:47:36Z,"Wochenzusammenfassung

✔️ Total ➖4.37🔤

➡️ Trades: 22✔️ 04❌

Heißt mit unserem Risk Management bei -4.37% growth sind das ca. -40.37% diese Woche 🤯

100% Transparenz 

Schreibe unserem Support für mehr Informationen 

➡️@S2TSupport",2026-09-21T14:10:05Z,,
@FREESIGNALSTOTRADEBYLENNART,60150,2026-09-21T09:47:59Z,,2026-09-21T14:10:05Z,,
@FREESIGNALSTOTRADEBYLENNART,60154,2026-09-21T09:52:35Z,"📊 Monatsreport von 5wochen📊

Week: 17.08-23.08

Trades: 12✔️04❌
Total: ➖1.25🔤

Wenn Sie die genauen Trades noch einmal sehen möchten
➡️ KLICKT HIER

Week: 24.08-30.08

Trades: 08✔️05❌
Total: ➕47.90🔤

Wenn Sie die genauen Trades noch einmal sehen möchten
➡️ KLICKT HIER

Week: 31.08-07.09

Trades: 04✔️01❌
Total: ➖3.21🔤

Wenn Sie die genauen Trades noch einmal sehen möchten
➡️KLICKT HIER

Week: 07.09-13.09

Trades: 13✔️07❌
Total: ➕5.02🔤

Wenn Sie die genauen Trades noch einmal sehen möchten
➡️KLICKT HIER

Week: 14.09-20.09

Trades: 22✔️04❌
Total: ➖4.37🔤

Wenn Sie die genauen Trades noch einmal sehen möchten
➡️KLICKT HIER

—————————————————",2026-09-21T14:10:05Z,,
@FREESIGNALSTOTRADEBYLENNART,60155,2026-09-21T09:53:00Z,"Monats zusammenfassung  

✔️ Total ➕44.09🔤

➡️ Trades: 59✔️ 21❌

Kurz Mal einfache mathematik

1 Pip = 10€ ca. 

Heibt bei +44.09% sind das ca.
+440.09% diesen monat 🤯

Fur Leute die mit etwas niedrigeren LOT zehlan Traden sind das ca.
€200-3000 gewinn📊

100% Transparenz

Schreibe unserem support fur mehr informationen 

➡️@S2TSupport",2026-09-21T14:10:05Z,,
@FREESIGNALSTOTRADEBYLENNART,60156,2026-09-21T09:54:02Z,"Unter „Chart“ seht ihr den aktuellen Kurs des gewählten Währungspaares in Echtzeit 📈

In unserem Beispiel ist das „AUDCAD“ (Australischer Dollar vs. Kanadischer Dollar).

Die Zeiteinheit ist hier M30. Das bedeutet jede Kerze zeigt 30 Minuten Preisbewegung.

Ihr könnt die Timeframes jederzeit umstellen, z.B. auf M15 (15 Minuten) oder H1 (1 Stunde)

Wenn du gerade in einem Trade bist ist dein Einstiegspunkt im Chart zu sehen 🎯

Für tiefgehende Chart Analysen nutzen wir TradingView und platzieren die Trades anschließend über MetaTrader.

Bist du bereit loszulegen?

Holt dir jetzt Unterstützung bei @S2TSupport",2026-09-21T14:10:05Z,,
@FREESIGNALSTOTRADEBYLENNART,60157,2026-09-21T10:00:32Z,,2026-09-21T14:10:05Z,,
@FREESIGNALSTOTRADEBYLENNART,60158,2026-09-21T10:03:37Z,"🚀 Willkommen bei Signals2Trade 🚀

Hey, ich bin Lennart 👋

Wenn du hier neu bist ist diese Video genau richtig für dich! Ich erkläre nämlich wer ich bin, woher ich komme und was wir hier genau machen.

Vor allem erfährst du wie du S2T zu deinem Vorteil nutzen kannst. 🤝

Genießt den Mehrwert aus der Community und wenn du richtig durchstarten willst melde dich bei @S2TSupport",2026-09-21T14:10:05Z,,
@FREESIGNALSTOTRADEBYLENNART,60169,2026-09-21T10:29:15Z,"💵Wochenreport 14.09-20.09.26💵

📊 Tagesreport VIP Montag 📊

USDCAD SELL TP1 HIT ✔️
➕01 Pips
USDCHF SELL TP1 HIT ✔️
➕01 Pips
CHFJPY SELL TP1 HIT ✔️
➕33 Pips
EURJPY SELL TP1 HIT ✔️
➕04 Pips
EURJPY SELL TP1 HIT ✔️
➕03 Pips
EURJPY SELL TP1 HIT ✔️
➕02 Pips
EURJPY SELL TP1 HIT ✔️
➕01 Pips
EURUSD SELL TP1 HIT ✔️
➕02 Pips
EURUSD BUY TP1 HIT ✔️
➕02 Pips
GBPAUD SELL TP1 HIT ✔️
➕01 Pips
GBPJPY SELL TP1 HIT ✔️
➕05 Pips",2026-09-21T14:10:05Z,,
@FREESIGNALSTOTRADEBYLENNART,60170,2026-09-21T10:29:15Z,"SP500 BUY TP1 HIT ✔️
➕09 Pips
WS30 BUY TP1 HIT ✔️
➕31 Pips
UK100 BUY TP1 HIT ✔️
➕12 Pips
GBPNZD BUY TP1 HIT ✔️
➕06 Pips
GBPNZD SELL TP1 HIT ✔️
➕02 Pips
GBPNZD SELL TP1 HIT ✔️
➕02 Pips
NZDUSD BUY TP1 HIT ✔️
➕10 Pips
XAGUSD BUY TP1 HIT ✔️
➕30 Pips
XAGUSD SELL TP1 HIT ✔️
➕20 Pips
XAUUSD BUY TP1 HIT ✔️
➕20 Pips
XAUUSD BUY TP2 HIT ✔️✔️
➕40 Pips",2026-09-21T14:10:05Z,,
@FREESIGNALSTOTRADEBYLENNART,60171,2026-09-21T10:29:16Z,"NZDUSD BUY TP2 HIT ✔️✔️
➕22 Pips
NZDUSD BUY TP2 HIT ✔️✔️
➕22 Pips
SP500 BUY TP2 HIT ✔️✔️
➕19 Pips
SP500 BUY TP2 HIT ✔️✔️
➕19 Pips
XAUUSD BUY TP3 HIT ✔️✔️✔️
➕80 Pips
XAUUSD SELL TP1 HIT ✔️
➕80 Pips

EURUSD BUY SL HIT ❌
➖ 20 (3x) Pips
EURUSD BUY SL HIT ❌
➖ 19 (3x) Pips

✔️Total➕ 361 Pips 

➡️ Trades: 28✔️02❌

————————————————————

📊 Tagesreport VIP Dienstag 📊

EURJPY SELL TP1 HIT ✔️
➕01 Pips
GBPAUD SELL TP1 HIT ✔️
➕01 Pips
GBPNZD SELL TP1 HIT ✔️
➕05 Pips
EURUSD SELL TP1 HIT ✔️
➕01 Pips
USDCAD SELL TP1 HIT ✔️
➕01 Pips",2026-09-21T14:10:05Z,,
@FREESIGNALSTOTRADEBYLENNART,60172,2026-09-21T10:29:16Z,"GBPUSD BUY TP1 HIT ✔️
➕04 Pips
GBPUSD BUY TP2 HIT ✔️
➕05 Pips
XAGUSD SELL TP1 HIT ✔️
➕10 Pips
XAUUSD SELL TP1 HIT ✔️
➕20 Pips
DAX SELL TP1 HIT ✔️
➕37 Pips
NAS100 SELL TP1 HIT ✔️
➕17 Pips
SP500 BUY TP1 HIT ✔️
➕11 Pips
XAUUSD SELL TP1 HIT ✔️
➕30 Pips
XAGUSD SELL TP1 HIT ✔️
➕30 Pips
GBPUSD BUY TP2 HIT ✔️✔️
➕10 Pips
GBPUSD BUY TP2 HIT ✔️✔️
➕10 Pips
EURJPY SELL TP1 HIT ✔️✔️
➕09 Pips

SP500 BUY SL HIT ❌
➖ 21 (3x) Pips

✔️Total➕ 139 Pips 

➡️ Trades: 17✔️01❌

————————————————————",2026-09-21T14:10:05Z,,
@FREESIGNALSTOTRADEBYLENNART,60173,2026-09-21T10:29:17Z,"📊 Tagesreport VIP Mittwoch 📊

EURJPY SELL TP1 HIT ✔️
➕04 Pips
EURJPY SELL TP1 HIT ✔️
➕03 Pips
EURJPY BUY TP1 HIT ✔️
➕03 Pips
GBPAUD SELL TP1 HIT ✔️
➕02 Pips 
XAGUSD SELL TP1 HIT ✔️
➕40 Pips
XAGUSD SELL TP1 HIT ✔️
➕40 Pips
XAUUSD SELL TP1 HIT ✔️
➕10 Pips
WS30 BUY TP1 HIT ✔️
➕19 Pips
WS30 BUY TP1 HIT ✔️
➕108 Pips
NAS100 BUY TP1 HIT ✔️
➕43 Pips
NAS100 BUY TP1 HIT ✔️
➕24 Pips
GBPAUD SELL TP2 HIT ✔️✔️
➕03 Pips
GBPNZD SELL TP2 HIT ✔️✔️
➕09 Pips
XAUUSD SELL TP2 HIT ✔️✔️
➕90 Pips
XAUUSD SELL TP2 HIT ✔️✔️
➕90 Pips
NAS100 BUY TP1 HIT ✔️
➕18 Pips
SP500 BUY TP1 HIT ✔️
➕21 Pips
SP500 BUY TP1 HIT ✔️
➕21 Pips
WS30 BUY TP2 HIT ✔️✔️
➕208 Pips
WS30 BUY TP2 HIT ✔️✔️
➕208 Pips",2026-09-21T14:10:05Z,,
@FREESIGNALSTOTRADEBYLENNART,60174,2026-09-21T10:29:18Z,"NAS100 BUY TP2 HIT ✔️✔️
➕88 Pips
NAS100 BUY TP2 HIT ✔️✔️
➕87 Pips
XAUUSD BUY TP3 HIT ✔️✔️✔️
➕110 Pips
XAUUSD BUY TP3 HIT ✔️✔️✔️
➕210 Pips
XAUUSD SELL TP3 HIT ✔️✔️✔️
➕270 Pips
XAUUSD SELL TP3 HIT ✔️✔️✔️
➕270 Pips

SP500 BUY SL HIT ❌
➖ 19 (3x) Pips
WS30 BUY SL HIT ❌
➖ 192 (3x) Pips
DAX BUY SL HIT ❌
➖ 92 (3x) Pips

✔️Total➕ 785 Pips 

➡️ Trades: 26✔️04❌

————————————————————

📊 Tagesreport VIP Donnerstag 📊

XAGUSD SELL TP1 HIT ✔️
➕20 Pips
XAUUSD SELL TP1 HIT ✔️
➕20 Pips
XAUUSD BUY TP1 HIT ✔️
➕20 Pips
CHFJPY BUY TP1 HIT ✔️
➕14 Pips
EURJPY SELL TP1 HIT ✔️
➕02 Pips
GBPAUD SELL TP1 HIT ✔️
➕02 Pips
GBPNZD SELL TP1 HIT ✔️
➕03 Pips",2026-09-21T14:10:05Z,,
@FREESIGNALSTOTRADEBYLENNART,60175,2026-09-21T10:29:18Z,"Uk100 SELL TP1 HIT ✔️
➕06 Pips
GBPNZD BUY TP1 HIT ✔️
➕08 Pips
GBPJPY SELL TP1 HIT ✔️
➕09 Pips 
EURGBP SELL TP1 HIT ✔️
➕13 Pips
EURGBP SELL TP1 HIT ✔️
➕13 Pips
DAX SELL TP2 HIT ✔️✔️
➕62 Pips
DAX SELL TP2 HIT ✔️✔️
➕60 Pips
EURJPY SELL TP2 HIT ✔️✔️
➕04 Pips
CHFJPY BUY TP2 HIT ✔️✔️
➕37 Pips
CHFJPY BUY TP2 HIT ✔️✔️
➕37 Pips
XAUUSD BUY TP2 HIT ✔️✔️
➕40 Pips
XAUUSD BUY TP2 HIT ✔️✔️
➕40 Pips
XAUUSD SELL TP2 HIT ✔️✔️
➕30 Pips
DAX SELL TP3 HIT ✔️✔️✔️
➕129 Pips
DAX SELL TP3 HIT ✔️✔️✔️
➕129 Pips",2026-09-21T14:10:05Z,,
@FREESIGNALSTOTRADEBYLENNART,60176,2026-09-21T10:29:19Z,"EURGBP SELL SL HIT ❌
➖ 45 (3x) Pips

✔️Total➕ 653 Pips 

➡️ Trades: 22✔️01❌

————————————————————

📊 Tagesreport VIP Freitag 📊

WS30 BUY TP1 HIT ✔️
➕79 Pips
XAUUSD SELL TP1 HIT ✔️
➕20 Pips
XAUUSD SELL TP1 HIT ✔️
➕20 Pips
XAUUSD SELL TP1 HIT ✔️
➕20 Pips
EURJPY SELL TP1 HIT ✔️
➕09 Pips
FX.N SELL TP1 HIT ✔️
➕30 Pips
USDCAD SELL TP1 HIT ✔️
➕02 Pips
XAUUSD SELL TP2 HIT ✔️✔️
➕40 Pips
XAUUSD SELL TP2 HIT ✔️✔️
➕40 Pips",2026-09-21T14:10:05Z,,
@FREESIGNALSTOTRADEBYLENNART,60177,2026-09-21T10:29:19Z,"XAUUSD SELL TP2 HIT ✔️✔️
➕40 Pips
XAUUSD SELL TP2 HIT ✔️✔️
➕40 Pips
XAGUSD SELL TP1 HIT ✔️
➕60 Pips
WS30 BUY TP2 HIT ✔️✔️
➕179 Pips
WS30 BUY TP2 HIT ✔️✔️
➕179 Pips
DAX SELL TP3 HIT ✔️✔️✔️
➕404 Pips
DAX SELL TP3 HIT ✔️✔️✔️
➕406 Pips
USDJPY BUY TP3 HIT ✔️✔️✔️
➕114 Pips
DAX SELL TP3 HIT ✔️✔️✔️
➕131 Pips

DAX BUY SL HIT ❌
➖ 121 (3x) Pips
DAX BUY SL HIT ❌
➖ 121 (3x) Pips
XAUUSD SELL SL HIT ❌
➖ 30 (3x) Pips
XAUUSD SELL SL HIT ❌
➖ 50 (3x) Pips",2026-09-21T14:10:05Z,,
@FREESIGNALSTOTRADEBYLENNART,60178,2026-09-21T10:29:21Z,"✔️Total➕ 847 Pips 

➡️ Trades: 18✔️04❌

————————————————————

Wochenzusammenfassung

✔️ Total  ➕2785 Pips  

➡️ Trades: 111✔️ 09❌

Heißt mit unserem Risk Management bei  +2785 Pips sind das ca. +27850€ diese Woche 🤯

100% Transparenz 

Schreibe unserem Support für mehr Informationen 

➡️@S2TSupport",2026-09-21T14:10:05Z,,
@FREESIGNALSTOTRADEBYLENNART,60179,2026-09-21T10:29:55Z,,2026-09-21T14:10:05Z,,
@FREESIGNALSTOTRADEBYLENNART,60180,2026-09-21T10:30:49Z,"Ein starker Start in den Tradingtag ✔️

Unsere offenen Positionen entwickeln sich aktuell alle positiv 💰

Erfolg entsteht nicht durch Glück sondern durch Erfahrung und einen klaren Plan 💯

Starte jetzt gemeinsam mit uns 👉@S2TSupport",2026-09-21T14:10:05Z,,
@FREESIGNALSTOTRADEBYLENNART,60181,2026-09-21T10:30:49Z,,2026-09-21T14:10:05Z,,
@FREESIGNALSTOTRADEBYLENNART,60182,2026-09-21T10:30:49Z,,2026-09-21T14:10:05Z,,
@FREESIGNALSTOTRADEBYLENNART,60183,2026-09-21T10:30:50Z,,2026-09-21T14:10:05Z,,
@FREESIGNALSTOTRADEBYLENNART,60184,2026-09-21T10:30:50Z,,2026-09-21T14:10:05Z,,
@FREESIGNALSTOTRADEBYLENNART,60185,2026-09-21T10:30:51Z,,2026-09-21T14:10:05Z,,
@FREESIGNALSTOTRADEBYLENNART,60186,2026-09-21T10:30:51Z,,2026-09-21T14:10:05Z,,
@FREESIGNALSTOTRADEBYLENNART,60187,2026-09-21T10:30:52Z,,2026-09-21T14:10:05Z,,
@FREESIGNALSTOTRADEBYLENNART,60188,2026-09-21T10:30:52Z,,2026-09-21T14:10:05Z,,
@FREESIGNALSTOTRADEBYLENNART,60189,2026-09-21T10:30:53Z,,2026-09-21T14:10:05Z,,
@FREESIGNALSTOTRADEBYLENNART,60190,2026-09-21T10:32:54Z,"🚨Trading Basics - Market Sessions🚨

Um den Markt profitabel zu handeln muss man Ihn verstehen. Heute erklären wir euch die 3 wichtigsten Market Sessions.

Egal was man handelt, von Aktien bis Krypto, die Börsenöffnungszeiten sind immer wichtig zu beachten.

Die wichtigste ist die New York Session (15:30 bis 22:00 deutsche Zeit). Hier öffnet der New York Stock Exchange (NYSE) und bringt erhöhte Volatilität und das größte Volumen in den Markt. Besonders die ersten 90 Minuten sind am schnellsten da hier die großen Institutionen und professionellen Tradingbots den Großteil Ihrer Trades tätigen. 

Die Asia auch genannt Hong Kong Session (3:30 bis 10:00) schafft oft genau dann wann wir normalerweise schlafen erhöhte Volatilität und es ist morgens immer wichtig zu sehen was über Nacht in Asien passiert ist.

Die UK oder London Session (9:00 bis 17:30) Ist für uns oft die erste Handelszeit welche wir mitnehmen können. Hier handelt ganz Europa. Trotz des Volumens welches zwar oft kleiner als der US Markt ist bietet diese Session viele sehr gute Möglichkeiten und kann manchmal den Trend schon vor den Amerikanern vorgeben kann. Zudem ist die London Session oft etwas ruhiger und in gewissen Marktphasen weniger Manipuliert als der US Markt.

📬Wenn du anstatt Signalen zu folgen den Markt auch richtig verstehen willst schreib uns JETZT @S2TSupport",2026-09-21T14:10:05Z,,
@FREESIGNALSTOTRADEBYLENNART,60191,2026-09-21T10:39:36Z,"📊 Monatsreport von 5wochen📊

—————————————————

Week: 17.08-23.08

Trades: 92✔️24❌
PIP: ➕3231✔️

Wenn Sie die genauen Trades noch einmal sehen möchten
➡️KLICKT HIER

—————————————————————

Week: 24.08-30.08

Trades: 77✔️19❌
PIP: ➕738✔️

Wenn Sie die genauen Trades noch einmal sehen möchten
➡️ KLICKT HIER

—————————————————————

Week: 31.08-06.09

Trades: 63✔️19❌
PIP: ➕1380✔️

Wenn Sie die genauen Trades noch einmal sehen möchten
➡️ KLICKT HIER

—————————————————————

Week: 07.09-13.09

Trades: 79✔️17❌
PIP: ➕849✔️

Wenn Sie die genauen Trades noch einmal sehen möchten
➡️KLICKT HIER

—————————————————————

Week: 10.08-16.08

Trades: 111✔️09❌
PIP: ➕2785✔️

Wenn Sie die genauen Trades noch einmal sehen möchten
➡️KLICKT HIER

—————————————————————",2026-09-21T14:10:05Z,,
@FREESIGNALSTOTRADEBYLENNART,60192,2026-09-21T10:39:37Z,"Monats zusammenfassung  

✔️ Total ➕8983 Pip

➡️ Trades: 422✔️ 88❌

Kurz Mal einfache mathematik

1 Pip = 10€ ca. 

Heibt bei +8983 pips sind das ca.
+89830 diesen monat 🤯

Fur Leute die mit etwas niedrigeren LOT zehlan Traden sind das ca.
€200-3000 gewinn📊

100% Transparenz

Schreibe unserem support fur mehr informationen 

➡️@S2TSupport",2026-09-21T14:10:05Z,,
@FREESIGNALSTOTRADEBYLENNART,60193,2026-09-21T10:39:59Z,,2026-09-21T14:10:05Z,,
@FREESIGNALSTOTRADEBYLENNART,60194,2026-09-21T11:40:22Z,"Viele jagen nur schnelle Profite... doch langfristiger Erfolg mit Struktur und dem richtigem Riskmanagement ist viel wichtiger!

Gestern haben wir wieder ordentlich verdient 💰

Aber nicht durch Glück sondern durch perfektes Timing, klare Planung und gutes Risikomanagement.

Und das Beste daran ist. Du bekommst solche Trades kostenlos in diesem FREE Channel. In der VIP Gruppe bekommst du täglich 4-6 Signale. Kein Abo. Kein Risiko. Nur Ergebnisse.

Schreib mir jetzt eine Nachricht und ich helfe dir persönlich noch vor dem nächsten Trade! 👉@S2TSupport",2026-09-21T14:10:05Z,,
@FREESIGNALSTOTRADEBYLENNART,60195,2026-09-21T11:48:28Z,,2026-09-21T14:10:05Z,,
@FREESIGNALSTOTRADEBYLENNART,60196,2026-09-21T12:50:20Z,Wirklich beeindruckt von der Qualität und Konstanz hier. 🎯,2026-09-21T14:10:05Z,,
@FREESIGNALSTOTRADEBYLENNART,60197,2026-09-21T13:02:52Z,"Fragst du dich immer noch, ob es funktioniert? 📊

✔️Lies den Chat.
✔️Schau dir den MetaTrader-Screenshot an.

Dutzende nehmen jeden Tag Gewinne mit -
einfach weil sie den Schritt gewagt haben und nicht enttäuscht wurden📈

Du könntest Nächste sein🔥
✉️ @S2TSupport",2026-09-21T14:10:05Z,,
@FREESIGNALSTOTRADEBYLENNART,60198,2026-09-21T13:35:10Z,"AN JEDEN TRADER, DER NOCH ZWEIFELT 🎯

Du weißt selbst:
✔️ Der Markt wartet nicht.
✔️ Deine Träume auch nicht.

👉 Warum also weiter zögern, wenn du mit uns schon gestern profitabel gewesen wärst 

Jetzt einsteigen später danken 🔥
📬@S2TSupport",2026-09-21T14:10:05Z,,
@FREESIGNALSTOTRADEBYLENNART,60199,2026-09-21T13:39:24Z,"⚠️Bei den folgenden Nachrichten handelt es sich um ein Ergebnis aus unserer Premium Gruppe, nicht um ein umzusetzendes Signal⚠️",2026-09-21T14:10:05Z,,
@FREESIGNALSTOTRADEBYLENNART,60200,2026-09-21T13:41:45Z,"🚀CHFJPY - BUY🚀

Entry: 188.468

Stopp-Loss: 188.068

Take-Profit 1: 188.668
Take-Profit 2: 188.868
Take-Profit 3: 189.668

📊3:1 Risk Reward 📊",2026-09-21T14:10:05Z,,
@FREESIGNALSTOTRADEBYLENNART,60201,2026-09-21T13:41:45Z,CHFJPY TP1 HIT ✔️,2026-09-21T14:10:05Z,,
@FREESIGNALSTOTRADEBYLENNART,60202,2026-09-21T13:41:45Z,CHFJPY TP2 HIT ✔️✔️,2026-09-21T14:10:05Z,,
@FREESIGNALSTOTRADEBYLENNART,60203,2026-09-21T13:45:01Z,,2026-09-21T14:10:05Z,,
@FREESIGNALSTOTRADEBYLENNART,60204,2026-09-21T13:45:01Z,TP2 wieder ein sauberer Treffer 🎯,2026-09-21T14:10:05Z,,
@FREESIGNALSTOTRADEBYLENNART,60205,2026-09-21T13:45:01Z,Bist du das nächste mal dabei?,2026-09-21T14:10:05Z,,
@FREESIGNALSTOTRADEBYLENNART,60206,2026-09-21T13:45:01Z,Stell dir mal vor was du mit dem zusätzlichen Geld machen könntest... und das beste daran ist. Du brauchst keine Vorerfahrung. Du benötigst nur ein klares System 📈,2026-09-21T14:10:05Z,,
@FREESIGNALSTOTRADEBYLENNART,60207,2026-09-21T13:45:01Z,Schreib mir jetzt und zeige ich dir  wie du das umsetzen kannst!,2026-09-21T14:10:05Z,,
@FREESIGNALSTOTRADEBYLENNART,60208,2026-09-21T13:50:59Z,"DXY VOR DEM NÄCHSTEN ABVERKAUF? 📉 Kopf-Schulter-Formation bestätigt sich | US-Dollar Analyse

📉 Der US-Dollar-Index (DXY) hat genau die Zone erreicht, die bereits in der letzten Tagesanalyse markiert wurde

🎯 Von dieser Widerstandszone kam es erneut zu einem starken Abverkauf

📊 Aktuell bildet sich eine mögliche Kopf-Schulter-Formation, die auf einen weiteren Rückgang hindeuten könnte

💵 Das Ziel liegt tiefer – genau in diesem Bereich befindet sich auch das Take-Profit-Ziel beim USD/CAD

🌀 Erst dort wäre ein erneuter Long-Einstieg im US-Dollar interessant",2026-09-21T14:10:05Z,,
@FREESIGNALSTOTRADEBYLENNART,60209,2026-09-21T13:55:03Z,"BITCOIN ZURÜCK BEI 85k $! 🚀 Wichtiger Widerstand voraus | BTC Tagesanalyse

🚀 Bitcoin explodiert zurück auf 85.000 $ nach einem starken Start in die neue Woche

🔥 BTC erreicht erstmals seit Januar wieder die 85.000-$-Marke

⚠️ Eine wichtige Widerstandszone rückt näher, deshalb wurde bereits ein Sell Limit platziert

🎯 Sollte Bitcoin zunächst fallen, könnte sich erneut eine Kaufchance ergeben

📊 Auf den kleineren Zeiteinheiten wird nach möglichen Short-Term-Setups gesucht",2026-09-21T14:10:05Z,,
@FREESIGNALSTOTRADEBYLENNART,60210,2026-09-21T13:56:29Z,,2026-09-21T14:10:05Z,,
@FREESIGNALSTOTRADEBYLENNART,60211,2026-09-21T14:06:18Z,"Trade geschlossen. Profit gesichert 🎯

Das Setup wurde sauber abgeschlossen und der Gewinn erfolgreich mitgenommen 💵

Ein weiterer Trade nach Plan und ein weiteres starkes Ergebnis.

Melde dich jetzt bei @S2TSupport und sei beim nächsten Trade dabei.",2026-09-21T14:10:05Z,,
@FREESIGNALSTOTRADEBYLENNART,60212,2026-09-21T14:06:18Z,,2026-09-21T14:10:05Z,,
@FREESIGNALSTOTRADEBYLENNART,60213,2026-09-21T14:06:18Z,,2026-09-21T14:10:05Z,,
@FREESIGNALSTOTRADEBYLENNART,60214,2026-09-21T14:06:18Z,,2026-09-21T14:10:05Z,,
@FREESIGNALSTOTRADEBYLENNART,60215,2026-09-21T14:06:18Z,,2026-09-21T14:10:05Z,,
@FREESIGNALSTOTRADEBYLENNART,60216,2026-09-21T14:06:18Z,,2026-09-21T14:10:05Z,,
@FREESIGNALSTOTRADEBYLENNART,60217,2026-09-21T14:06:19Z,,2026-09-21T14:10:05Z,,
@FREESIGNALSTOTRADEBYLENNART,60218,2026-09-21T14:06:19Z,,2026-09-21T14:10:05Z,,
@FREESIGNALSTOTRADEBYLENNART,60219,2026-09-21T14:06:19Z,,2026-09-21T14:10:05Z,,
@FREESIGNALSTOTRADEBYLENNART,60220,2026-09-21T14:06:19Z,,2026-09-21T14:10:05Z,,
@REALNATEFXC,5090,2026-09-21T11:54:15Z,"🔥 ANOTHER MEMBER CASHING IN ON GOLD!

+$815.20 profit from a clean move on GOLD 💰📈

This is what happens when you stop trying to catch everything and focus on executing the right opportunities.

Patience. Execution. Risk management

Press HERE TO MESSAGE ME FOR FREE PREMIUM ACCESS",2026-09-21T14:10:07Z,2026-09-21T11:55:39Z,
@REALNATEFXC,5091,2026-09-21T13:33:17Z,"Sell now TRADE XAU/USD 

4355-4360

📍Stop Loss: 4380

Target: open 

This is not financial advice. This is a personal trade idea shared for educational and informational purposes only.",2026-09-21T14:10:07Z,2026-09-21T13:36:53Z,
@REALNATEFXC,5092,2026-09-21T13:39:45Z,"MONDAY BLUES 🔵🔵

That’s how we roll. Would like to see a push into range low. ✔️

📩 Message me now for FREE Premium Access",2026-09-21T14:10:07Z,2026-09-21T13:48:46Z,
@REALNATEFXC,5093,2026-09-21T13:39:45Z,,2026-09-21T14:10:07Z,,
@REALNATEFXC,5094,2026-09-21T13:44:09Z,"PARTIALS BANKED🥇🥇

WHAT ARE YOU WAITING FOR? ITS ONLY MONDAY 

⚡ JOIN HUNDREDS OF TRADERS ALREADY INSIDE.

⏳Claim your FREE Premium Community spot today.",2026-09-21T14:10:07Z,2026-09-21T13:48:47Z,
@REALNATEFXC,5095,2026-09-21T13:44:09Z,,2026-09-21T14:10:07Z,,
@REALNATEFXC,5096,2026-09-21T14:00:35Z,,2026-09-21T14:10:07Z,2026-09-21T14:02:34Z,
@REALNATEFXC,5097,2026-09-21T14:00:35Z,,2026-09-21T14:10:07Z,,
@REALNATEFXC,5098,2026-09-21T14:00:48Z,SMASHED IT 💥,2026-09-21T14:10:07Z,2026-09-21T14:00:57Z,
@TRADINGCENTRALGLOBAL,53714,2026-09-21T09:34:34Z,"Haven’t posted any recaps since I’m travelling! I posted this on my Instagram 🌐

Just one of our entries since I’m traveling; check it out in the video above 👆",2026-09-21T14:10:10Z,2026-09-21T09:34:38Z,
@TRADINGCENTRALGLOBAL,53715,2026-09-21T09:35:18Z,,2026-09-21T14:10:10Z,2026-09-21T09:35:19Z,
@TRADINGCENTRALGLOBAL,53716,2026-09-21T09:41:01Z,"We still keep trading. Wherever we are, whenever we are.

That’s why trading = freedom. ✅

I have a link down below that you can click on to get access for free:
• https://t.me/m/JzFAGiEgM2Nk",2026-09-21T14:10:10Z,2026-09-21T09:41:07Z,
@fxtradingvision,85844,2026-09-21T14:14:01Z,"biggest discount we ever ran was €297,- that sold out in under an hour, over 300 spots gone just like that 🔥

that deal was actually for my son James... still can't believe how that went, he's doing amazing by the way 🙏

anyway. This is a different level. so i'm thinking about doing something even crazier than that deal… but honestly it depends on you guys.

the more votes we get 👆👆the bigger the discount will be.

simple as that. go vote.",2026-09-21T19:28:23Z,2026-09-21T14:14:01Z,
@fxtradingvision,85845,2026-09-21T14:28:42Z,DO YOU WANT ONE MORE GOLD TRADE?,2026-09-21T19:28:23Z,2026-09-21T14:28:42Z,
@fxtradingvision,85846,2026-09-21T14:30:41Z,"NEW TRADE IDEA

XAUUSD SELL LIMIT 4347

TP 1 4343
TP 2 4342
TP 3 4320

SL @ 4360

Trade accordingly and only trade with money you can afford to LOSE.",2026-09-21T19:28:23Z,2026-09-21T14:30:42Z,
@fxtradingvision,85848,2026-09-21T15:07:41Z,Gold sell is activated.,2026-09-21T19:28:23Z,2026-09-21T15:07:41Z,
@fxtradingvision,85849,2026-09-21T15:18:37Z,Move SL to 4363 to be safe from wicks.,2026-09-21T19:28:23Z,2026-09-21T15:18:38Z,
@fxtradingvision,85850,2026-09-21T15:34:25Z,"NEW TRADE IDEA

XAUUSD SELL LIMIT 4356

TP 1 4352
TP 2 4351
TP 3 4330

SL @ 4365

Trade accordingly and only trade with money you can afford to LOSE.",2026-09-21T19:28:23Z,2026-09-21T15:34:26Z,
@fxtradingvision,85851,2026-09-21T15:34:30Z,Use double lotsize.,2026-09-21T19:28:23Z,2026-09-21T15:34:31Z,
@fxtradingvision,85852,2026-09-21T15:36:09Z,"OVER 50% wants a next level discount, thats never seen before… 

I think its time to really bless you this round then.",2026-09-21T19:28:23Z,2026-09-21T15:36:11Z,
@fxtradingvision,85853,2026-09-21T15:37:59Z,"okay i will release the price in 10 minutes...

like i told you its the BIGGEST discount ever, we will write history. The spots will also be limited to only 300.",2026-09-21T19:28:23Z,2026-09-21T15:38:01Z,
@fxtradingvision,85855,2026-09-21T15:38:59Z,"TP 1 & 2 are BOTH hit ✅

+ 180 pips profit secured as we used double lotsize 🔥🔥🔥

Move your SL back to entry.",2026-09-21T19:28:23Z,2026-09-21T15:39:01Z,
@fxtradingvision,85856,2026-09-21T15:40:15Z,"Always enter a sell-limit 0.5 before the actual price.

As it can vary due to spreads and liquidity.",2026-09-21T19:28:23Z,2026-09-21T15:40:16Z,
@fxtradingvision,85857,2026-09-21T15:41:32Z,"The second sell-limit was perfectly timed.

If it didn’t hit for you by 0.10 price action, you know what to do next time.

It exactly started dropping around 4356.",2026-09-21T19:28:23Z,2026-09-21T15:41:36Z,
@fxtradingvision,85858,2026-09-21T15:43:08Z,"It hit & dropped heavily after.

That’s what you call a master entry.",2026-09-21T19:28:23Z,2026-09-21T15:43:11Z,
@fxtradingvision,85859,2026-09-21T15:46:35Z,"Does anyone else in the industry have our entry levels?

I don’t think so.",2026-09-21T19:28:23Z,2026-09-21T15:46:37Z,
@fxtradingvision,85860,2026-09-21T16:55:12Z,"TP 1 & 2 are BOTH hit ✅

+ 180 pips profit secured as we used double lotsize 🔥🔥🔥

Move your SL back to entry.",2026-09-21T19:28:23Z,2026-09-21T16:55:13Z,
@fxtradingvision,85861,2026-09-21T17:00:21Z,"OKAY TIME TO RELEASE THE F#CKING DISCOUNT RIGHT NOW????

Show me your energy LIKE LIKE",2026-09-21T19:28:23Z,2026-09-21T17:00:21Z,
@fxtradingvision,85862,2026-09-21T17:07:22Z,More likes… this is weak.,2026-09-21T19:28:23Z,2026-09-21T17:07:22Z,
@fxtradingvision,85863,2026-09-21T17:10:17Z,"I am giving you a discount of over 87%. That is €1,750 OFF

a price we have never seen before at FXTradingVision.

THE PRICE: From €1997... down to only 247... 🥳

This is for a 100% Guaranteed Passing of your funded account.",2026-09-21T19:28:23Z,2026-09-21T17:10:18Z,
@fxtradingvision,85864,2026-09-21T17:37:57Z,"WELL WHAT DO YOU SAY ???

🤫 HAVE YOU EVER SEEN SUCH A DISCOUNT ?",2026-09-21T19:28:23Z,2026-09-21T17:37:57Z,
@fxtradingvision,85865,2026-09-21T17:37:57Z,,2026-09-21T19:28:23Z,2026-09-21T17:37:57Z,
@fxtradingvision,85866,2026-09-21T17:40:22Z,"If you are not daytrading yet, now is your time to start. People are making monthly salaries in a day.

YOU CAN DO THIS AS WELL

👉🏻 CLICK HERE to receive full trading guidance by our team (free) ‼️",2026-09-21T19:28:23Z,2026-09-21T17:40:23Z,
@fxtradingvision,85867,2026-09-21T17:40:22Z,,2026-09-21T19:28:23Z,,
@fxtradingvision,85868,2026-09-21T17:40:22Z,,2026-09-21T19:28:23Z,,
@fxtradingvision,85869,2026-09-21T17:40:22Z,,2026-09-21T19:28:23Z,,
@fxtradingvision,85870,2026-09-21T18:03:01Z,,2026-09-21T19:28:23Z,2026-09-21T18:03:01Z,
@fxtradingvision,85871,2026-09-21T18:29:51Z,"The spots with MEGA discount will be opened Tomorrow ⚠️

Tomorrow at 13.00 / 1 PM European time zone",2026-09-21T19:28:23Z,2026-09-21T18:29:51Z,
@fxtradingvision,85872,2026-09-21T18:30:22Z,"TOMORROW IT FINALLY IS THE DAY. we will write history 

13.00 / PM in Amsterdam 🇳🇱

12.00 / PM in London 🇬🇧

14.00 / PM in Qatar 🇶🇦 

23.00 / PM in Sydney 🇦🇺

20.00 / PM in Singapore 🇸🇬

MAKE SURE TO BE ACTIVE 🛎️",2026-09-21T19:28:23Z,2026-09-21T18:30:26Z,
@fxtradingvision,85873,2026-09-21T18:32:08Z,"WE PASS YOUR CHALLENGE WITHIN 24 HOURS.

100% GUARENTEED",2026-09-21T19:28:23Z,2026-09-21T18:32:08Z,
@fxtradingvision,85874,2026-09-21T19:22:02Z,"The prop firms we work with don't just hand out accounts...

They're partnered with professional football clubs. Official trading partner of Sunderland AFC

That's the level we operate at. 🏆",2026-09-21T19:28:23Z,2026-09-21T19:22:03Z,
@fxtradingvision,85875,2026-09-21T19:22:02Z,No shitty firms or shady companies we work with firms that have VERIFIED track records,2026-09-21T19:28:23Z,2026-09-21T19:22:03Z,
@phenexbillions,7092,2026-09-21T19:10:39Z,"💰 PAYDAY DEAL 💰

Die Rechnungen stapeln sich und du fragst dich warum dein Geld immer so schnell weg ist?

Ganz einfach, weil du noch kein VIP Mitglied bist. 

Der PAYDAY DEAL gibt dir 100% mehr Power auf deine Ersteinzahlung❗️


💵 500$   → 1000$
💵 700$   → 1400$
💵 1000$ → 2000$

Schreib mir jetzt eine Nachricht mit „START“ und wir legen direkt zusammen los!

➡ @billions_vitus",2026-09-21T19:28:25Z,,
@WOLFXSIGNALS_FREEGROUP,11688,2026-09-21T15:58:36Z,,2026-09-21T19:28:28Z,,
@WOLFXSIGNALS_FREEGROUP,11689,2026-09-21T15:58:41Z,"❗️❗️❗️❗️❗️❗️❗️❗️❗️❗️❗️

🟢 SEPTEMBER 21 - FIRST SIGNALS


💸Forex+GOLD VIP: 1 Active Signal
💸Crypto VIP Group: 2 Active Signal

💰We have $18,500 invested in the gold signal.
——————————————————-

🚨 IT’S TIME: We’ve opened SPOTS to become VIP MEMBER (10/10).


👇 Tap below, click JOIN NOW, and start winning money with us.

                             ⬇️",2026-09-21T19:28:28Z,2026-09-21T16:01:34Z,
@FXFARO_FREEGROUP,13606,2026-09-21T18:53:31Z,"BTCUSD > STILL HOLDING BOTH ENTRIES!

+120PIPS.
+140PIPS.",2026-09-21T19:28:30Z,2026-09-21T18:53:32Z,
@FXFARO_FREEGROUP,13607,2026-09-21T19:03:16Z,XAUUSD > NEW ENTRY IS RUNNING AT +70PIPS.,2026-09-21T19:28:30Z,2026-09-21T19:03:16Z,
@FXFARO_FREEGROUP,13609,2026-09-21T19:09:12Z,"NO PUBLIC TRADE TODAY.

Just like I said earlier, today’s focus was 100% ON VIP.

Tomorrow I MIGHT drop a new public trade!

MAKE SURE YOUR NOTIFICATIONS ARE ON.

You don’t want to see the move AFTER it already happened. @FXFARO",2026-09-21T19:28:30Z,2026-09-21T19:09:12Z,
@TOPNOTCHFOREXFREE,23825,2026-09-21T15:02:32Z,"XAUUSD TP1: +250 pips ✅
Another profit target hit!",2026-09-21T19:28:33Z,2026-09-21T15:02:32Z,
@TOPNOTCHFOREXFREE,23826,2026-09-21T15:02:32Z,"XAUUSD TP2: +570 pips ✅✅
Running in big profits!",2026-09-21T19:28:33Z,2026-09-21T15:02:32Z,
@TOPNOTCHFOREXFREE,23827,2026-09-21T15:02:32Z,"XAUUSD TP3: +1640 pips ✅✅✅

MASSIVE PROFITS WITH TNFX! 🛩",2026-09-21T19:28:33Z,2026-09-21T15:02:32Z,
@TOPNOTCHFOREXFREE,23828,2026-09-21T15:02:45Z,"WHAT A DAY GUYS!!!

This is how we do it in MY PREMIUM, more big wins! 💥

Not a member yet? Message me NOW, I will onboard you for FREE  

@TopNotchForex 📥",2026-09-21T19:28:33Z,2026-09-21T15:02:46Z,
@TOPNOTCHFOREXFREE,23829,2026-09-21T16:59:01Z,,2026-09-21T19:28:33Z,2026-09-21T16:59:02Z,
@TAURUSTRADERSSIGNALE,39847,2026-09-21T15:22:01Z,"Der Beitritt zu meiner VIP Gruppe kann deine Trading Ergebnisse wirklich auf ein neues Level bringen. Wenn du drin bist, bekommst du alles, was du brauchst, um selbstbewusst zu traden.

✅ 5 bis 6 VIP Signale pro Tag, mit der Genauigkeit, die wir konstant anstreben
✅ Persönliche Eins zu Eins Begleitung
✅ Einen klaren Trading Plan
✅Eine solide Risikomanagement Strategie
✅Präzise Einstiegsbereiche

👉HIER KLICKEN, UM JETZT MIT MEINEM VIP ZU STARTEN!",2026-09-21T19:28:35Z,,
@TAURUSTRADERSSIGNALE,39848,2026-09-21T15:56:13Z,"TP 1 erreicht

+40 Pips

SL auf Einstieg verschieben",2026-09-21T19:28:35Z,,
@TAURUSTRADERSSIGNALE,39849,2026-09-21T16:35:22Z,"Meine Gewinne von heute,  danke dir dafür.",2026-09-21T19:28:35Z,,
@TAURUSTRADERSSIGNALE,39850,2026-09-21T17:14:25Z,"NEW TRADE IDEA

XAUUSD SELL 4346

TP 4342

TP 2 4335

SL @ 4359

Trade accordingly and only trade with money you can afford to LOSE.",2026-09-21T19:28:35Z,2026-09-21T17:20:13Z,
@TAURUSTRADERSSIGNALE,39851,2026-09-21T17:40:22Z,"…. ich habe heute von morgens bis abends alles gegeben, Risikobereitschaft gezeigt und in meinen Augen gewonnen. Danke Taurus Team❤️❤️❤️❤️❤️❤️❤️❤️❤️❤️",2026-09-21T19:28:35Z,,
@TAURUSTRADERSSIGNALE,39852,2026-09-21T17:43:01Z,"Wenn du noch kein Daytrading betreibst, ist jetzt der richtige Zeitpunkt, damit anzufangen. Manche verdienen an einem Tag ein Monatsgehalt.

DU KANNST DAS AUCH SCHAFFEN

👉🏻 KLICKE HIER, um eine vollständige Trading-Anleitung von unserem Team zu erhalten (kostenlos) ‼️",2026-09-21T19:28:35Z,,
@TAURUSTRADERSSIGNALE,39853,2026-09-21T18:03:22Z,,2026-09-21T19:28:35Z,,
@TAURUSTRADERSSIGNALE,39854,2026-09-21T18:14:02Z,"TP 1 erreicht

+40 Pips

SL auf Einstieg verschieben",2026-09-21T19:28:35Z,,
@FREESIGNALSTOTRADEBYLENNART,60221,2026-09-21T14:10:22Z,"Willst du den Markt selbst lesen lernen? 🧠

Ich veröffentliche regelmäßig meine detaillierten Analysen auf TradingView, nicht nur damit du sie kopieren kannst sondern damit du lernst wie ich denke.

Das ist die beste Ausbildung die du bekommen kannst und sie ist kostenlos. 🚀

KLICK HIER UND LERNE VON MIR

Wenn du bereit für den nächsten Schritt bist, schreib ""START"" an @S2TSupport.",2026-09-21T19:28:38Z,,
@FREESIGNALSTOTRADEBYLENNART,60223,2026-09-21T14:22:01Z,"Aktuell +6139€ im offenen Trade 💰

Der Markt läuft weiter in unsere Richtung. Wir greifen nicht ein solange der Plan funktioniert.

Viele würden zu früh schließen und Gewinne liegen lassen.
Wir bleiben diszipliniert und lassen den Trade laufen.

Schreib mir jetzt 📲 @S2TSupport wenn du verstehen willst wie wir arbeiten",2026-09-21T19:28:38Z,,
@FREESIGNALSTOTRADEBYLENNART,60224,2026-09-21T14:28:28Z,"⚠️Bei den folgenden Nachrichten handelt es sich um ein Ergebnis aus unserer Premium Gruppe, nicht um ein umzusetzendes Signal⚠️",2026-09-21T19:28:38Z,,
@FREESIGNALSTOTRADEBYLENNART,60225,2026-09-21T14:32:43Z,"🚀EURGBP - SELL🚀

Entry: 0.85746

Stopp-Loss: 0.85866

Take-Profit 1: 0.85686
Take-Profit 2: 0.85626
Take-Profit 3: 0.85386

📊3:1 Risk Reward 📊",2026-09-21T19:28:38Z,,
@FREESIGNALSTOTRADEBYLENNART,60226,2026-09-21T14:32:43Z,EURGBP TP1 HIT ✔️,2026-09-21T19:28:38Z,,
@FREESIGNALSTOTRADEBYLENNART,60227,2026-09-21T14:35:01Z,,2026-09-21T19:28:38Z,,
@FREESIGNALSTOTRADEBYLENNART,60228,2026-09-21T14:35:01Z,TP1 abgeholt 📈,2026-09-21T19:28:38Z,,
@FREESIGNALSTOTRADEBYLENNART,60229,2026-09-21T14:35:01Z,Der Einstieg war perfekt und genauso arbeiten Profis! Jetzt heißt es Risk sauber managen. Stop Loss auf Break Even und einfach weiter laufen lassen. TP2 ist schon in Sicht. 🔥,2026-09-21T19:28:38Z,,
@FREESIGNALSTOTRADEBYLENNART,60230,2026-09-21T14:35:01Z,"Sei beim nächsten Signal live dabei in der VIP Gruppe. 
👉@S2TSupport",2026-09-21T19:28:38Z,,
@FREESIGNALSTOTRADEBYLENNART,60231,2026-09-21T14:41:23Z,"Schon Teil der S2T Community? 🔒

Unsere private Gruppe ist ausschließlich für eingeladene Mitglieder und gibt euch die Möglichkeit, euch direkt untereinander auszutauschen.

Fragen stellen. Erfahrungen teilen. Märkte diskutieren. Andere S2T Kunden kennenlernen.

Wenn du noch keinen Zugang hast:

👉 Schreib @S2TSupport",2026-09-21T19:28:38Z,,
@FREESIGNALSTOTRADEBYLENNART,60232,2026-09-21T15:06:03Z,"Sehr starker Tag heute 🔥

Hier siehst du das perfekte Zusammenspiel aus Trade & Chart 📊
Unsere position stehen aktuell bei +6112€ und wir lassen laufen.

Das Beste daran?

Stell dir vor, was du dir von dem Geld kaufen könntest ✔️

📬 Schreibe @S2TSupport, wenn du bereit bist, solche Zahlen IN DEINEM Meta Trader zu sehen",2026-09-21T19:28:38Z,,
@FREESIGNALSTOTRADEBYLENNART,60233,2026-09-21T15:06:04Z,,2026-09-21T19:28:38Z,,
@FREESIGNALSTOTRADEBYLENNART,60234,2026-09-21T15:13:46Z,"Wir zeigen bewusst keine Ausnahmefälle oder unrealistische Erfolgsgeschichten. Stattdessen siehst du Ergebnisse von ganz normalen Leuten die vor kurzer Zeit noch am Anfang standen. 

Menschen mit den selben Voraussetzungen wie du. Genau deshalb sind diese Resultate greifbar 🔥

Hier kannst du sehen was unsere Kunden auf TRUST INDEX über uns sagen. Wenn du es selbst prüfen willst findest du hier den Link TRUST INDEX

Wenn du dir vorstellen kannst ähnliche Resultate zu erzielen dann schreib mir 👉 @S2TSupport",2026-09-21T19:28:38Z,,
@FREESIGNALSTOTRADEBYLENNART,60235,2026-09-21T15:13:46Z,,2026-09-21T19:28:38Z,,
@FREESIGNALSTOTRADEBYLENNART,60236,2026-09-21T15:13:46Z,,2026-09-21T19:28:38Z,,
@FREESIGNALSTOTRADEBYLENNART,60237,2026-09-21T15:13:46Z,,2026-09-21T19:28:38Z,,
@FREESIGNALSTOTRADEBYLENNART,60238,2026-09-21T15:13:46Z,,2026-09-21T19:28:38Z,,
@FREESIGNALSTOTRADEBYLENNART,60239,2026-09-21T15:13:46Z,,2026-09-21T19:28:38Z,,
@FREESIGNALSTOTRADEBYLENNART,60240,2026-09-21T15:13:46Z,,2026-09-21T19:28:38Z,,
@FREESIGNALSTOTRADEBYLENNART,60241,2026-09-21T15:13:46Z,,2026-09-21T19:28:38Z,,
@FREESIGNALSTOTRADEBYLENNART,60242,2026-09-21T15:13:46Z,,2026-09-21T19:28:38Z,,
@FREESIGNALSTOTRADEBYLENNART,60243,2026-09-21T15:13:46Z,,2026-09-21T19:28:38Z,,
@FREESIGNALSTOTRADEBYLENNART,60244,2026-09-21T15:19:54Z,,2026-09-21T19:28:38Z,,
@FREESIGNALSTOTRADEBYLENNART,60245,2026-09-21T15:32:27Z,"S2T Wochenergebnis✔️

Hier seht ihr genau die Gewinne und Verluste der letzen Woche.

100% transparent📊

Zahlen Lügen nicht. Du siehst die Performance jeden Tag hier im Free Channel.

📬 Finde heraus was am Markt wirklich möglich ist",2026-09-21T19:28:38Z,,
@FREESIGNALSTOTRADEBYLENNART,60246,2026-09-21T15:45:30Z,"Der Markt belohnt nicht die Gierigen sondern die Geduldigen 💯

Gestern haben wir wieder gezeigt wie man Profite realisiert 💵

✔️Mit klarem Setup
✔️Mit Stop Loss
✔️Und mit einem Signal das abgeliefert hat

Wenn du sicher wachsen willst statt planlos zu zocken. 
Schreib mir eine Nachricht 👉@S2TSupport",2026-09-21T19:28:38Z,,
@FREESIGNALSTOTRADEBYLENNART,60247,2026-09-21T16:01:06Z,"⚠️Bei den folgenden Nachrichten handelt es sich um ein Ergebnis aus unserer Premium Gruppe, nicht um ein umzusetzendes Signal⚠️",2026-09-21T19:28:38Z,,
@FREESIGNALSTOTRADEBYLENNART,60248,2026-09-21T16:10:28Z,"🚀GBPUSD - BUY🚀

Entry: 1.34760

Stopp-Loss: 1.34660

Take-Profit 1: 1.34810
Take-Profit 2: 1.34860
Take-Profit 3: 1.35060

📊3:1 Risk Reward 📊",2026-09-21T19:28:38Z,,
@FREESIGNALSTOTRADEBYLENNART,60249,2026-09-21T16:10:28Z,GBPUSD TP1 HIT ✔️,2026-09-21T19:28:38Z,,
@FREESIGNALSTOTRADEBYLENNART,60250,2026-09-21T16:10:28Z,GBPUSD TP2 HIT ✔️✔️,2026-09-21T19:28:38Z,,
@FREESIGNALSTOTRADEBYLENNART,60251,2026-09-21T16:20:29Z,,2026-09-21T19:28:38Z,,
@FREESIGNALSTOTRADEBYLENNART,60252,2026-09-21T16:20:29Z,Leute.. einfach schon wieder TP2 🔥,2026-09-21T19:28:38Z,,
@FREESIGNALSTOTRADEBYLENNART,60253,2026-09-21T16:20:29Z,Und du schaust immer noch zu?,2026-09-21T19:28:38Z,,
@FREESIGNALSTOTRADEBYLENNART,60254,2026-09-21T16:20:29Z,Schreibe mir jetzt eine Nachricht. Ich zeige dir persönlich wie es funktioniert. Du benötigst keine Vorerfahrung 👉@S2TSupport,2026-09-21T19:28:38Z,,
@FREESIGNALSTOTRADEBYLENNART,60255,2026-09-21T16:35:25Z,"Noch nicht mal alles mitgenommen…💵

6139€ Offene Position
86€ Bereits geschlossen

Heute schon mehr verdient als die meisten in 2 Monaten.
Und das Beste? Morgen geht’s weiter 📈

📬Schreib uns jetzt @S2TSupport",2026-09-21T19:28:38Z,,
@FREESIGNALSTOTRADEBYLENNART,60256,2026-09-21T16:35:25Z,,2026-09-21T19:28:38Z,,
@FREESIGNALSTOTRADEBYLENNART,60257,2026-09-21T16:40:29Z,"🚨Lennart Analysiert: US DOLLAR - wichtige Level und Vorhersagen🚨

Schau dir exklusiv an wie ein Profi-Trader den Markt sieht. 

Nutze die kostenlose Analyse um davon zu profitieren 📈

Du willst lernen wie du selbst den Markt verstehen kannst? 
📲 Schreib @S2TSupport",2026-09-21T19:28:38Z,,
@FREESIGNALSTOTRADEBYLENNART,60258,2026-09-21T17:00:08Z,"❌ Raus aus dem 9to5 Projekt ❌

Was geht, Leute? Ich starte etwas Neues: Ein exklusives 1-zu-1-Mentorship-Projekt. Das Ziel ist klar: Wir bauen gemeinsam dein Trading so auf, dass du ein stabiles Nebeneinkommen von 2.000€ pro Monat erreichst.

Du brauchst:
✔️ Disziplin
✔️ 1.000€ Startkapital
✔️ Durchhaltevermögen

Ich nehme nur 10 Leute auf, die es wirklich ernst meinen und bereit sind, den Weg mit mir zu gehen. 

Wenn du dabei sein willst, schreib ""MENTOR"" an @S2TSupport",2026-09-21T19:28:38Z,,
@FREESIGNALSTOTRADEBYLENNART,60259,2026-09-21T17:00:09Z,,2026-09-21T19:28:38Z,,
@FREESIGNALSTOTRADEBYLENNART,60260,2026-09-21T17:09:24Z,,2026-09-21T19:28:38Z,,
@FREESIGNALSTOTRADEBYLENNART,60261,2026-09-21T17:40:20Z,3...,2026-09-21T19:28:38Z,,
@FREESIGNALSTOTRADEBYLENNART,60262,2026-09-21T17:57:31Z,,2026-09-21T19:28:38Z,,
@FREESIGNALSTOTRADEBYLENNART,60263,2026-09-21T18:02:31Z,2... (Wenn du jetzt zögerst willst du es nicht wirklich),2026-09-21T19:28:38Z,,
@FREESIGNALSTOTRADEBYLENNART,60264,2026-09-21T18:20:29Z,1... ALLERLETZTER PLATZ. Deine Zukunft wartet nicht.,2026-09-21T19:28:38Z,,
@FREESIGNALSTOTRADEBYLENNART,60265,2026-09-21T18:40:26Z,🔒 GESCHLOSSEN. Das Team ist komplett. Glückwunsch an alle die sich entschieden haben. Ihr habt die richtige finanzielle Entscheidung getroffen.,2026-09-21T19:28:38Z,,
@FREESIGNALSTOTRADEBYLENNART,60266,2026-09-21T18:50:23Z,"Sehr starker Tag heute und wir sind noch mittendrin 💵

Aktuell stehen unsere offenen Trades bei +4858€ 

TradingView-Chart zeigt exakt, wie wir das aufgebaut haben.

Und du? Hängst im Job fest und wartest auf den Monatslohn, während hier das 2–3-Fache einfach weiterläuft 📈

Geduld ist entscheidend aber noch wichtiger ist: endlich mal loszulegen.

📲Schreib @S2TSupport, wenn du solche Zahlen auch auf deinem Handy sehen willst.",2026-09-21T19:28:38Z,,
@FREESIGNALSTOTRADEBYLENNART,60267,2026-09-21T18:50:23Z,,2026-09-21T19:28:38Z,,
@FREESIGNALSTOTRADEBYLENNART,60268,2026-09-21T19:22:55Z,"⚠️Bei den folgenden Nachrichten handelt es sich um ein Ergebnis aus unserer Premium Gruppe, nicht um ein umzusetzendes Signal⚠️",2026-09-21T19:28:38Z,,
@FREESIGNALSTOTRADEBYLENNART,60269,2026-09-21T19:27:08Z,"🚀GBPUSD - BUY🚀

Entry: 1.34523

Stopp-Loss: 1.34323

Take-Profit 1: 1.34623
Take-Profit 2: 1.34723
Take-Profit 3: 1.35123

📊3:1 Risk Reward 📊",2026-09-21T19:28:38Z,,
@FREESIGNALSTOTRADEBYLENNART,60270,2026-09-21T19:27:08Z,GBPUSD TP1 HIT ✔️,2026-09-21T19:28:38Z,,
@FREESIGNALSTOTRADEBYLENNART,60271,2026-09-21T19:27:17Z,,2026-09-21T19:28:38Z,,
@FREESIGNALSTOTRADEBYLENNART,60272,2026-09-21T19:27:17Z,BOOM 💥 TP1 ist erreicht!,2026-09-21T19:28:38Z,,
@FREESIGNALSTOTRADEBYLENNART,60273,2026-09-21T19:27:18Z,Der Markt läuft genau wie geplant und das ist erst der Anfang! TP2 ist nicht mehr weit. Die Geduldigen werden belohnt 💵,2026-09-21T19:28:38Z,,
@FREESIGNALSTOTRADEBYLENNART,60274,2026-09-21T19:27:18Z,Schreib @S2TSupport und komm in die VIP Gruppe wenn du dabei sein willst!,2026-09-21T19:28:38Z,,
@REALNATEFXC,5099,2026-09-21T15:35:31Z,,2026-09-21T19:28:40Z,2026-09-21T15:37:56Z,
@REALNATEFXC,5100,2026-09-21T15:36:54Z,Last month 10k profit,2026-09-21T19:28:40Z,2026-09-21T15:37:57Z,
@REALNATEFXC,5101,2026-09-21T15:36:54Z,,2026-09-21T19:28:40Z,,
@REALNATEFXC,5102,2026-09-21T16:05:08Z,Last month 10k profit,2026-09-21T19:28:40Z,2026-09-21T16:06:45Z,
@REALNATEFXC,5103,2026-09-21T16:05:08Z,,2026-09-21T19:28:40Z,,
@REALNATEFXC,5104,2026-09-21T17:55:14Z,"Still waiting around in here?

what are you waiting for? PREMIUM is completely FREE & MORE TRADES

FOR FREE PREMIUM ACCESS MESSAGE HERE",2026-09-21T19:28:40Z,2026-09-21T18:00:28Z,
@TRADINGCENTRALGLOBAL,53717,2026-09-21T14:15:16Z,"So, just like every trade… I shared the analysis of the trade that I just sent to my private community ✅

I always do these using my POV, to really show you how I look at the markets while using simple terms.

We put the trade in to our account and now we just wait.

In this 2-minute video, I reveal the entry, the stoploss and the take profit (so basically the trade).

If you want the entire video sent to you in DM, then just send me the word “VIDEO” & I’ll send it to you for free:
💬 @tradingcentralhelpdesk",2026-09-21T19:28:43Z,2026-09-21T14:15:17Z,
@TRADINGCENTRALGLOBAL,53718,2026-09-21T16:59:01Z,,2026-09-21T19:28:43Z,2026-09-21T16:59:08Z,
@TRADINGCENTRALGLOBAL,53719,2026-09-21T17:05:20Z,If we get 100 “❤️” I’ll share the limit order in this channel,2026-09-21T19:28:43Z,2026-09-21T17:05:29Z,
@TRADINGCENTRALGLOBAL,53720,2026-09-21T18:09:14Z,,2026-09-21T19:28:43Z,2026-09-21T18:09:18Z,
@fxtradingvision,85866,2026-09-21T17:40:22Z,"If you are not daytrading yet, now is your time to start. People are making monthly salaries in a day.

YOU CAN DO THIS AS WELL",2026-09-21T22:47:11Z,2026-09-21T20:57:06Z,
@fxtradingvision,85876,2026-09-21T19:37:01Z,"Discipline > Motivation

Even I am not motivated to go on the charts every single day. But I’m disciplined enough to turn up and always keep my goals in mind.

That’s how you become successful.",2026-09-21T22:47:11Z,2026-09-21T19:37:01Z,
@fxtradingvision,85877,2026-09-21T20:57:01Z,Complete the four steps below and gain instant access to the VIP 🩵,2026-09-21T22:47:11Z,2026-09-21T22:01:27Z,
@fxtradingvision,85878,2026-09-21T21:25:41Z,BE READY FOR THE DISCOUNT OF THE YEAR TOMORROW!,2026-09-21T22:47:11Z,2026-09-21T21:25:43Z,
@fxtradingvision,85879,2026-09-21T22:01:20Z,"TODAY'S RESULTS IN MY VIP GROUP
September 21, 2026

📊 Trades shared: 17
✅ Win: 15
❌ Loss: 2

>> Win-ratio: 88.2%

TOMORROW WE GO AGAIN! What an incredible day for the VIP community 🔥
Don't miss the action! Just send me a personal message and I'll help you to get inside the VIP for free 👇🏼

🔵 CLICK HERE to be onboarded to the VIP (FREE) 🤝",2026-09-21T22:47:11Z,2026-09-21T22:01:21Z,
@WOLFXSIGNALS_FREEGROUP,11690,2026-09-21T21:39:21Z,"❗️❗️❗️❗️❗️❗️❗️❗️❗️

➜ We built the Copytrading Service to avoid manual trading.

🤖 100% FULLY AUTOMATED✅

——————————————————
🖐️Why this is our Best Service?

✅ Gets connected in 5 minutes.
✅ No waiting for signals.
✅ We do all the work for you.
✅ Choose the risk level you want.
✅ Verified track-record by Myfxbook.

                            ⬇️

               👉 START NOW 👈


  🚫 Only available for VIP Clients 🚫",2026-09-21T22:47:16Z,,
@WOLFXSIGNALS_FREEGROUP,11691,2026-09-21T21:39:21Z,,2026-09-21T22:47:16Z,,
@FXFARO_FREEGROUP,13610,2026-09-21T20:22:45Z,"8 PEOPLE HAVE ALREADY CLAIMED THE FUNDED PACKAGE TODAY. 🤯🔥

That means only 2 SPOTS are left.

And remember why this offer is different:

Our normal funded management profit share is 25%.

SPECIAL OFFER: ONLY 6%.

Challenge passing + lifetime funded management with just 6% profit share.

8 people moved fast and secured it.

ONLY 2 SPOTS LEFT. 👀

Once they’re taken, this special 6% offer closes.

Message me: FUNDED 🔥 @fxfarp",2026-09-21T22:47:18Z,2026-09-21T20:22:46Z,
@FXFARO_FREEGROUP,13611,2026-09-21T20:31:27Z,"BTCUSD > OUR 2 ENTRIES FROM TODAY WILL HIT TP SOON.

+240PIPS.
+260PIPS.",2026-09-21T22:47:18Z,2026-09-21T20:31:28Z,
@FXFARO_FREEGROUP,13612,2026-09-21T21:19:58Z,"EXTREMELY SUCCESSFUL MONDAY INSIDE VIP. 🔥

Great way to start the trading week.

But today is DONE.

I’m already preparing my analysis for TOMORROW:

Key zones.
Market direction.
Potential setups.
News to watch.

And don’t forget to do the same yourself.

Don’t wake up tomorrow and start randomly looking for trades.

WEEKDAYS ARE FOR EXECUTION.

THE NIGHT BEFORE IS FOR PREPARATION. 👀🔥 @fxfaro",2026-09-21T22:47:18Z,2026-09-21T21:19:58Z,
@TAURUSTRADERSSIGNALE,39855,2026-09-21T19:47:01Z,"Disziplin > Motivation

Selbst ich bin nicht jeden einzelnen Tag motiviert, mich an die Charts zu setzen. Aber ich bin diszipliniert genug, trotzdem dranzubleiben und meine Ziele immer im Blick zu behalten.

So wird man erfolgreich.",2026-09-21T22:47:23Z,,
@TAURUSTRADERSSIGNALE,39856,2026-09-21T20:24:01Z,"Führe die vier folgenden Schritte aus und erhalte sofort Zugang zum VIP 🩵

1️⃣ Registriere dich über unseren Partner-Broker/unseren Partner-Börsenanbieter über unseren Link (schreib eine DM, um ihn zu erhalten)
👉🏻 @MaxTaurusFX 

2️⃣ Bestätige deine Registrierung.

3️⃣ Zahle mindestens 350 € auf dein Konto ein.

4️⃣ Genieße den VIP-Zugang mit Premium-Signalen & meinem vollständigen Trading-Kurs.

Der VIP-Zugang ist lebenslang 100 % kostenlos ⚡️🔒",2026-09-21T22:47:23Z,,
@FREESIGNALSTOTRADEBYLENNART,60275,2026-09-21T19:40:20Z,Professioneller Ansatz und leicht verständliche Setups! 📊,2026-09-21T22:47:26Z,,
@FREESIGNALSTOTRADEBYLENNART,60276,2026-09-21T19:50:15Z,"Ergebnisse die für sich sprechen 🔥

Ein weiteres starkes Feedback nach einem profitablen Tag.
Der Plan wurde sauber umgesetzt das Setup hat wieder mal abgeliefert 🎯

Die Plätze in der VIP Gruppe sind limitiert und mit jedem erfolgreichen Tag steigt die Nachfrage 📈

Sichere dir deinen Zugang 👉 @S2TSupport",2026-09-21T22:47:26Z,,
@FREESIGNALSTOTRADEBYLENNART,60277,2026-09-21T19:52:04Z,"2 Wochen Profite - So sieht S2T VIP aus 📈

Die Ergebnisse sind unanfechtbar, die Mitglieder der VIP Community haben die letzten Wochen profitiert. 🔥

Du siehst wie die performance aussieht. Im Free-Channel bekommst du einen Einblick, aber die echten Vorteile sind im VIP.

📲Wenn du auch solche Ergebnisse auf dem PnL sehen willst dann schreib uns",2026-09-21T22:47:26Z,,
@FREESIGNALSTOTRADEBYLENNART,60278,2026-09-21T20:05:04Z,"✔️Trustpilot Feedback✔️

Die positiven Erfahrungen meiner Community auf Trustpilot sprechen Bände: Im S2T VIP-Channel verschmelzen fundiertes Marktverständnis und absolut transparente Trading-Ergebnisse zu einem unschlagbaren Erfolgsrezept – und das direkt aus meinem persönlichen Trading-Alltag 

Exklusivität ist mein Schlüssel zum Erfolg der Zugang zu meinem VIP-Channel ist limitiert, damit nur echte, engagierte Trader dabei sind, die sich ihren Wettbewerbsvorteil sichern wollen.

Bist du bereit, gemeinsam mit mir den nächsten Schritt zu gehen und kontinuierliche Trading-Erfolge zu feiern?

📲Dann zögere nicht und schreib @S2TSupport",2026-09-21T22:47:26Z,,
@FREESIGNALSTOTRADEBYLENNART,60279,2026-09-21T20:22:04Z,,2026-09-21T22:47:26Z,,
@FREESIGNALSTOTRADEBYLENNART,60280,2026-09-21T20:32:30Z,"Nicht jeder Trade muss im Plus landen aber jeder Trade sollte abgesichert sein 💵

Wichtigste Regel im Trading. Niemals ohne Stop Loss traden!!

Gestern gab der Markt uns ein Setup welches nicht ganz aufging aber wir sind dem Plan gefolgt und sind sauber auf Break Even ausgestiegen. Bei uns bekommst du immer Trades mit System und das ganze sogar kostenlos 🔥

Schreib mir jetzt und ich zeige dir wie 📱@S2TSupport",2026-09-21T22:47:26Z,,
@FREESIGNALSTOTRADEBYLENNART,60281,2026-09-21T20:45:22Z,"🎯 So eine Hitrate ist nur mit einem richtigen System möglich 🎯

Anstatt zuzuschauen kannst du das auch nutzen. Wie würde dein Leben aussehen wenn 9/10 deiner Trades sich ausspielen würden?

➡️@S2TSupport",2026-09-21T22:47:26Z,,
@FREESIGNALSTOTRADEBYLENNART,60282,2026-09-21T21:04:38Z,"Herzlichen Glückwunsch an alle die dabei sind und direkt gut in die Woche starten! 🔥

Wenn auch du mehr willst als die ganze Zeit nur zuzuschauen dann melde dich jetzt hier bei unserem Support um ebenfalls in die VIP Gruppe zu kommen.

📱@S2TSupport",2026-09-21T22:47:26Z,,
@FREESIGNALSTOTRADEBYLENNART,60283,2026-09-21T22:36:05Z,,2026-09-21T22:47:26Z,,
@phenexbillions,7093,2026-09-21T23:06:48Z,Dankeee 🙏❤️,2026-09-22T01:20:15Z,,
@fxtradingvision,85879,2026-09-21T22:01:20Z,"TODAY'S RESULTS IN MY VIP GROUP
September 21, 2026

📊 Trades shared: 17
✅ Win: 15
❌ Loss: 2

>> Win-ratio: 88.2%

TOMORROW WE GO AGAIN! What an incredible day for the VIP community 🔥",2026-09-22T06:20:09Z,2026-09-22T03:04:06Z,
@fxtradingvision,85880,2026-09-22T02:47:01Z,"Good morning legends ❤️ another day where we have the opportunity to improve ourselves 

Make sure to get out there and do something!",2026-09-22T06:20:09Z,2026-09-22T02:47:01Z,
@fxtradingvision,85881,2026-09-22T02:52:01Z,Ugur copied my GOLD trades in the VIP and made €461 profit yesterday 💸,2026-09-22T06:20:09Z,2026-09-22T02:52:01Z,
@fxtradingvision,85882,2026-09-22T02:52:01Z,,2026-09-22T06:20:09Z,,
@fxtradingvision,85883,2026-09-22T02:56:01Z,Lock in so you can get the same results buddy,2026-09-22T06:20:09Z,2026-09-22T02:56:02Z,
@fxtradingvision,85885,2026-09-22T03:58:01Z,,2026-09-22T06:20:09Z,2026-09-22T03:58:01Z,
@fxtradingvision,85886,2026-09-22T04:27:01Z,"I SEE A VERY INTERESTING SETUP FORMING RIGHT NOW 🤭🤭 time to make moneyyy 

Who is with me?!",2026-09-22T06:20:09Z,2026-09-22T04:27:02Z,
@fxtradingvision,85887,2026-09-22T04:48:01Z,Dorian copied my GOLD trades in the VIP and made €800 profit yesterday 💸,2026-09-22T06:20:09Z,2026-09-22T04:48:02Z,
@fxtradingvision,85888,2026-09-22T04:48:01Z,,2026-09-22T06:20:09Z,,
@fxtradingvision,85889,2026-09-22T05:00:11Z,"YESTERDAY'S RESULTS IN MY VIP GROUP
September 21, 2026

📊 Trades shared: 16
✅ Win: 15
❌ Loss: 1

>> Win-ratio: 93.8%

And guess what? Today is going to be even better! I'm already at the charts preparing the next setups for my VIP community 🚀",2026-09-22T06:20:09Z,2026-09-22T06:19:06Z,
@fxtradingvision,85890,2026-09-22T05:53:01Z,,2026-09-22T06:20:09Z,2026-09-22T05:53:02Z,
@fxtradingvision,85891,2026-09-22T06:19:01Z,"GUYS I’m sharing the next trade into my VIP within the next 30 minutes ⏳

So that means you won’t get it into this free channel (sorry) but ONLY in my VIP ‼️

But here is the good part: You can get inside it (for free) before the trade is shared… So if you are ready to take this step & copy all my trades TODAY, click the link below and I will send you the instructions 👇🏻👇🏻

CLICK HERE TO CLAIM YOUR SPOT & UNLOCK ALL THE TRADES",2026-09-22T06:20:09Z,2026-09-22T06:19:01Z,
@FXFARO_FREEGROUP,13613,2026-09-22T06:02:58Z,"📅 IT’S TUESDAY — this is usually when market volume really starts picking up. 👀🔥

We already prepared our setups last night.

Now we’re simply waiting for the FINAL confirmations.

No guessing.
No forcing trades.
No random entries.

Only high-probability setups that match the plan.

STAY READY. 📈🔥

@fxfaro",2026-09-22T06:20:16Z,2026-09-22T06:02:58Z,
@TAURUSTRADERSSIGNALE,39857,2026-09-22T02:45:11Z,"Guuuten Morgen, Trader! Es ist ein wunderschöner Dienstag – Zeit, wieder an die Chartssss zu gehen 📊",2026-09-22T06:20:21Z,2026-09-22T02:52:47Z,
@TAURUSTRADERSSIGNALE,39858,2026-09-22T03:23:01Z,"Seht ihr meine Konsequenz? Ich stehe jeden Tag zur gleichen Zeit auf, erledige meine Routine und setze mich danach an die Charts.

Das ist es, was mich erfolgreich gemacht hat. Ich weiß, dass viele von euch jetzt aufstehen, um zu eurem 9-to-5-Job zu gehen, und auch dafür braucht man Konsequenz, Leute – damit habt ihr bereits den ersten Kampf gewonnen.

Jetzt fangt an, nach Möglichkeiten zu suchen, nebenbei etwas zu machen (Trading in meinem VIP ist bereits mit nur 15–20 Minuten pro Tag möglich), und ihr werdet überrascht sein, wie schnell sich die Dinge entwickeln können.

Wenn ihr HEUTE mit dem Trading beginnen möchtet, klickt unbedingt auf den Link unten und sendet mir eine private Nachricht 🤝 Ich werde euch persönlich dabei helfen.

>>> Klickt hier, um mir eine DM zu senden und JETZT zu starten 🤝",2026-09-22T06:20:21Z,,
@TAURUSTRADERSSIGNALE,39859,2026-09-22T04:46:01Z,"Wenn du jetzt auf dem Weg zu deinem normalen Job bist, ein großes Lob an dich.

Mach weiter und sorge für deine Familie. Eines Tages wird alles, was du verdienst, seinen Weg zu dir finden. Wir haben genau an derselben Stelle angefangen.",2026-09-22T06:20:21Z,2026-09-22T04:57:41Z,
@TAURUSTRADERSSIGNALE,39860,2026-09-22T05:08:01Z,,2026-09-22T06:20:21Z,2026-09-22T05:52:44Z,
@TAURUSTRADERSSIGNALE,39861,2026-09-22T06:16:01Z,,2026-09-22T06:20:21Z,,
@FREESIGNALSTOTRADEBYLENNART,60284,2026-09-22T02:00:41Z,"📊 Dienstag 22. September 📊

Gestern war stark und heute heißt es das Niveau zu halten.
Dienstag ist oft der Tag  an dem die meisten ungeduldig werden. 

Doch wir nicht! Wir bleiben bei dem was funktioniert und lassen den Markt zu uns kommen.

Jeden Tag 1 % besser 🏆",2026-09-22T06:20:24Z,,
@FREESIGNALSTOTRADEBYLENNART,60285,2026-09-22T03:15:09Z,,2026-09-22T06:20:24Z,,
@FREESIGNALSTOTRADEBYLENNART,60286,2026-09-22T03:25:07Z,✍️ schreibt gerade...,2026-09-22T06:20:24Z,,
@FREESIGNALSTOTRADEBYLENNART,60287,2026-09-22T03:25:07Z,Diese Nachricht von Joel zeigt genau was ich mit dieser Community meine. Gegenseitiger Support und gemeinsamer Erfolg. Das ist die Mission. Danke für dein Vertrauen! 🤝,2026-09-22T06:20:24Z,,
@FREESIGNALSTOTRADEBYLENNART,60288,2026-09-22T03:25:07Z,"Schreib ""START"" für meine kostenlosen Signale.",2026-09-22T06:20:24Z,,
@FREESIGNALSTOTRADEBYLENNART,60289,2026-09-22T03:25:07Z,Bitte nimm niemand anderem den Platz weg wenn du das Geld nur für BULLSHIT ausgibst ❌,2026-09-22T06:20:24Z,,
@FREESIGNALSTOTRADEBYLENNART,60290,2026-09-22T03:25:07Z,Liest du überhaupt mit? 🤫,2026-09-22T06:20:24Z,,
@FREESIGNALSTOTRADEBYLENNART,60291,2026-09-22T03:40:10Z,"Freunde...das war heute morgen mein Büro und Trading hat es möglich gemacht 💯

Du wirst sehen, es ist viel leichter als du denkst. Ich bin heute nur hier weil ich damals die Entscheidung getroffen habe mich mit Trading zu beschäftigen und habe einfach nicht aufgegeben. Rückblickend war das die beste Entscheidung meines Lebens! 💵

Schreib mir 👉 @S2TSupport wenn du auch endlich ein Leben in Freiheit möchtest!",2026-09-22T06:20:24Z,,
@FREESIGNALSTOTRADEBYLENNART,60292,2026-09-22T04:34:08Z,"⭐️ Erfolge aus unserer VIP Community ⭐️

Danke für dein Feedback! Das zeigt dass wir auf dem richtigen Weg sind. Wir geben jeden Tag gas um dir starke Signale, Struktur und Ergebnisse zu liefern.

Weiter so S2T Community. Gemeinsam wachsen wir weiter.
👉@S2TSupport",2026-09-22T06:20:24Z,,
@FREESIGNALSTOTRADEBYLENNART,60293,2026-09-22T06:01:25Z,"Ihr wisst, wie profitabel US DOLLAR für uns war 🚀

Die komplette Historie und alle Video-Analysen zu unseren größten Gewinnern findet ihr auf meinem YouTube-Kanal.

KLICK HIER UM DIR DIE ANALYSEN ANZUSCHAUEN

Dort seht ihr, dass das kein Zufall ist, sondern das Ergebnis eines Systems, das sich immer wieder bewährt. 🔥

Wenn du auch von diesen Analysen kostenlos profitieren willst schreib ""VIP"" an @S2TSupport",2026-09-22T06:20:24Z,,
@TRADINGCENTRALGLOBAL,53721,2026-09-22T04:59:01Z,"I remember posting that’s it’s a new week & now it’s already Tuesday; 4th Tuesday of September… time is 🛫

Good morning everyone, we are going to crush it today.

My private community never misses out, because they get the limit order before the move happens.

Now, I’m about to rinse and repeat. Sending the POV analysis & first limit order of the day in my private community in a bit 

Listen closely…👇",2026-09-22T06:20:29Z,2026-09-22T04:59:08Z,
@TRADINGCENTRALGLOBAL,53722,2026-09-22T05:05:04Z,,2026-09-22T06:20:29Z,2026-09-22T05:05:09Z,
@TRADINGCENTRALGLOBAL,53723,2026-09-22T05:10:09Z,💬 CLICK HERE TO ALSO GET LIMIT ORDERS FOR FREE IN MY PRIVATE COMMUNITY,2026-09-22T06:20:29Z,2026-09-22T05:10:18Z,
@fxtradingvision,85891,2026-09-22T06:19:01Z,"GUYS I’m sharing the next trade into my VIP within the next 30 minutes ⏳

So that means you won’t get it into this free channel (sorry) but ONLY in my VIP ‼️",2026-09-22T11:49:09Z,2026-09-22T07:56:06Z,
@fxtradingvision,85892,2026-09-22T06:26:01Z,Now is the time to get started,2026-09-22T11:49:09Z,2026-09-22T06:26:01Z,
@fxtradingvision,85893,2026-09-22T06:29:01Z,Only if you’re serious of course I don’t have time for people that don’t want to improve their lives,2026-09-22T11:49:09Z,2026-09-22T06:29:01Z,
@fxtradingvision,85894,2026-09-22T06:58:01Z,Mitch copied my GOLD trades in the VIP and made €755 profit yesterday 💸,2026-09-22T11:49:09Z,2026-09-22T06:58:01Z,
@fxtradingvision,85895,2026-09-22T06:58:01Z,,2026-09-22T11:49:09Z,,
@fxtradingvision,85896,2026-09-22T07:26:01Z,,2026-09-22T11:49:09Z,2026-09-22T07:26:01Z,
@fxtradingvision,85897,2026-09-22T07:56:01Z,"LET’S GOOOO 

Here is what you unlock in my VIP 👇

✅ 5-6 trading signals daily (FREE)
ℹ️ Beginner trading course (FREE)
✅ 1:1 personal guidance (FREE)
✅ 85% win rate on average (FREE)

Shoot me a DM and I will send you the instructions",2026-09-22T11:49:09Z,2026-09-22T08:34:03Z,
@fxtradingvision,85898,2026-09-22T08:32:45Z,"TODAY IS THE DAY…

BIGGEST F#CKING DISCOUNT EVER. 

All for my little girl.",2026-09-22T11:49:09Z,2026-09-22T08:32:46Z,2026-09-22T15:50:19Z
@fxtradingvision,85899,2026-09-22T08:33:59Z,"THIS WEEK'S RESULTS IN MY VIP GROUP (so far)
Week 39, 2026

📊 Trades shared: 16
✅ Win: 15
❌ Loss: 1

>> Win-ratio: 93.8%

Today we will continue! I expect many more great trades, don't miss it! 🔔

WANT TO COPY ALL MY TRADES? Click the button below to get FREE ACCESS to my VIP 👇🏻",2026-09-22T11:49:09Z,2026-09-22T08:33:59Z,
@fxtradingvision,85900,2026-09-22T08:33:59Z,,2026-09-22T11:49:09Z,,
@fxtradingvision,85901,2026-09-22T08:57:38Z,Open gold sells,2026-09-22T11:49:09Z,2026-09-22T08:57:39Z,
@fxtradingvision,85902,2026-09-22T08:58:13Z,"NEW TRADE IDEA

XAUUSD SELL 4333

TP 1 4329
TP 2 4328
TP 3 4300

SL @ 4355

Trade accordingly and only trade with money you can afford to LOSE.",2026-09-22T11:49:09Z,2026-09-22T08:58:16Z,
@fxtradingvision,85903,2026-09-22T08:58:59Z,"TP 1 & 2 are BOTH hit ✅

+ 180 pips profit secured as we used double lotsize 🔥🔥🔥

Move your SL back to entry.",2026-09-22T11:49:09Z,2026-09-22T08:59:00Z,
@fxtradingvision,85904,2026-09-22T08:59:08Z,Quick one baby…..,2026-09-22T11:49:09Z,2026-09-22T08:59:08Z,
@fxtradingvision,85905,2026-09-22T09:06:02Z,"Like if you caugh this gold sell at 4333?

The entry was perfectly timed again.",2026-09-22T11:49:09Z,2026-09-22T09:06:02Z,
@fxtradingvision,85906,2026-09-22T09:08:20Z,"This is the first & last time you will see this price. 

Trust me on this one: you will not regret it.",2026-09-22T11:49:09Z,2026-09-22T09:08:21Z,2026-09-22T15:50:19Z
@fxtradingvision,85907,2026-09-22T09:17:55Z,"IT’S ALMOST TIME…..

YOU CAN TRADE WITH A 100K LIVE ACCOUNT THEN….",2026-09-22T11:49:09Z,2026-09-22T09:17:56Z,2026-09-22T15:50:19Z
@fxtradingvision,85908,2026-09-22T09:23:49Z,If you are one of the lucky ones today to get a funded account you will kill Q4!,2026-09-22T11:49:09Z,2026-09-22T09:23:50Z,2026-09-22T15:50:19Z
@fxtradingvision,85909,2026-09-22T09:31:01Z,"COUNTDOWN HAS STARTED 🥳

WE HAVE 1 HOUR & 30 MINUTES LEFT",2026-09-22T11:49:09Z,2026-09-22T09:31:02Z,2026-09-22T15:50:19Z
@fxtradingvision,85910,2026-09-22T09:36:22Z,"Within that time you could potentially change your life by trading on a funded account.

I’m talking about 200K/400K funded accounts completely for yourself.",2026-09-22T11:49:09Z,2026-09-22T09:36:23Z,2026-09-22T15:50:19Z
@fxtradingvision,85911,2026-09-22T09:51:55Z,,2026-09-22T11:49:09Z,2026-09-22T09:51:56Z,2026-09-22T15:50:19Z
@fxtradingvision,85912,2026-09-22T09:53:25Z,IF I SEE ENOUGH VOTES I WILL ADD SOMETHING AS AN EXTRA GIFT FOR YOU GUYS ⚠️,2026-09-22T11:49:09Z,2026-09-22T09:53:26Z,2026-09-22T15:50:19Z
@fxtradingvision,85913,2026-09-22T10:06:16Z,I NEED TO SEE MORE VOTES!! WHERE IS YOUR ENERGY…,2026-09-22T11:49:09Z,2026-09-22T10:06:17Z,2026-09-22T15:50:19Z
@fxtradingvision,85914,2026-09-22T10:07:47Z,"It will be the biggest discount you will ever get.

247,- for the passing only… can’t be any cheaper than that really.

If you STILL don’t take action after today, you will be leaving some serious money on the table.",2026-09-22T11:49:09Z,2026-09-22T10:07:48Z,2026-09-22T15:50:19Z
@fxtradingvision,85915,2026-09-22T10:15:01Z,"🔴45 MINUTES LEFT…

Do it for my little girl. Funded accounts changed our lives.

Yours is next.",2026-09-22T11:49:09Z,2026-09-22T10:15:01Z,2026-09-22T15:50:19Z
@fxtradingvision,85916,2026-09-22T10:22:33Z,"Yea a funded account you will have 100 times your balance…

So instead of 0.01 - 0.02 lots you can use WAYYYY higher lots. 

Why? ; you have capital up to 200K that’s been provided by the propfirm.",2026-09-22T11:49:09Z,2026-09-22T10:22:36Z,2026-09-22T15:50:19Z
@fxtradingvision,85917,2026-09-22T10:24:01Z,"Let me show you what one of our member achieved with a funded account… He started with losses in his trading career and took a risk to change his life.

Look at what he did in a month.  ONLY 6% on a 200K account…",2026-09-22T11:49:09Z,2026-09-22T10:24:02Z,2026-09-22T15:50:19Z
@fxtradingvision,85918,2026-09-22T10:24:43Z,"It’s F#CKING life changing… 1 good month all he needs to recover alll the loses he made in the past.

THATS THE POWER‼️",2026-09-22T11:49:09Z,2026-09-22T10:24:45Z,2026-09-22T15:50:19Z
@fxtradingvision,85919,2026-09-22T10:30:20Z,"🔴30 MINUTES LEFT….

IM SO EXCITED TO SHARE THIS OPPORTUNITY WITH YOU FAMILY!!",2026-09-22T11:49:09Z,2026-09-22T10:30:21Z,2026-09-22T15:50:19Z
@fxtradingvision,85920,2026-09-22T10:31:18Z,LET ME EXPLAIN HOW A FUNDED ACCOUNT WORKS IN THE MEANTIME.,2026-09-22T11:49:09Z,2026-09-22T10:31:18Z,2026-09-22T15:50:19Z
@fxtradingvision,85921,2026-09-22T10:31:37Z,"Okay no need to spam my inbox READ THIS👇👇👇

🟢FUNDED ACCOUNTS- How it REALLY works

Let me break it down fast 👇

✅Trade with $100K–$200K capital
✅Risk ZERO of your own money
✅We pass the challenge 100% done-for-you
✅You’re trading live in 24h
✅Earn up to 90% profit share
✅Lose? The prop firm takes the loss, not you

It’s just real capital ready to scale your trades fast.

No experience needed, We set it all up for you",2026-09-22T11:49:09Z,2026-09-22T10:31:39Z,2026-09-22T15:50:19Z
@fxtradingvision,85922,2026-09-22T10:34:08Z,Happy birthday for your daughter Mike!!!! 🔥🎉🥳,2026-09-22T11:49:09Z,2026-09-22T10:34:08Z,2026-09-22T15:50:19Z
@fxtradingvision,85923,2026-09-22T10:34:08Z,Happy birthday to your daughter! ❤️,2026-09-22T11:49:09Z,2026-09-22T10:34:08Z,2026-09-22T15:50:19Z
@fxtradingvision,85924,2026-09-22T10:34:08Z,Congratulations 🎉,2026-09-22T11:49:09Z,2026-09-22T10:34:08Z,2026-09-22T15:50:19Z
@fxtradingvision,85925,2026-09-22T10:34:08Z,Hey bro! Advance wishes for the little girl. Happy birthday 🎂,2026-09-22T11:49:09Z,2026-09-22T10:34:08Z,2026-09-22T15:50:19Z
@fxtradingvision,85926,2026-09-22T10:34:08Z,"Hi Mike, i saw the message and i want to say happy birthday to your little girl ❤️ wish you all the best🍀❤️",2026-09-22T11:49:09Z,2026-09-22T10:34:08Z,2026-09-22T15:50:19Z
@fxtradingvision,85927,2026-09-22T10:34:08Z,Best dad in the world 🤗,2026-09-22T11:49:09Z,2026-09-22T10:34:08Z,2026-09-22T15:50:19Z
@fxtradingvision,85928,2026-09-22T10:34:51Z,"Thank you to each one of you… it means a lot for me. 

If you truly want to celebrate today’s birthday with me take your spot.",2026-09-22T11:49:09Z,2026-09-22T10:34:52Z,2026-09-22T15:50:19Z
@fxtradingvision,85929,2026-09-22T10:37:38Z,I would like to have such an account 🥳,2026-09-22T11:49:09Z,2026-09-22T10:37:39Z,2026-09-22T15:50:19Z
@fxtradingvision,85930,2026-09-22T10:37:38Z,I would like to have such an account 🥳,2026-09-22T11:49:09Z,2026-09-22T10:37:39Z,2026-09-22T15:50:19Z
@fxtradingvision,85931,2026-09-22T10:40:16Z,"Sup Mike… cool offer man! Can i have two funded accounts ? As i have one already, as u know… can i have this deal as well ?",2026-09-22T11:49:09Z,2026-09-22T10:40:17Z,2026-09-22T15:50:19Z
@fxtradingvision,85932,2026-09-22T10:40:27Z,YES ! You can have multiple funded accounts… that’s no problem at ✌️,2026-09-22T11:49:09Z,2026-09-22T10:40:28Z,2026-09-22T15:50:19Z
@fxtradingvision,85933,2026-09-22T10:50:06Z,"LAST 10 MINUTES…

IT WILL BE GAME TIME.
 
ARE YOU F#CKING READYYYYYY",2026-09-22T11:49:09Z,2026-09-22T10:50:07Z,2026-09-22T15:50:19Z
@fxtradingvision,85934,2026-09-22T10:56:47Z,"People will take action so fast…

These 300 spots will be gone in no time. 

You will regret not taking action after. And I will make NO EXCEPTIONS AFTER TODAYS ROUND.",2026-09-22T11:49:09Z,2026-09-22T10:56:48Z,2026-09-22T15:50:19Z
@fxtradingvision,85935,2026-09-22T11:01:07Z,EVERYONE GET IN HERE NOW‼️‼️,2026-09-22T11:49:09Z,2026-09-22T11:01:07Z,2026-09-22T15:50:19Z
@fxtradingvision,85936,2026-09-22T11:03:31Z,3…,2026-09-22T11:49:09Z,2026-09-22T11:03:32Z,2026-09-22T15:50:19Z
@fxtradingvision,85937,2026-09-22T11:03:31Z,YOU EITHER TAKE IT TODAY OR LOSE THE OPPORTUNITY FOR EVER.,2026-09-22T11:49:09Z,2026-09-22T11:03:32Z,2026-09-22T15:50:19Z
@fxtradingvision,85938,2026-09-22T11:03:31Z,2..,2026-09-22T11:49:09Z,2026-09-22T11:03:32Z,2026-09-22T15:50:19Z
@fxtradingvision,85939,2026-09-22T11:04:21Z,1…,2026-09-22T11:49:09Z,2026-09-22T11:04:21Z,2026-09-22T15:50:19Z
@fxtradingvision,85940,2026-09-22T11:04:25Z,ARE YOU HEREEE,2026-09-22T11:49:09Z,2026-09-22T11:04:26Z,2026-09-22T15:50:19Z
@fxtradingvision,85941,2026-09-22T11:05:03Z,"⚡️⚡️⚡️⚡️  BIGGEST FUNDED ACCOUNT PASSING DISCOUNT EVER 

247 instead of €1.997

⚠️ €1.750 OFF | 100% Guaranteed Pass

👇Secure yours now: 

https://buy.stripe.com/3cIbJ3cs46Mx0mW93R4AU0U",2026-09-22T11:49:09Z,2026-09-22T11:05:10Z,2026-09-22T15:50:19Z
@fxtradingvision,85942,2026-09-22T11:09:26Z,I bought two account passings.,2026-09-22T11:49:09Z,2026-09-22T11:09:27Z,2026-09-22T15:50:19Z
@fxtradingvision,85943,2026-09-22T11:10:07Z,"Claiming multiple spots and stashing…

Smart move 🤫",2026-09-22T11:49:09Z,2026-09-22T11:10:08Z,2026-09-22T15:50:19Z
@fxtradingvision,85944,2026-09-22T11:23:21Z,"OHHHHH MY GOD….

OVER 137 SPOTS HAVE BEEN CLAIMED…

THIS IS NO JOKE.",2026-09-22T11:49:09Z,2026-09-22T11:23:22Z,2026-09-22T15:50:19Z
@fxtradingvision,85945,2026-09-22T11:24:54Z,"Finally people are awake and taking action 

People with balls, you guys will level up in life others will stay behind.

LETS F#CKING GO",2026-09-22T11:49:09Z,2026-09-22T11:24:56Z,2026-09-22T15:50:19Z
@fxtradingvision,85946,2026-09-22T11:25:21Z,"⚡️⚡️⚡️⚡️  BIGGEST FUNDED ACCOUNT PASSING DISCOUNT EVER 

247 instead of €1.997

⚠️ €1.750 OFF | 100% Guaranteed Pass

👇Secure yours now: 

https://buy.stripe.com/3cIbJ3cs46Mx0mW93R4AU0U",2026-09-22T11:49:09Z,2026-09-22T11:25:21Z,2026-09-22T15:50:19Z
@fxtradingvision,85947,2026-09-22T11:35:52Z,"27 MORE GONE…

This a moment where you need to ask yourself this: 

Am I too scared to take action or what’s holding you back ?",2026-09-22T11:49:09Z,2026-09-22T11:35:53Z,2026-09-22T15:50:19Z
@fxtradingvision,85948,2026-09-22T11:37:54Z,No risk no f#cking story.,2026-09-22T11:49:09Z,2026-09-22T11:37:56Z,2026-09-22T15:50:19Z
@fxtradingvision,85949,2026-09-22T11:45:24Z,ANYONE CLAIMING IT IS A FUCKING LEGEND.,2026-09-22T11:49:09Z,2026-09-22T11:45:26Z,2026-09-22T15:50:19Z
@fxtradingvision,85950,2026-09-22T11:48:12Z,"CLICK HERE IF YOU HAVE THE BALLS TO CLAIM A SPOT 

YOU WILL NEVER GET THIS CHANCE AGAIN.",2026-09-22T11:49:09Z,2026-09-22T11:48:13Z,2026-09-22T15:50:19Z
@phenexbillions,7094,2026-09-22T06:21:14Z,"☕️ Guten Morgen, der Kaffee steht bereit und der Fokus ist gesetzt. Heute geht es darum, Chancen aktiv zu nutzen statt nur zuzuschauen. Wer vorbereitet ist, erkennt Setups früh und setzt sie konsequent um. Trading lebt von Timing, Struktur und klaren Entscheidungen. Jetzt ist der Moment, Profite zu holen.

Wenn du meinen kostenlosen Service nutzen willst und nicht länger nur zuschauen möchtest, schreib mir ""START"".

➡ @billions_vitus",2026-09-22T11:49:11Z,,
@phenexbillions,7095,2026-09-22T08:18:04Z,"TP1 hit, that’s +500 pips 🚀✅

SL nach Belieben auf Break Even…",2026-09-22T11:49:11Z,,
@phenexbillions,7096,2026-09-22T08:18:07Z,"TP2 hit, that’s +1200 pips 🚀✅",2026-09-22T11:49:11Z,,
@phenexbillions,7097,2026-09-22T08:33:50Z,"✅ NEUER PREMIUM TRADE! ✅

Solltest du noch nicht Mitglied meiner VIP Gruppe sein, hast du soeben ein kostenloses Signal verpasst.

Schreib mir jetzt ""START"" und sichere dir deinen kostenlosen Zugang zur VIP mit 2-4 präzisen Signalen am Tag❗️

➡ @billions_vitus",2026-09-22T11:49:11Z,,
@phenexbillions,7098,2026-09-22T08:35:49Z,"TP1 hit, that’s +600 pips 🚀✅

SL nach Belieben auf Break Even…",2026-09-22T11:49:11Z,,
@phenexbillions,7099,2026-09-22T08:38:00Z,"TP2 hit, that’s +1300 pips 🚀✅",2026-09-22T11:49:11Z,,
@phenexbillions,7100,2026-09-22T08:54:08Z,Schaut auf Gold alles zerfetzt 🔥,2026-09-22T11:49:11Z,,
@phenexbillions,7101,2026-09-22T08:54:13Z,"TP3 hit, that’s +2900 pips 🚀✅",2026-09-22T11:49:11Z,,
@phenexbillions,7102,2026-09-22T10:34:19Z,"Hallo Vitus
Danke dir für deine unglaubliche guten Vorgaben 
Habe mir heute den ersten Gewinn von 100€ ausbezahlt 
DANKE Weiter so 🤘",2026-09-22T11:49:11Z,,
@WOLFXSIGNALS_FREEGROUP,11692,2026-09-22T08:54:37Z,,2026-09-22T11:49:14Z,,
@WOLFXSIGNALS_FREEGROUP,11693,2026-09-22T08:54:44Z,,2026-09-22T11:49:14Z,,
@WOLFXSIGNALS_FREEGROUP,11694,2026-09-22T08:54:58Z,"💚💚💚💚💚💚💚💚💚💚💚💚

  ✅✅ SEPT 21 - RESULTS ✅✅

💲 $18,500 ➜ $24,719 cashed 💲


  😯XAUUSD ➡️TAKE PROFIT 3 🟢
   ——Profit Won: +100 PIPS🔥——


👑Our GOLD SIGNALS are the best in the market. Verified Results↗ 🤔

——————————————————
     ❗️❗️❗️❗️❗️❗️❗️❗️❗️❗️

                       ⬇️⬇️⬇️

   👉 REQUEST ACCESS HERE 👈",2026-09-22T11:49:14Z,,
@WOLFXSIGNALS_FREEGROUP,11695,2026-09-22T08:54:58Z,,2026-09-22T11:49:14Z,,
@WOLFXSIGNALS_FREEGROUP,11696,2026-09-22T11:16:04Z,,2026-09-22T11:49:14Z,,
@WOLFXSIGNALS_FREEGROUP,11697,2026-09-22T11:16:15Z,"📆 21 DAYS OF September HAVE GONE THROUGH…

🔥 1090 PIPS IN PROFITS WON SO FAR ON GOLD+FOREX VIP.🔥


✅ 20/22 Signals in profits.
✅ +1900 Members inside.

✅ 37/37 Weeks in profits in 2026.
✅ CopyTrading Service ⭐️
✅ Funded Accounts Service.


💥READY FOR MORE SEPTEMBER?

                              ⬇️

                  👉 JOIN HERE 👈",2026-09-22T11:49:14Z,,
@FXFARO_FREEGROUP,13614,2026-09-22T06:55:58Z,"🚨 Our setups are almost READY.
Markets are moving and we’re just one last confirmation away from sending the first VIP signals. 

These trades can shift your whole week.

⏳ Don’t miss them.
@fxfaro",2026-09-22T11:49:16Z,2026-09-22T06:55:58Z,
@FXFARO_FREEGROUP,13615,2026-09-22T07:31:58Z,"🎯 Master Trading Tip of the Day:
Set your zones and levels before you plan to trade.

In other words — you need a solid trading plan, and more importantly, you need to stick to it ✅
That’s exactly what we do inside the VIP — no random entries, no guessing. Just structure and discipline.

👉 DM @fxfaro if you’re ready to trade like a pro!",2026-09-22T11:49:16Z,2026-09-22T07:31:58Z,
@FXFARO_FREEGROUP,13616,2026-09-22T08:16:24Z,XAUUSD > GOLD IS MELTING!! ALL ENTRIES ARE RUNNING IN DEEP PROFIT.🚨,2026-09-22T11:49:16Z,2026-09-22T08:16:24Z,
@FXFARO_FREEGROUP,13617,2026-09-22T09:14:17Z,BTCUSD > NEW ENTRY IS FLYING AT +60PIPS!🚀,2026-09-22T11:49:16Z,2026-09-22T09:14:17Z,
@TOPNOTCHFOREXFREE,23830,2026-09-22T06:31:45Z,"Good morning, traders! ☕️

I will send the first free GOLD TRADE of the day soon 🔥🥇

Turn on your notifications 🔔",2026-09-22T11:49:19Z,2026-09-22T06:31:45Z,
@TOPNOTCHFOREXFREE,23831,2026-09-22T08:17:56Z,"🌎 SIGNAL ALERT!

💰 SELL XAUUSD 4301.5

🛩 TP1: 4299.3
🛩 TP2: 4296.3
🛩 TP3: 4286.7

⛔️ SL: 4316.3",2026-09-22T11:49:19Z,2026-09-22T08:17:57Z,
@TOPNOTCHFOREXFREE,23832,2026-09-22T08:37:31Z,"✅ TP1 hit: +220 pips 

Manage your trades, team 🫡🔥",2026-09-22T11:49:19Z,2026-09-22T08:37:31Z,
@TOPNOTCHFOREXFREE,23833,2026-09-22T08:37:47Z,"✅ TP2 hit: +420 pips

WHAT A TRADE 🚀🚀🚀",2026-09-22T11:49:19Z,2026-09-22T08:37:48Z,
@TOPNOTCHFOREXFREE,23834,2026-09-22T08:40:01Z,"[LIMITED] 4 FREE SPOTS to my Premium just opened 🚨

FIRST COME FIRST SERVE 👇

CLAIM YOUR SPOT HERE ⚠️",2026-09-22T11:49:19Z,2026-09-22T08:40:02Z,
@TOPNOTCHFOREXFREE,23835,2026-09-22T11:35:24Z,"I will share a new winning signal in my FREE premium group soon 😏👇

CLICK HERE TO RECEIVE IT",2026-09-22T11:49:19Z,2026-09-22T11:35:24Z,
@TAURUSTRADERSSIGNALE,39862,2026-09-22T07:53:01Z,"Du bist dir noch nicht sicher, ob das echt ist oder sich lohnt? Das verstehe ich, die meisten Menschen sind anfangs skeptisch.

Genau deshalb biete ich vollen KOSTENLOSEN Zugang zu meiner VIP-Gruppe an, damit du die Ergebnisse selbst sehen kannst – ganz ohne Risiko.

Das erwartet dich in meiner VIP-Gruppe:

✅ 5–6 präzise Trading-Signale pro Tag
ℹ️ Ein anfängerfreundlicher Trading-Kurs, um deine Fähigkeiten aufzubauen
✅ Persönliche 1-zu-1-Unterstützung von mir, wann immer du Hilfe brauchst
✅ Nachgewiesene durchschnittliche Trefferquote von 85 % bei Trades

Du musst mir nicht einfach glauben – komm vorbei und sieh selbst, wie echte Ergebnisse aussehen.

Klicke unten, um mir eine private Nachricht zu senden, und ich erkläre dir alles Schritt für Schritt.

Kein Druck und kein unnötiges Gerede – nur die Chance, endlich eine Fähigkeit zu lernen, die sich auszahlen kann.

>>>KLICKE HIER, um dir deinen KOSTENLOSEN VIP-ZUGANG zu sichern, solange die Anmeldung noch offen ist.",2026-09-22T11:49:21Z,2026-09-22T07:53:27Z,
@TAURUSTRADERSSIGNALE,39863,2026-09-22T09:06:55Z,"Schließe TP 2 hier

 + 110 Pips",2026-09-22T11:49:21Z,,
@TAURUSTRADERSSIGNALE,39864,2026-09-22T09:07:39Z,,2026-09-22T11:49:21Z,,
@TAURUSTRADERSSIGNALE,39865,2026-09-22T09:08:44Z,"NEW TRADE IDEA

XAUUSD BUY LIMIT 4316

TP 4320

TP 2 4330

SL @ 4316

Trade accordingly and only trade with money you can afford to LOSE.",2026-09-22T11:49:21Z,2026-09-22T09:26:45Z,
@TAURUSTRADERSSIGNALE,39866,2026-09-22T10:28:23Z,"Schließe TP 1 hier

+ 80 Pips Gewinn

SL auf Einstand verschieben",2026-09-22T11:49:21Z,,
@TAURUSTRADERSSIGNALE,39867,2026-09-22T10:29:06Z,"Lösche das Buy-Limit, wenn du noch nicht eingestiegen bist.",2026-09-22T11:49:21Z,,
@FREESIGNALSTOTRADEBYLENNART,60294,2026-09-22T06:22:33Z,"Währungspaare im Fokus: US-Dollar-Stärke und Yen-Volatilität 🇺🇸🇯🇵

​Die globalen Devisenmärkte bleiben in Bewegung: Während der US-Dollar weiterhin Stärke demonstriert, sorgt der japanische Yen (JPY) für erhebliche Volatilität an den Märkten. Währungspaare wie USD/JPY, EUR/JPY und GBP/JPY rücken damit verstärkt in den Fokus von Tradern.
​Der US-Dollar profitiert weiterhin von der Geldpolitik der US-Notenbank Fed, die im Vergleich zu anderen Zentralbanken ein höheres Zinsniveau aufrechterhält. Robust ausfallende US-Wirtschaftsdaten stützen den Greenback zusätzlich und halten die Erwartungen an schnelle Zinssenkungen gedämpft.

​Ganz anders stellt sich die Lage beim japanischen Yen dar. Trotz ersten vorsichtigen Schritten der Bank of Japan (BoJ) zur Straffung ihrer Geldpolitik bleibt die Zinsdifferenz zu den Major-Währungen enorm groß. Dies führt regelmäßig zu dynamischen Abwärtsbewegungen des Yen – unterbrochen von abrupten Erholungen, wenn Spekulationen über mögliche Deviseninterventionen der japanischen Behörden aufflammen.

​Charttechnische Perspektive:
Beim Schlüsselpaar USD/JPY testen die Kurse immer wieder wichtige Widerstandszonen auf mehrjährigen Höchstständen. Solange der US-Dollar seine Zinsvorteile behaupten kann, bleibt der übergeordnete Aufwärtstrend intakt. Dennoch sollten Händler auf plötzliche Volatilitätsschübe vorbereitet sein, da Währungseingriffe der BoJ kurzfristig zu scharfen Gegenbewegungen führen können.
​Für Forex-Trader bieten die JPY-Paare aktuell hervorragende Handelsgelegenheiten, erfordern jedoch ein striktes Risikomanagement und eine genaue Beobachtung der Zentralbank-Kommentare.

​📈 Tritt unserem Telegram-Kanal bei!
Du suchst nach präzisen Forex-Signalen, täglichen Marktanalysen und professionellen Trading-Strategien? Kontaktiere uns direkt auf Telegram unter @S2Tsupport und werde Teil unserer Community! 📊🚀",2026-09-22T11:49:24Z,,
@FREESIGNALSTOTRADEBYLENNART,60295,2026-09-22T06:32:23Z,"Wir verdoppeln dein Kapital 💵

Nur für die nächsten 120 Minuten. Unser Broker verdoppelt deine erste Einzahlung.

Warum solltest du dich mit weniger zufrieden geben wenn du auch mehr haben kannst?

Zahle 1000€ ein. Trade mit 2000€. So einfach ist das. Das ist der beste Vorteil den du bekommen kannst.

Diese Chance verfällt in 2 Stunden.

Wenn du dein Kapital verdoppeln willst schreib ""DOPPELT"" an 
👉@S2TSupport",2026-09-22T11:49:24Z,,
@FREESIGNALSTOTRADEBYLENNART,60296,2026-09-22T07:10:19Z,"Hey S2T Community 📊

Wofür stehen wir?

✔️Transparenz
✔️Wachstum
✔️Langfristigkeit

Komme ein Stück näher zur finanziellen Freiheit und starte mit unserer Hilfe deine Trading Karriere.

👉@S2TSupport",2026-09-22T11:49:24Z,,
@FREESIGNALSTOTRADEBYLENNART,60297,2026-09-22T07:40:18Z,"Der Trade läuft bereits 📈

In der VIP Gruppe wurde soeben ein Signal veröffentlicht. Nur Mitglieder profitieren 🔥

👉 Hol dir den Zugang bevor du wieder zu spät bist!",2026-09-22T11:49:24Z,,
@FREESIGNALSTOTRADEBYLENNART,60298,2026-09-22T08:38:12Z,"⚠️Bei den folgenden Nachrichten handelt es sich um ein Ergebnis aus unserer Premium Gruppe, nicht um ein umzusetzendes Signal⚠️",2026-09-22T11:49:24Z,,
@FREESIGNALSTOTRADEBYLENNART,60299,2026-09-22T08:56:25Z,"🚀CHFJPY - BUY🚀

Entry: 188.468

Stopp-Loss: 188.068

Take-Profit 1: 188.668
Take-Profit 2: 188.868
Take-Profit 3: 189.668

📊3:1 Risk Reward 📊",2026-09-22T11:49:24Z,,
@FREESIGNALSTOTRADEBYLENNART,60300,2026-09-22T08:56:26Z,CHFJPY TP1 HIT ✔️,2026-09-22T11:49:24Z,,
@FREESIGNALSTOTRADEBYLENNART,60301,2026-09-22T09:00:01Z,,2026-09-22T11:49:24Z,,
@FREESIGNALSTOTRADEBYLENNART,60302,2026-09-22T09:00:01Z,Ein weiterer sauberer Take Profit Treffer 🔥,2026-09-22T11:49:24Z,,
@FREESIGNALSTOTRADEBYLENNART,60303,2026-09-22T09:00:01Z,Unser Setup von wurde wie geplant ausgeführt. TP1 wurde mit technischer Präzision getroffen. Diese Bewegungen passieren nicht einfach so. Sie kommen zu denen die vorbereitet sind. 📈,2026-09-22T11:49:24Z,,
@FREESIGNALSTOTRADEBYLENNART,60304,2026-09-22T09:00:01Z,Jetzt Zugang sichern 📱 @S2TSupport,2026-09-22T11:49:24Z,,
@FREESIGNALSTOTRADEBYLENNART,60305,2026-09-22T09:05:15Z,"Am Markt können ein paar Sekunden einen großen Unterschied machen. ⚡️

Unser News Bot informiert dich sofort, wenn relevante Nachrichten oder Ereignisse auftreten.

Dabei entscheidest du selbst, welche Assets du verfolgen möchtest, wie viele Meldungen du bekommst und wie wichtig eine News sein muss, bevor du informiert wirst.

Verfügbar für Kunden ab 2.500€ Deposit.

👉 Zugang über @S2TSupport",2026-09-22T11:49:24Z,,
@FREESIGNALSTOTRADEBYLENNART,60306,2026-09-22T09:18:27Z,"Die Analyse ist klar, detailliert und sehr einfach nachzuvollziehen. 🎯",2026-09-22T11:49:24Z,,
@FREESIGNALSTOTRADEBYLENNART,60307,2026-09-22T09:33:30Z,"Genau deshalb folgen uns so viele 📈

Die heutigen Feedbacks unser VIP Member sprechen Bände.
Wer gute Setups und Struktur sucht findet sie hier 💵

Warten kostet dich nur Zeit und verpasste Trades.

📲 Schreib @S2TSupport und steig rechtzeitig ein.",2026-09-22T11:49:24Z,,
@FREESIGNALSTOTRADEBYLENNART,60308,2026-09-22T09:40:26Z,"Eine Woche - Mehrere Märkte🔥

Im S2T VIP beschränken wir uns nicht nur auf einen Markt.

Das Ergebnis: +7k€ in einer Woche ✔️

Nicht jeder handelt so, willst du wissen wie wir es machen?

📲@S2TSupport",2026-09-22T11:49:24Z,,
@FREESIGNALSTOTRADEBYLENNART,60309,2026-09-22T09:50:22Z,"Unter „Handel“ siehst du alle aktuell laufenden Trades in Echtzeit 

Dein Kontostand passt sich direkt an die offenen Positionen an und steigt oder fällt dementsprechend 

In der Übersicht findest du einzelne Trades, während die Gesamtsumme oben neben USD angezeigt wird 💵

Im Plus: Zahl und Balken oben in Blau ➕

Im Minus: Zahl und Balken in Rot 🚫

Während andere dir nur blind Signale senden, wollen wir auch, dass du verstehst was du dort machst ✔️

✉️ Kein Bock mehr blind zu traden und Geld zu verlieren? 

Schreibe @S2TSupport und lass dir helfen!",2026-09-22T11:49:24Z,,
@FREESIGNALSTOTRADEBYLENNART,60310,2026-09-22T10:04:23Z,"❗️Wenn du hier neu bist schauen dir das an ❗️

Willkommen bei Signals2Trade. Mein Name ist Lennart und ich bin der Gründer von S2T. 

In diesem Video erkläre ich dir S2T und zeige genau welche Möglichkeiten du nutzen kannst um deine Reise mit uns zu starten.

Wenn du Fragen hast stehe ich dir jederzeit zur Verfügung. Melde dich einfach unter @S2TSupport  🤝",2026-09-22T11:49:24Z,,
@FREESIGNALSTOTRADEBYLENNART,60311,2026-09-22T10:20:37Z,"Die offenen Trades sind alle grün 💵

So beginnt ein Tradingtag natürlich besonders angenehm 📈

Wir bleiben unserer Strategie treu und lassen die Setups weiter arbeiten.

Melde dich jetzt bei 👉@S2TSupport um loszulegen",2026-09-22T11:49:24Z,,
@FREESIGNALSTOTRADEBYLENNART,60312,2026-09-22T10:20:37Z,,2026-09-22T11:49:24Z,,
@FREESIGNALSTOTRADEBYLENNART,60313,2026-09-22T10:20:37Z,,2026-09-22T11:49:24Z,,
@FREESIGNALSTOTRADEBYLENNART,60314,2026-09-22T10:20:37Z,,2026-09-22T11:49:24Z,,
@FREESIGNALSTOTRADEBYLENNART,60315,2026-09-22T10:20:37Z,,2026-09-22T11:49:24Z,,
@FREESIGNALSTOTRADEBYLENNART,60316,2026-09-22T10:20:37Z,,2026-09-22T11:49:24Z,,
@FREESIGNALSTOTRADEBYLENNART,60317,2026-09-22T10:20:37Z,,2026-09-22T11:49:24Z,,
@FREESIGNALSTOTRADEBYLENNART,60318,2026-09-22T10:20:37Z,,2026-09-22T11:49:24Z,,
@FREESIGNALSTOTRADEBYLENNART,60319,2026-09-22T10:20:37Z,,2026-09-22T11:49:24Z,,
@FREESIGNALSTOTRADEBYLENNART,60320,2026-09-22T10:20:37Z,,2026-09-22T11:49:24Z,,
@FREESIGNALSTOTRADEBYLENNART,60321,2026-09-22T10:33:45Z,"🚨Trading Basics - Market Sessions🚨

Um den Markt profitabel zu handeln muss man Ihn verstehen. Heute erklären wir euch die 3 wichtigsten Market Sessions.

Egal was man handelt, von Aktien bis Krypto, die Börsenöffnungszeiten sind immer wichtig zu beachten.

Die wichtigste ist die New York Session (15:30 bis 22:00 deutsche Zeit). Hier öffnet der New York Stock Exchange (NYSE) und bringt erhöhte Volatilität und das größte Volumen in den Markt. Besonders die ersten 90 Minuten sind am schnellsten da hier die großen Institutionen und professionellen Tradingbots den Großteil Ihrer Trades tätigen. 

Die Asia auch genannt Hong Kong Session (3:30 bis 10:00) schafft oft genau dann wann wir normalerweise schlafen erhöhte Volatilität und es ist morgens immer wichtig zu sehen was über Nacht in Asien passiert ist.

Die UK oder London Session (9:00 bis 17:30) Ist für uns oft die erste Handelszeit welche wir mitnehmen können. Hier handelt ganz Europa. Trotz des Volumens welches zwar oft kleiner als der US Markt ist bietet diese Session viele sehr gute Möglichkeiten und kann manchmal den Trend schon vor den Amerikanern vorgeben kann. Zudem ist die London Session oft etwas ruhiger und in gewissen Marktphasen weniger Manipuliert als der US Markt.

📬Wenn du anstatt Signalen zu folgen den Markt auch richtig verstehen willst schreib uns JETZT @S2TSupport",2026-09-22T11:49:24Z,,
@FREESIGNALSTOTRADEBYLENNART,60322,2026-09-22T10:54:29Z,,2026-09-22T11:49:24Z,,
@FREESIGNALSTOTRADEBYLENNART,60323,2026-09-22T11:11:46Z,"⚠️Bei den folgenden Nachrichten handelt es sich um ein Ergebnis aus unserer Premium Gruppe, nicht um ein umzusetzendes Signal⚠️",2026-09-22T11:49:24Z,,
@FREESIGNALSTOTRADEBYLENNART,60324,2026-09-22T11:12:36Z,"🚀USDCAD - SELL🚀

Entry: 1.40210

Stopp-Loss: 1.40510

Take-Profit 1: 1.40060
Take-Profit 2: 1.39910
Take-Profit 3: 1.39310

📊3:1 Risk Reward 📊",2026-09-22T11:49:24Z,,
@FREESIGNALSTOTRADEBYLENNART,60325,2026-09-22T11:12:36Z,USDCAD TP1 HIT ✔️,2026-09-22T11:49:24Z,,
@FREESIGNALSTOTRADEBYLENNART,60326,2026-09-22T11:13:26Z,,2026-09-22T11:49:24Z,,
@FREESIGNALSTOTRADEBYLENNART,60327,2026-09-22T11:13:26Z,TP1 HIT 💵,2026-09-22T11:49:24Z,,
@FREESIGNALSTOTRADEBYLENNART,60328,2026-09-22T11:13:26Z,TP1 lief exakt nach Plan. Stop Loss auf Break even gesetzt und TP2 ist schon in Sicht. Hör auf zu warten sonst schaust du auch beim nächsten Trade nur zu.,2026-09-22T11:49:24Z,,
@FREESIGNALSTOTRADEBYLENNART,60329,2026-09-22T11:13:26Z,Klicke HIER um zu starten!,2026-09-22T11:49:24Z,,
@FREESIGNALSTOTRADEBYLENNART,60330,2026-09-22T11:30:37Z,"Gerade im Trading sollte man genau hinschauen, wem man vertraut. Deshalb machen wir es dir leicht echte Kundenmeinungen zu prüfen. Unsere Reviews findest du auf mehreren unabhängigen Seiten.

⭐️⭐️⭐️⭐️⭐️

🔜Trust index
🔜Google profile 
🔜Proven expert 
🔜Trustami

Klick rein und entscheide selbst. Bei Fragen erreichst du uns unter 👉@S2TSupport",2026-09-22T11:49:24Z,,
@FREESIGNALSTOTRADEBYLENNART,60331,2026-09-22T11:40:32Z,"Wecker klingelt. Du machst dich auf dem Weg zu deiner Arbeit. Voller Stress und das Tag für Tag. Und dann gibt es noch unsere VIP Mitglieder die gestern einfach Telegram geöffnet haben. Mit nur einem Klick Vermögen aufbauen. So einfach kann es gehen💵

Freiheit bedeutet Du entscheidest. Wann du aufstehst wohin du reist und mit wem du arbeitest.

Was wäre wenn du morgen nicht zur Arbeit musst sondern dein Handy reicht?

📱 Schreib @S2TSupport, bevor du dich noch länger fragst, „was wäre wenn…“",2026-09-22T11:49:24Z,,
@FREESIGNALSTOTRADEBYLENNART,60332,2026-09-22T11:44:10Z,,2026-09-22T11:49:24Z,,
@REALNATEFXC,5105,2026-09-22T08:26:29Z,,2026-09-22T11:49:27Z,2026-09-22T08:27:18Z,
@REALNATEFXC,5106,2026-09-22T08:26:29Z,,2026-09-22T11:49:27Z,,
@REALNATEFXC,5107,2026-09-22T08:26:55Z,,2026-09-22T11:49:27Z,2026-09-22T08:27:44Z,
@REALNATEFXC,5108,2026-09-22T08:27:03Z,FOR FREE PREMIUM ACCESS MESSAGE HERE,2026-09-22T11:49:27Z,2026-09-22T08:35:40Z,
@TRADINGCENTRALGLOBAL,53724,2026-09-22T06:59:01Z,"Here’s the difference between other communities and us… recorded a while ago, but worth a repost 👆",2026-09-22T11:49:29Z,2026-09-22T06:59:08Z,
@TRADINGCENTRALGLOBAL,53725,2026-09-22T06:59:01Z,,2026-09-22T11:49:29Z,2026-09-22T06:59:08Z,
@TRADINGCENTRALGLOBAL,53726,2026-09-22T10:15:19Z,"One of my most viewed recaps of this summer! I’m almost back home in Dubai, where I will continue recording these!

For now, enjoy the recap above, because it was viewed over 100.000 times on my Instagram 🌐",2026-09-22T11:49:29Z,2026-09-22T10:15:21Z,
@TRADINGCENTRALGLOBAL,53727,2026-09-22T10:21:01Z,"The recap shows the quality and experience that’s given inside my private community.

No community can match this. No community cares about you this much.

I’ll give the next 50 members immediately free access to my private community 👇
• https://t.me/m/UY_GFjjLZmE0",2026-09-22T11:49:29Z,2026-09-22T10:21:08Z,
@fxtradingvision,85955,2026-09-22T12:18:01Z,,2026-09-22T15:50:19Z,2026-09-22T12:18:02Z,
@fxtradingvision,85956,2026-09-22T12:30:48Z,"Close TP 1 here

+ 80 pips profit

Move sl to entry",2026-09-22T15:50:19Z,2026-09-22T12:30:49Z,
@fxtradingvision,85966,2026-09-22T13:42:29Z,"Sorry guys… every single spot SOLD OUT in under 1 hour.

Opportunities like this don’t come twice if you didn’t act this time, you missed it. ❌

So if you get a chance like this take it immediately don’t wait around.",2026-09-22T15:50:19Z,2026-09-22T13:42:30Z,
@fxtradingvision,85967,2026-09-22T13:42:31Z,"For all the action takers… enjoy.

Your only regret will be why NOT buying more.. you made a good choice by taking action 😉",2026-09-22T15:50:19Z,2026-09-22T13:42:32Z,
@fxtradingvision,85969,2026-09-22T13:49:40Z,"NEW TRADE IDEA

XAUUSD BUY 4338

TP 1 4342
TP 2 4343
TP 3 4355

SL @ 4328

Trade accordingly and only trade with money you can afford to LOSE.",2026-09-22T15:50:19Z,2026-09-22T13:49:41Z,
@fxtradingvision,85971,2026-09-22T14:09:05Z,"Close here - 80 pips

Doesn’t look good.",2026-09-22T15:50:19Z,2026-09-22T14:09:06Z,
@fxtradingvision,85972,2026-09-22T14:34:14Z,"New trade on GOLD shared in the VIP ☕️

Which direction? Buy or Sell?

👉 CLICK HERE TO CLAIM YOUR SPOT & UNLOCK ALL THE TRADES",2026-09-22T15:50:19Z,2026-09-22T14:34:14Z,2026-09-23T05:06:52Z
@fxtradingvision,85973,2026-09-22T14:35:10Z,"🚨🚨 99% Bulls vs. 1% Bear.

Everyone’s calling the bottom in.

Feels like a classic WW3 exit pump 👀",2026-09-22T15:50:19Z,2026-09-22T14:35:11Z,
@fxtradingvision,85974,2026-09-22T14:35:25Z,"This is NOT the bull market.

Big dump coming on crypto.

Be prepared.",2026-09-22T15:50:19Z,2026-09-22T14:35:26Z,
@fxtradingvision,85975,2026-09-22T14:36:58Z,"Close TP 1 here

+ 80 pips profit

Move sl to entry",2026-09-22T15:50:19Z,2026-09-22T14:36:59Z,
@fxtradingvision,85976,2026-09-22T14:43:02Z,"VIP have printed massively…

That’s what I keep saying…

Never compare the free channel with the VIP.",2026-09-22T15:50:19Z,2026-09-22T14:43:02Z,
@fxtradingvision,85977,2026-09-22T14:43:28Z,"Look at these 4 gold sells in the past 30 minutes….

That’s crazy!

Either wake up and join the VIP… or keep watching from the side line…",2026-09-22T15:50:19Z,2026-09-22T14:43:29Z,
@fxtradingvision,85978,2026-09-22T14:44:29Z,"LOOK AT THAT DUMP BABY!!!

LOVE IT!

That’s what you call the jackpot…",2026-09-22T15:50:19Z,2026-09-22T14:44:30Z,
@fxtradingvision,85979,2026-09-22T14:45:25Z,"Following the trades of the free channel is based on luck and that’s gambling…

You get 1 trade a day and hope it’s a winning one….

The VIP gets 10-20 trades a day and win 90% of them….",2026-09-22T15:50:19Z,2026-09-22T14:45:26Z,
@fxtradingvision,85980,2026-09-22T14:45:37Z,Stop gambling.. start winning! ☕️,2026-09-22T15:50:19Z,2026-09-22T14:45:38Z,
@fxtradingvision,85981,2026-09-22T15:31:01Z,,2026-09-22T15:50:19Z,2026-09-22T15:31:02Z,
@phenexbillions,7103,2026-09-22T13:54:08Z,"TP1 hit, that’s +600 pips 🚀✅

SL nach Belieben auf Break Even…",2026-09-22T15:50:22Z,,
@phenexbillions,7104,2026-09-22T13:54:12Z,"TP2 hit, that’s +1100 pips 🚀✅",2026-09-22T15:50:22Z,,
@phenexbillions,7105,2026-09-22T13:54:15Z,"TP3 hit, that’s +2300 pips 🚀✅",2026-09-22T15:50:22Z,,
@FXFARO_FREEGROUP,13618,2026-09-22T12:00:59Z,GOOD NEWS: I PLAN TO SHARE A PUBLIC TRADE.,2026-09-22T15:50:27Z,2026-09-22T12:00:59Z,
@FXFARO_FREEGROUP,13619,2026-09-22T12:02:48Z,"Buy NOW AUDCHF @ 0.58261
SL @ 0.57896
TP @ 0.59084",2026-09-22T15:50:27Z,2026-09-22T12:02:52Z,
@FXFARO_FREEGROUP,13620,2026-09-22T12:03:04Z,LIVE TRADE,2026-09-22T15:50:27Z,2026-09-22T12:03:05Z,
@FXFARO_FREEGROUP,13621,2026-09-22T13:39:23Z,AUDCHF > RUNNING.💵,2026-09-22T15:50:27Z,2026-09-22T13:39:23Z,
@FXFARO_FREEGROUP,13622,2026-09-22T15:15:53Z,AUDCHF > RUNNING AT +10PIPS.,2026-09-22T15:50:27Z,2026-09-22T15:15:54Z,
@FXFARO_FREEGROUP,13623,2026-09-22T15:18:20Z,"BTCUSD > ALL 3 BUY ENTRIES ARE STILL RUNNING.

+140PIPS.
+160PIPS.
+70PIPS.",2026-09-22T15:50:27Z,2026-09-22T15:18:23Z,
@TOPNOTCHFOREXFREE,23836,2026-09-22T13:31:01Z,"Another PROFITABLE day inside my Premium: members made $200-$4,500 from my trades 🔥

If you're not in yet, message me now for a FREE spot 👇

@TopNotchForex 📥",2026-09-22T15:50:30Z,2026-09-22T13:31:02Z,
@TOPNOTCHFOREXFREE,23837,2026-09-22T13:34:07Z,"XAUUSD TP2: +450 pips ✅✅
Running in big profits!",2026-09-22T15:50:30Z,2026-09-22T13:34:08Z,
@TAURUSTRADERSSIGNALE,39868,2026-09-22T11:57:53Z,"NEW TRADE IDEA

XAUUSD SELL 4422

TP 4318

TP 2 4310

SL @ 4332

Trade accordingly and only trade with money you can afford to LOSE.",2026-09-22T15:50:32Z,2026-09-22T12:21:35Z,
@TAURUSTRADERSSIGNALE,39869,2026-09-22T13:35:42Z,Schließe bei -20 Pips,2026-09-22T15:50:32Z,2026-09-22T13:36:30Z,
@TAURUSTRADERSSIGNALE,39870,2026-09-22T13:37:23Z,"TP 1 hier schließen

+ 80 Pips Gewinn

SL auf Einstand verschieben",2026-09-22T15:50:32Z,,
@TAURUSTRADERSSIGNALE,39871,2026-09-22T14:43:03Z,"🚨🚨 99% Bullen gegen 1% Bären.

Alle sagen, der Tiefpunkt sei erreicht.

Das fühlt sich an wie ein klassischer „Exit-Pump“ vor dem Dritten Weltkrieg 👀",2026-09-22T15:50:32Z,,
@TAURUSTRADERSSIGNALE,39872,2026-09-22T14:44:02Z,"TP 2 wird ebenfalls erreicht

Das sind +80 Pips Gewinn",2026-09-22T15:50:32Z,,
@TAURUSTRADERSSIGNALE,39873,2026-09-22T14:44:48Z,"VIP hat massiv gedruckt…

Das sage ich doch immer wieder…

Vergleiche niemals den kostenlosen Kanal mit dem VIP",2026-09-22T15:50:32Z,2026-09-22T14:45:04Z,
@TAURUSTRADERSSIGNALE,39874,2026-09-22T14:46:31Z,"Das Nachhandeln der Signale des kostenlosen Kanals ist Glückssache und damit Glücksspiel…

Man erhält einen Trade pro Tag und hofft, dass es ein Gewinner ist…

VIP-Mitglieder erhalten 10 bis 20 Trades pro Tag und gewinnen 90 % davon…",2026-09-22T15:50:32Z,2026-09-22T14:46:51Z,
@TAURUSTRADERSSIGNALE,39875,2026-09-22T14:46:59Z,Hör auf zu spielen … fang an zu gewinnen! ☕️,2026-09-22T15:50:32Z,,
@TAURUSTRADERSSIGNALE,39876,2026-09-22T15:32:31Z,,2026-09-22T15:50:32Z,,
@FREESIGNALSTOTRADEBYLENNART,60333,2026-09-22T12:50:34Z,Starke Kommunikation und konstante Qualität! 📊,2026-09-22T15:50:35Z,,
@FREESIGNALSTOTRADEBYLENNART,60334,2026-09-22T13:01:44Z,"Zufall? Ganz sicher nicht 💵

Das System liefert Tag für Tag 
Heute wieder ein starker Entry, saubere Ausführung, klares Ergebnis.

Wer auf den nächsten Rücksetzer wartet, wird zusehen, wie andere profitieren 🎯

📲Hol dir deinen Platz: @S2TSupport",2026-09-22T15:50:35Z,,
@FREESIGNALSTOTRADEBYLENNART,60335,2026-09-22T13:33:08Z,"Gestern war wieder ein Tag wie wir ihn lieben. Profit im Kasten und Risiko war gering 💰

👉Lasst uns gemeinsam Momentum aufbauen! 

📲@S2TSupport wenn du beim nächsten Setup nicht nur zuschauen willst",2026-09-22T15:50:35Z,,
@FREESIGNALSTOTRADEBYLENNART,60336,2026-09-22T13:44:25Z,"📊Tagesreport VIP Montag📊

BTCUSD SELL TP1 HIT ✔️ 
➕0.06🔤Growth

✔️Total ➕0.06🔤

➡️Trades: 01✔️00❌

———————————————————

Bei einem eurer konten waren das:

Mit 1 LOT 
Profit: ➕0.6🔤

Mit 0,10 LOT 
Profit:  ➕0.06🔤

Mit 0,01 LOT
Profit:  ➕0.006🔤

———————————————————

100% Transparenz

Schreibe unserem Support fur mehr informationen:

➡️@S2TSupport",2026-09-22T15:50:35Z,,
@FREESIGNALSTOTRADEBYLENNART,60337,2026-09-22T13:46:40Z,,2026-09-22T15:50:35Z,,
@FREESIGNALSTOTRADEBYLENNART,60338,2026-09-22T13:58:57Z,"🔥 DXY vor dem nächsten Anstieg – kommt danach der große Dollar-Abverkauf?

📊 Der DXY bildet aktuell eine mögliche Range nach dem gescheiterten Head-&-Shoulders-Setup.

🎯 Ein weiterer Anstieg in Richtung des nächsten Widerstands könnte bevorstehen.

📉 Der Wochen-Widerstand macht diesen Bereich besonders interessant für eine mögliche Short-Bewegung.

⚡ Kurzfristig bleibt der Fokus auf der Dollar-Stärke und den Bewegungen in den Gegenwährungspaaren.

🔎 Die nächsten Stunden könnten entscheidend für die weitere Richtung des US-Dollars werden.",2026-09-22T15:50:35Z,,
@FREESIGNALSTOTRADEBYLENNART,60339,2026-09-22T14:00:58Z,"Trade beendet. Gewinn realisiert 💰

Der Take Profit wurde erreicht und das Setup erfolgreich abgeschlossen 📈

Während andere noch zuschauen sammelt unsere Community bereits die nächsten Gewinne.

👉 Schreib jetzt an @S2TSupport um dabei zu sein!",2026-09-22T15:50:35Z,,
@FREESIGNALSTOTRADEBYLENNART,60340,2026-09-22T14:00:58Z,,2026-09-22T15:50:35Z,,
@FREESIGNALSTOTRADEBYLENNART,60341,2026-09-22T14:00:58Z,,2026-09-22T15:50:35Z,,
@FREESIGNALSTOTRADEBYLENNART,60342,2026-09-22T14:00:58Z,,2026-09-22T15:50:35Z,,
@FREESIGNALSTOTRADEBYLENNART,60343,2026-09-22T14:00:58Z,,2026-09-22T15:50:35Z,,
@FREESIGNALSTOTRADEBYLENNART,60344,2026-09-22T14:00:58Z,,2026-09-22T15:50:35Z,,
@FREESIGNALSTOTRADEBYLENNART,60345,2026-09-22T14:00:58Z,,2026-09-22T15:50:35Z,,
@FREESIGNALSTOTRADEBYLENNART,60346,2026-09-22T14:00:59Z,,2026-09-22T15:50:35Z,,
@FREESIGNALSTOTRADEBYLENNART,60347,2026-09-22T14:00:59Z,,2026-09-22T15:50:35Z,,
@FREESIGNALSTOTRADEBYLENNART,60348,2026-09-22T14:00:59Z,,2026-09-22T15:50:35Z,,
@FREESIGNALSTOTRADEBYLENNART,60349,2026-09-22T14:10:15Z,"Warum hat der Markt gestern diese Bewegung gemacht? 📈

Die schnellen Signale bekommt ihr hier. Die tiefgehenden Chart-Analysen, warum der Markt so reagiert, wie er reagiert, teile ich exklusiv auf TradingView.

Das ist der Unterschied zwischen nur kopieren und wirklich verstehen. ✅

KLICK HIER FÜR MEINE ANALYSEN

Wenn du endlich Gewinne erzielen willst, schreib ""START"" an @S2TSupport",2026-09-22T15:50:35Z,,
@FREESIGNALSTOTRADEBYLENNART,60350,2026-09-22T14:10:20Z,"Ein weiterer profitabler Tradingtag liegt hinter uns ✅

Heute konnten wir +916€ mitnehmen. Vielleicht kein Rekordtag aber genau solche konstanten Ergebnisse machen auf Dauer den Unterschied.

Wenn du Trading endlich richtig lernen möchtest dann bist du bei uns richtig.

📩 Kontaktiere uns jetzt unter @S2TSupport",2026-09-22T15:50:35Z,,
@FREESIGNALSTOTRADEBYLENNART,60351,2026-09-22T14:40:15Z,"Die besten Informationen kommen nicht immer von uns.

Teil unserer S2T Community zu sein bedeutet auch, sich direkt mit anderen Mitgliedern austauschen zu können.

Erfahrungen, Fragen, aktuelle Marktbewegungen oder einfach schauen, was andere gerade machen.

Alles gesammelt in einer privaten Gruppe nur für Mitglieder.

👉 Für eine Einladung schreib @S2TSupport",2026-09-22T15:50:35Z,,
@FREESIGNALSTOTRADEBYLENNART,60352,2026-09-22T15:09:25Z,"⚠️Bei den folgenden Nachrichten handelt es sich um ein Ergebnis aus unserer Premium Gruppe, nicht um ein umzusetzendes Signal⚠️",2026-09-22T15:50:35Z,,
@FREESIGNALSTOTRADEBYLENNART,60353,2026-09-22T15:22:33Z,"🚀AUDUSD - SELL🚀

Entry: 0.71373

Stopp-Loss: 0.71573

Take-Profit 1: 0.71273
Take-Profit 2: 0.71173
Take-Profit 3: 0.70773

📊3:1 Risk Reward 📊",2026-09-22T15:50:35Z,,
@FREESIGNALSTOTRADEBYLENNART,60354,2026-09-22T15:22:34Z,AUDUSD TP1 HIT ✔️,2026-09-22T15:50:35Z,,
@FREESIGNALSTOTRADEBYLENNART,60355,2026-09-22T15:23:17Z,,2026-09-22T15:50:35Z,,
@FREESIGNALSTOTRADEBYLENNART,60356,2026-09-22T15:31:20Z,,2026-09-22T15:50:35Z,,
@FREESIGNALSTOTRADEBYLENNART,60357,2026-09-22T15:31:20Z,TP1 erreicht 💵,2026-09-22T15:50:35Z,,
@FREESIGNALSTOTRADEBYLENNART,60358,2026-09-22T15:31:20Z,Stop Loss ist jetzt auf Break Even und der Rest läuft von selbst 🔥,2026-09-22T15:50:35Z,,
@FREESIGNALSTOTRADEBYLENNART,60359,2026-09-22T15:31:20Z,"Wenn du nicht länger zuschauen willst dann dann schreib mir.
👉@S2TSupport",2026-09-22T15:50:35Z,,
@FREESIGNALSTOTRADEBYLENNART,60360,2026-09-22T15:44:01Z,"Wir zeigen bewusst keine Ausnahmefälle oder unrealistische Erfolgsgeschichten. Stattdessen siehst du Ergebnisse von ganz normalen Leuten die vor kurzer Zeit noch am Anfang standen. 

Menschen mit den selben Voraussetzungen wie du. Genau deshalb sind diese Resultate greifbar 🔥

Hier kannst du sehen was unsere Kunden auf TRUST INDEX über uns sagen. Wenn du es selbst prüfen willst findest du hier den Link TRUST INDEX

Wenn du dir vorstellen kannst ähnliche Resultate zu erzielen dann schreib mir 👉 @S2TSupport",2026-09-22T15:50:35Z,,
@FREESIGNALSTOTRADEBYLENNART,60361,2026-09-22T15:44:01Z,,2026-09-22T15:50:35Z,,
@FREESIGNALSTOTRADEBYLENNART,60362,2026-09-22T15:44:01Z,,2026-09-22T15:50:35Z,,
@FREESIGNALSTOTRADEBYLENNART,60363,2026-09-22T15:44:01Z,,2026-09-22T15:50:35Z,,
@FREESIGNALSTOTRADEBYLENNART,60364,2026-09-22T15:44:01Z,,2026-09-22T15:50:35Z,,
@FREESIGNALSTOTRADEBYLENNART,60365,2026-09-22T15:44:01Z,,2026-09-22T15:50:35Z,,
@FREESIGNALSTOTRADEBYLENNART,60366,2026-09-22T15:44:01Z,,2026-09-22T15:50:35Z,,
@FREESIGNALSTOTRADEBYLENNART,60367,2026-09-22T15:44:01Z,,2026-09-22T15:50:35Z,,
@FREESIGNALSTOTRADEBYLENNART,60368,2026-09-22T15:44:01Z,,2026-09-22T15:50:35Z,,
@FREESIGNALSTOTRADEBYLENNART,60369,2026-09-22T15:44:01Z,,2026-09-22T15:50:35Z,,
@FREESIGNALSTOTRADEBYLENNART,60370,2026-09-22T15:45:36Z,"Wieder ein Plus und ein Plan der aufgegangen ist 📈

In der VIP Gruppe gehts nicht nur ums Traden. Es geht darum die Kontrolle über deine Zeit und dein Geld zu gewinnen 💵

Während andere auf ihr Gehalt warten wissen unsere Mitglieder schon morgens wie ihr Tag verlaufen wird. Das ist kein Zufall das ist Struktur 💯

Warum also noch warten?

Du kannst dir deine Freiheit verdienen. Nicht mit Glück sondern mit System. 

Klick jetzt bevor der kostenlose Zugang abläuft!",2026-09-22T15:50:35Z,,
@REALNATEFXC,5109,2026-09-22T13:31:00Z,"BUY TRADE XAU/USD 

4328.0-4330

📍Stop Loss: 4310

Target: open 

This is not financial advice. This is a personal trade idea shared for educational and informational purposes only.",2026-09-22T15:50:37Z,2026-09-22T13:31:19Z,
@REALNATEFXC,5110,2026-09-22T13:34:04Z,🚀 🚀,2026-09-22T15:50:37Z,2026-09-22T13:34:11Z,
@REALNATEFXC,5111,2026-09-22T13:34:36Z,"BOOM straight into profits💥 

We strike again🏆🏆

📤Message me here to claim your FREE spot inside our Premium Community.",2026-09-22T15:50:37Z,2026-09-22T13:35:02Z,
@REALNATEFXC,5112,2026-09-22T13:37:32Z,"WHAT A ENTRY!! 🚀

Executed infront of thousands of members! 2 winning trades in here this week already and yet some of you are still waiting around?

⚡ JOIN HUNDREDS OF TRADERS ALREADY INSIDE.

⏳Claim your FREE Premium Community spot today.",2026-09-22T15:50:37Z,2026-09-22T13:37:45Z,
@REALNATEFXC,5113,2026-09-22T13:37:32Z,,2026-09-22T15:50:37Z,,
@REALNATEFXC,5114,2026-09-22T13:43:56Z,There we go,2026-09-22T15:50:37Z,2026-09-22T13:44:02Z,
@REALNATEFXC,5115,2026-09-22T13:45:38Z,PARTIALS BANKED🥇🥇,2026-09-22T15:50:37Z,2026-09-22T13:46:15Z,
@REALNATEFXC,5116,2026-09-22T13:45:38Z,,2026-09-22T15:50:37Z,,
@REALNATEFXC,5117,2026-09-22T13:52:02Z,,2026-09-22T15:50:37Z,2026-09-22T13:52:35Z,
@REALNATEFXC,5118,2026-09-22T13:52:02Z,on point as always nate💯,2026-09-22T15:50:37Z,2026-09-22T13:52:20Z,
@REALNATEFXC,5119,2026-09-22T13:53:42Z,,2026-09-22T15:50:37Z,2026-09-22T13:54:41Z,
@TRADINGCENTRALGLOBAL,53728,2026-09-22T12:33:51Z,"Sell XAUUSD @ 4343 (4342.75) 

TP #1: 4333

TP #2: 4300
__

SL: 4353 (4353.25)",2026-09-22T15:50:40Z,2026-09-22T12:33:56Z,
@TRADINGCENTRALGLOBAL,53729,2026-09-22T12:34:04Z,Activated,2026-09-22T15:50:40Z,2026-09-22T12:34:09Z,
@TRADINGCENTRALGLOBAL,53730,2026-09-22T12:34:13Z,1️⃣2️⃣3️⃣4️⃣ - LIVE FREE TRADE,2026-09-22T15:50:40Z,2026-09-22T12:34:14Z,
@TRADINGCENTRALGLOBAL,53731,2026-09-22T12:45:10Z,"First take profit target is hit ✅, which gives us +100 pips

Make sure to secure 30% profits by closing partial lotsize",2026-09-22T15:50:40Z,2026-09-22T12:45:18Z,
@TRADINGCENTRALGLOBAL,53732,2026-09-22T12:46:01Z,,2026-09-22T15:50:40Z,2026-09-22T12:46:04Z,
@TRADINGCENTRALGLOBAL,53733,2026-09-22T12:48:16Z,"Sore throat, sorry, would’ve loved to go live!",2026-09-22T15:50:40Z,2026-09-22T12:48:18Z,
@TRADINGCENTRALGLOBAL,53734,2026-09-22T12:53:12Z,You can move stop to breakeven… I’m not here’s why 👇,2026-09-22T15:50:40Z,2026-09-22T12:53:16Z,
@TRADINGCENTRALGLOBAL,53735,2026-09-22T12:53:46Z,,2026-09-22T15:50:40Z,2026-09-22T12:53:48Z,
@TRADINGCENTRALGLOBAL,53736,2026-09-22T13:07:15Z,,2026-09-22T15:50:40Z,2026-09-22T13:07:16Z,
@TRADINGCENTRALGLOBAL,53737,2026-09-22T13:07:32Z,Will send a recap of the trade soon. Just letting it run first 🏃‍♂️,2026-09-22T15:50:40Z,2026-09-22T13:07:39Z,
@TRADINGCENTRALGLOBAL,53738,2026-09-22T13:24:54Z,Slowly entering flow state again so we can show these amateurs how it’s done,2026-09-22T15:50:40Z,2026-09-22T13:24:58Z,
@TRADINGCENTRALGLOBAL,53739,2026-09-22T14:20:29Z,+160 pips running :),2026-09-22T15:50:40Z,2026-09-22T14:20:38Z,
@TRADINGCENTRALGLOBAL,53740,2026-09-22T14:26:14Z,,2026-09-22T15:50:40Z,2026-09-22T14:26:19Z,
@TRADINGCENTRALGLOBAL,53741,2026-09-22T14:27:05Z,"Listen, listen, listen. Because everyone needs to understand this 👇",2026-09-22T15:50:40Z,2026-09-22T14:27:08Z,
@TRADINGCENTRALGLOBAL,53742,2026-09-22T14:28:42Z,,2026-09-22T15:50:40Z,2026-09-22T14:28:48Z,
@TRADINGCENTRALGLOBAL,53743,2026-09-22T14:29:39Z,"Open your ears, listen and understand that you’re wasting an opportunity.

I will give the next 25 people free access, immediately, so they can hop in the next trade:
• https://t.me/m/JzFAGiEgM2Nk",2026-09-22T15:50:40Z,2026-09-22T14:29:48Z,
@fxtradingvision,85982,2026-09-22T16:03:32Z,"Guys, if you bought a funded account, please bare with us.

We have 500 chats open.

You will all get a reply.",2026-09-22T19:19:35Z,2026-09-22T16:03:33Z,
@fxtradingvision,86007,2026-09-22T18:02:59Z,"NEW TRADE IDEA

XAUUSD SELL LIMIT 4359

TP 4355

TP 2 4350

SL @ 4369

Trade accordingly and only trade with money you can afford to LOSE.

USE DOUBLE LOTSIZE",2026-09-22T19:19:35Z,2026-09-22T18:03:01Z,
@fxtradingvision,86012,2026-09-22T18:08:51Z,Trade activated.,2026-09-22T19:19:35Z,2026-09-22T18:08:52Z,
@fxtradingvision,86014,2026-09-22T18:11:09Z,"Close TP 1 here

+ 40 pips profit

Move sl to entry",2026-09-22T19:19:35Z,2026-09-22T18:11:11Z,
@fxtradingvision,86015,2026-09-22T18:13:22Z,Re enter again,2026-09-22T19:19:35Z,2026-09-22T18:13:22Z,
@fxtradingvision,86018,2026-09-22T18:23:45Z,"Close TP 1 here

+ 40 pips profit

Move sl to entry",2026-09-22T19:19:35Z,2026-09-22T18:23:46Z,
@fxtradingvision,86025,2026-09-22T18:42:46Z,"TP 2 is hit also…

+ 180 pips profit",2026-09-22T19:19:35Z,2026-09-22T18:42:48Z,
@phenexbillions,7106,2026-09-22T17:46:38Z,Hammetag heute wieder und mit 0.01 Lot mega abgeräumt. 💯 Happy bin 🤩,2026-09-22T19:19:38Z,,
@phenexbillions,7107,2026-09-22T17:57:44Z,,2026-09-22T19:19:38Z,,
@phenexbillions,7108,2026-09-22T18:21:00Z,,2026-09-22T19:19:38Z,,
@phenexbillions,7109,2026-09-22T18:21:04Z,Thx Vitus…..,2026-09-22T19:19:38Z,,
@phenexbillions,7110,2026-09-22T18:53:06Z,"Hallo Vitus, der heutige BUY war mega. 🙏🙏",2026-09-22T19:19:38Z,,
@WOLFXSIGNALS_FREEGROUP,11644,2026-09-17T18:34:42Z,"🙏This is the kind of feedback we LOVE to receive.

❤️❤️❤️❤️❤️❤️❤️❤️❤️❤️❤️❤️

📱 Our inbox is full of your messages. What a good way to start the week. WINNING MONEY.

——————————————————
       🔥 BEST VIP BENEFITS 🔥

✅ 16-30 VIP Signals per week.
✅ CopyTrading Bot Access.
✅ Auto Trading Tools Supported
✅ Funded Accounts service.

                             ⬇️

           👉 REQUEST ACCESS 👈


🚨REMEMBER. We only admit 10 new clients per week (6 LEFT).",2026-09-22T19:19:40Z,2026-09-22T18:22:27Z,
@WOLFXSIGNALS_FREEGROUP,11699,2026-09-22T18:25:21Z,"🙏This is the kind of feedback we LOVE to receive.

❤️❤️❤️❤️❤️❤️❤️❤️❤️❤️❤️❤️

📱 Our inbox is full of your messages. What a good way to start the week. WINNING MONEY.

——————————————————
       🔥 BEST VIP BENEFITS 🔥

✅ 16-30 VIP Signals per week.
✅ CopyTrading Bot Access.
✅ Auto Trading Tools Supported
✅ Funded Accounts service.

                             ⬇️

           👉 REQUEST ACCESS 👈


🚫REMEMBER. 10 VIP Spots are opened every Monday (7 LEFT)",2026-09-22T19:19:40Z,,
@WOLFXSIGNALS_FREEGROUP,11700,2026-09-22T18:25:21Z,,2026-09-22T19:19:40Z,,
@FXFARO_FREEGROUP,13624,2026-09-22T16:55:41Z,AUDCHF (PUBLIC TRADE) > RUNNING AT +15PIPS. STILL IN.💰,2026-09-22T19:19:43Z,2026-09-22T16:55:42Z,
@FXFARO_FREEGROUP,13625,2026-09-22T17:19:10Z,"🌎$4,647.40 PAYOUT JUST LANDED FOR REECE. 

And YES, this was generated through our FUNDED MANAGEMENT system.

The best part?

REECE DIDN’T PLACE A SINGLE TRADE HIMSELF.

No watching charts all day.
No waiting for signals.
No stressing about entries and exits.
No emotional trading.

The funded account was managed for him while he simply continued with his normal life.

And now?

$4,647.40 PAYOUT SECURED.

That’s the beauty of our Funded Management system.

You own the funded account.

We handle the trading.

You focus on everything else. 👀🔥 @fxfaro",2026-09-22T19:19:43Z,2026-09-22T17:19:11Z,
@FXFARO_FREEGROUP,13626,2026-09-22T17:34:29Z,"A LOT of people keep asking me:

“Is funded trading actually real?” 👀

YES. Funded trading is real.

Instead of trading with a huge amount of your own capital, you can qualify for access to a prop firm’s trading capital.

$10K
$50K
$100K
$200K
Even $400K

You trade the funded account and, depending on the prop firm’s rules, keep an agreed share of the profits you generate.

And the best part?

With our Funded Management service, you don’t even have to handle the trading yourself.

Your funded account.
Our management.
You focus on your own life, job or business.

Of course, funded accounts still have rules, fees and risk of losing the account. Nothing is guaranteed.

Questions about how it works?

MESSAGE ME NOW. 💬🔥 @fxfaro",2026-09-22T19:19:43Z,2026-09-22T17:34:29Z,
@FXFARO_FREEGROUP,13627,2026-09-22T18:31:46Z,BTCUSD > KEEP HOLDING ALL THE BTC TRADES.,2026-09-22T19:19:43Z,2026-09-22T18:31:46Z,
@FXFARO_FREEGROUP,13628,2026-09-22T18:53:55Z,AUDCHF (PUBLIC TRADE) > PUSHING AT +16PIPS. STILL IN.💰,2026-09-22T19:19:43Z,2026-09-22T18:53:56Z,
@FXFARO_FREEGROUP,13629,2026-09-22T18:54:56Z,AUDCHF (PUBLIC TRADE) > PRINTING.💵,2026-09-22T19:19:43Z,2026-09-22T18:54:57Z,
@TOPNOTCHFOREXFREE,23838,2026-09-22T18:36:08Z,"🤝 It takes ONE good decision 📈

Before: Serving people and making coffees, earning €8,00 per hour blowing accounts in my free time

Now: Six figure months, automating stratgies and helping thousands 💪

My number 1 lesson? Stop wanting things now and invest long-term 📆

👉 The right decision is one click away, stop watching & waiting 🪙",2026-09-22T19:19:46Z,2026-09-22T18:36:08Z,
@TOPNOTCHFOREXFREE,23839,2026-09-22T18:36:08Z,,2026-09-22T19:19:46Z,,
@TAURUSTRADERSSIGNALE,39877,2026-09-22T17:06:31Z,"Ich werde noch einmal kurz erklären, wie ein mit Guthaben ausgestattetes Konto funktioniert und warum die Entscheidung dafür ein Kinderspiel ist.

Danach gebe ich euch 15 Minuten Zeit, um selbst ein wenig zu recherchieren.

DANN WERDEN WIR DIE SPOTS STARTEN",2026-09-22T19:19:48Z,,2026-09-22T22:16:58Z
@TAURUSTRADERSSIGNALE,39878,2026-09-22T17:08:27Z,"Okay, kein Grund, meinen Posteingang zuzuspammen – LIES DAS HIER👇👇👇

🟢FINANZIERTE KONTEN – So funktioniert es WIRKLICH

Ich fasse es kurz zusammen 👇

✅Handle mit einem Kapital von €100.000–€200.000
✅Kein Risiko für dein eigenes Geld
✅Wir übernehmen die Herausforderung zu 100% für dich
✅Du handelst innerhalb von 24 Stunden live
✅Verdiene bis zu 90% Gewinnbeteiligung
✅Verlust? Die Prop-Firma trägt den Verlust, nicht du

Es ist einfach echtes Kapital, mit dem du deine Trades schnell skalieren kannst.

Keine Erfahrung erforderlich – wir richten alles für dich ein",2026-09-22T19:19:48Z,,2026-09-22T22:16:58Z
@TAURUSTRADERSSIGNALE,39879,2026-09-22T17:14:28Z,"Ich möchte Ihnen zeigen, was eines unserer Mitglieder mit einem finanzierten Konto erreicht hat … Er startete seine Trading-Karriere mit Verlusten und ging das Risiko ein, sein Leben zu ändern.

Sehen Sie sich an, was er in einem Monat geschafft hat. NUR 6 % auf einem 200.000-Konto…",2026-09-22T19:19:48Z,,2026-09-22T22:16:58Z
@TAURUSTRADERSSIGNALE,39880,2026-09-22T17:17:15Z,"Du könntest der Nächste sein … du musst nur den ersten Schritt machen und den Mut aufbringen, mit einem finanzierten Konto zu handeln.

Geld verdienen könnte 2026 nicht einfacher sein.",2026-09-22T19:19:48Z,,2026-09-22T22:16:58Z
@TAURUSTRADERSSIGNALE,39881,2026-09-22T17:18:09Z,"⚠️DEIN 15-MINÜTIGER COUNTDOWN HAT GERADE BEGONNEN.

Danach werde ich die Plätze für die Bonusrunde freigeben entweder du schnappst sie dir jetzt, oder du zahlst später den vollen Preis.

Eine einfache Entscheidung, oder?",2026-09-22T19:19:48Z,,2026-09-22T22:16:58Z
@TAURUSTRADERSSIGNALE,39882,2026-09-22T17:27:08Z,"Hast du alles gelesen? (Noch 5 Minuten)

Bist du bereit, dir einen Platz zu sichern?

Gib ein „Gefällt mir“, wenn du bereit bist 🔥🔥",2026-09-22T19:19:48Z,,2026-09-22T22:16:58Z
@TAURUSTRADERSSIGNALE,39883,2026-09-22T17:38:01Z,"ES IST ENDLICH VERDAMMT NOCH MAL SOWEIT.

ZEIT, IN DEN CHAT ZU GEHEN.

Jetzt.",2026-09-22T19:19:48Z,,2026-09-22T22:16:58Z
@TAURUSTRADERSSIGNALE,39884,2026-09-22T17:38:27Z,3...,2026-09-22T19:19:48Z,2026-09-22T17:38:34Z,2026-09-22T22:16:58Z
@TAURUSTRADERSSIGNALE,39885,2026-09-22T17:38:40Z,2...,2026-09-22T19:19:48Z,,2026-09-22T22:16:58Z
@TAURUSTRADERSSIGNALE,39886,2026-09-22T17:38:56Z,"DENKT DARAN: Das ist die allerletzte Chance.

So etwas Verrücktes werde ich nie wieder tun.",2026-09-22T19:19:48Z,,2026-09-22T22:16:58Z
@TAURUSTRADERSSIGNALE,39887,2026-09-22T17:39:38Z,1...,2026-09-22T19:19:48Z,,2026-09-22T22:16:58Z
@TAURUSTRADERSSIGNALE,39888,2026-09-22T17:40:08Z,"⚡️⚡️⚡️⚡️  DER GRÖSSTE RABATT ALLER ZEITEN FÜR EIN FINANZIERTES KONTO

€247 statt €1.997

⚠️ €1.750 Rabatt | 100% Bestehensgarantie

👇Sichern Sie sich jetzt Ihr Exemplar:

https://buy.stripe.com/3cIbJ3cs46Mx0mW93R4AU0U",2026-09-22T19:19:48Z,,2026-09-22T22:16:58Z
@TAURUSTRADERSSIGNALE,39889,2026-09-22T17:44:24Z,"Oh mein Gott.

Ich sage nur eins: Ich habe so viel Respekt vor denen, die sich melden und den Mut haben, einen Platz einzunehmen.

Ihr werdet euch weiterentwickeln. Ich glaube fest an euch.",2026-09-22T19:19:48Z,,2026-09-22T22:16:58Z
@TAURUSTRADERSSIGNALE,39890,2026-09-22T17:44:52Z,Die ersten 37 Plätze sind übrigens schon vergeben.,2026-09-22T19:19:48Z,,2026-09-22T22:16:58Z
@TAURUSTRADERSSIGNALE,39891,2026-09-22T17:45:51Z,"KLICKE HIER, WENN DU DEN MUT HAST, DIR EINEN PLATZ ZU SICHERN  

DIESE CHANCE WIRST DU NIEMALS WIEDER BEKOMMEN.",2026-09-22T19:19:48Z,,2026-09-22T22:16:58Z
@TAURUSTRADERSSIGNALE,39892,2026-09-22T18:14:28Z,"NEW TRADE IDEA

XAUUSD SELL 4359

TP 4355

TP 2 4350

SL @ 4369

Trade accordingly and only trade with money you can afford to LOSE.

USE DOUBLE LOTSIZE",2026-09-22T19:19:48Z,,
@FREESIGNALSTOTRADEBYLENNART,60371,2026-09-22T16:02:15Z,"S2T - Day by Day Performance🚀

So sehen die aktuellen Ergebnisse aus. 

Jeder Tag einzeln aufgelistet, alle Gewinne und Verluste aufgezeigt. 

Wärst du mit solchen Gewinnen zufrieden?

📲 Schreibe jetzt @S2TSupport",2026-09-22T19:19:51Z,,
@FREESIGNALSTOTRADEBYLENNART,60372,2026-09-22T16:10:38Z,"Heute mal wieder beide Seiten stark! 📊

Offene Position: +7115€
Geschlossen: +916€

Das ist das Level, das du erreichst, wenn du systematisch handelst 💵

Tägliche Struktur. Tägliche Resultate.

📲Jetzt kostenlos starten",2026-09-22T19:19:51Z,,
@FREESIGNALSTOTRADEBYLENNART,60373,2026-09-22T16:10:38Z,,2026-09-22T19:19:51Z,,
@FREESIGNALSTOTRADEBYLENNART,60374,2026-09-22T16:27:33Z,"⚠️Bei den folgenden Nachrichten handelt es sich um ein Ergebnis aus unserer Premium Gruppe, nicht um ein umzusetzendes Signal⚠️",2026-09-22T19:19:51Z,,
@FREESIGNALSTOTRADEBYLENNART,60375,2026-09-22T16:28:31Z,"🚀CHFJPY - BUY🚀

Entry: 188.468

Stopp-Loss: 188.068

Take-Profit 1: 188.668
Take-Profit 2: 188.868
Take-Profit 3: 189.668

📊3:1 Risk Reward 📊",2026-09-22T19:19:51Z,,
@FREESIGNALSTOTRADEBYLENNART,60376,2026-09-22T16:28:32Z,CHFJPY TP1 HIT ✔️,2026-09-22T19:19:51Z,,
@FREESIGNALSTOTRADEBYLENNART,60377,2026-09-22T16:28:32Z,CHFJPY TP2 HIT ✔️✔️,2026-09-22T19:19:51Z,,
@FREESIGNALSTOTRADEBYLENNART,60378,2026-09-22T16:29:25Z,,2026-09-22T19:19:51Z,,
@FREESIGNALSTOTRADEBYLENNART,60379,2026-09-22T16:29:25Z,TP2 wieder ein sauberer Treffer 🎯,2026-09-22T19:19:51Z,,
@FREESIGNALSTOTRADEBYLENNART,60380,2026-09-22T16:29:25Z,Bist du das nächste mal dabei?,2026-09-22T19:19:51Z,,
@FREESIGNALSTOTRADEBYLENNART,60381,2026-09-22T16:29:25Z,Stell dir mal vor was du mit dem zusätzlichen Geld machen könntest... und das beste daran ist. Du brauchst keine Vorerfahrung. Du benötigst nur ein klares System 📈,2026-09-22T19:19:51Z,,
@FREESIGNALSTOTRADEBYLENNART,60382,2026-09-22T16:29:25Z,Schreib mir jetzt und zeige ich dir  wie du das umsetzen kannst!,2026-09-22T19:19:51Z,,
@FREESIGNALSTOTRADEBYLENNART,60383,2026-09-22T16:33:09Z,,2026-09-22T19:19:51Z,,
@FREESIGNALSTOTRADEBYLENNART,60384,2026-09-22T16:40:01Z,"Neue Marktanalyse von Lennart - Exklusiv auf YouTube 📈

Heute gucken wir uns den US DOLLAR Chart an und zeigen dir was im Markt aktuell wirklich passiert.

✅Du siehst kostenlos wie eine richtige Analyse aussieht

📲Du willst mehr? Klick hier wenn du den Markt verstehen willst",2026-09-22T19:19:51Z,,
@FREESIGNALSTOTRADEBYLENNART,60385,2026-09-22T16:50:27Z,"Der Trade läuft aktuell mit +7115€ im Plus 💵

Take Profit wurde noch nicht erreicht. Wir lassen das Setup einfach weiter arbeiten!

Geduld zahlt sich im Trading immer aus. Wer dran bleibt wird belohnt 🔥

Wenn du solche Situationen live sehen willst dann melde dich jetzt 📱 @S2TSupport",2026-09-22T19:19:51Z,,
@FREESIGNALSTOTRADEBYLENNART,60386,2026-09-22T17:00:08Z,"🤫 Insider-Projekt: Eine einmalige Chance 🤫

Okay Leute, hört zu. Ich habe durch meine Kontakte eine einmalige Gelegenheit bekommen, die ich so nicht wieder anbieten kann. 

Es geht um ein exklusives Projekt, das normalerweise komplett unter dem Radar läuft. Ich kann nicht zu viele Details verraten, aber es geht um die Chance auf massive Gewinne. Ich kann dafür aber nur 5 Leute ab einem Startkapital von 2.000€ mit reinnehmen. 🔒

Das letzte Insider-Projekt hat mir persönlich eine Rendite von 230% eingebracht, diesmal teile ich es mit euch um euch die Chance zu bieten mit einem kleinen Investment von 2.000€ einen Gewinn von bis zu 10.000€ zu erzielen.

Wenn du bereit bist, eine Chance zu ergreifen, die andere nicht bekommen, schreib mir ""INSIDER"" an @S2TSupport",2026-09-22T19:19:51Z,,
@FREESIGNALSTOTRADEBYLENNART,60387,2026-09-22T17:00:09Z,,2026-09-22T19:19:51Z,,
@FREESIGNALSTOTRADEBYLENNART,60388,2026-09-22T17:20:27Z,LETZTE CHANCE für mein neues Projekt. 🚀,2026-09-22T19:19:51Z,,
@FREESIGNALSTOTRADEBYLENNART,60389,2026-09-22T17:20:28Z,Wir starten in wenigen Stunden und die Teilnehmer werden direkt ihr erstes Geld verdienen. Ich habe noch Kapazität für 3 LEUTE. ✅✅✅,2026-09-22T19:19:51Z,,
@FREESIGNALSTOTRADEBYLENNART,60390,2026-09-22T17:20:28Z,"Schreib ""LOS"", um keinen Trade zu verpassen",2026-09-22T19:19:51Z,,
@FREESIGNALSTOTRADEBYLENNART,60391,2026-09-22T17:20:28Z,"Schreib mir NICHT, wenn

❌ Du es nicht nötig hast.
❌ Du es nicht ernst meinst.
❌ Du mir nicht vertraust.",2026-09-22T19:19:51Z,,
@FREESIGNALSTOTRADEBYLENNART,60392,2026-09-22T17:40:17Z,3...,2026-09-22T19:19:51Z,,
@FREESIGNALSTOTRADEBYLENNART,60393,2026-09-22T18:04:08Z,2... (Meine DMs explodieren schon wieder wer es ernst meint muss JETZT schnell sein),2026-09-22T19:19:51Z,,
@FREESIGNALSTOTRADEBYLENNART,60394,2026-09-22T18:20:24Z,1... LETZTER PLATZ. Das ist die absolut letzte Chance.,2026-09-22T19:19:51Z,,
@FREESIGNALSTOTRADEBYLENNART,60395,2026-09-22T18:40:19Z,UND WEG. Willkommen an die zwei neuen Teilnehmer. Das Projekt ist jetzt endgültig geschlossen. 🔒,2026-09-22T19:19:51Z,,
@FREESIGNALSTOTRADEBYLENNART,60396,2026-09-22T18:50:27Z,"Offen Positionen bei über +7217€ 💵

So sieht es aus wenn Analyse, Timing und Erfahrung zusammenspielen. Das hier ist ein geplanter Move 📈

Während der Kurs weiterläuft tun wir genau das Richtige. Geduldig bleiben und nicht zu früh raus gehen.

Stell dir einfach mal vor du würdest an einem Tag mehr als in einem Monat in deine Job verdienen? 

Wo würde dein nächster Urlaub hingehen?

✉️ Sichere dir deinen exklusiven Zugang",2026-09-22T19:19:51Z,,
@FREESIGNALSTOTRADEBYLENNART,60397,2026-09-22T18:50:27Z,,2026-09-22T19:19:51Z,,
@REALNATEFXC,5120,2026-09-22T16:33:24Z,,2026-09-22T19:19:53Z,2026-09-22T16:35:43Z,
@REALNATEFXC,5121,2026-09-22T16:34:20Z,,2026-09-22T19:19:53Z,2026-09-22T16:34:48Z,
@REALNATEFXC,5122,2026-09-22T16:35:56Z,"MEMBERS RESULTS ARE FLYINGG IN 🚀🚀❤️

CLICK HERE FOR RESULTS LIKE this🤝",2026-09-22T19:19:53Z,2026-09-22T16:43:47Z,
@fxtradingvision,86028,2026-09-22T20:46:01Z,,2026-09-22T22:16:46Z,2026-09-22T20:46:01Z,
@phenexbillions,7111,2026-09-22T19:20:26Z,"🔥 Ein extrem erfolgreicher Tag heute!

Wir haben heute wieder bewiesen was für Erfolge strukturiertes und präzises Trading haben können. Auf den Konten meiner VIP Gruppe steht ein dickes ➕

Und das Beste? Du bist nur einen Klick davon entfernt – und es ist 100% kostenlos.

Schreib mir “START” und sichere dir deinen Zugang zur VIP bevor die Woche endet und du wieder leer ausgehst. 

➡ @billions_vitus",2026-09-22T22:16:48Z,,
@phenexbillions,7112,2026-09-22T19:35:45Z,"TP4 hit, that’s +7300 pips 🚀✅",2026-09-22T22:16:48Z,,
@phenexbillions,7113,2026-09-22T19:35:48Z,"TP4 hit, that’s +5800 pips 🚀✅",2026-09-22T22:16:48Z,,
@phenexbillions,7114,2026-09-22T19:43:12Z,"Yeah! Grad aufgewacht und den TP4 Hit gesehen! Woopwoop. 
Danke!!!
Grüße aus Bali! 🏝️",2026-09-22T22:16:48Z,,
@phenexbillions,7115,2026-09-22T20:13:45Z,Einfach nur geil deine Zonen ! 👍👍👍,2026-09-22T22:16:48Z,,
@phenexbillions,7116,2026-09-22T20:14:03Z,,2026-09-22T22:16:48Z,,
@FXFARO_FREEGROUP,13630,2026-09-22T20:20:03Z,"If your signal provider needs TP1, TP2, TP3, TP4 and TP5 just to make every trade look like a winner...

You might want to ask what your REAL Risk to Reward actually is. 😂

Trading doesn't need to feel like solving a fucking puzzle every time you enter.

I know my ENTRY.
I know my RISK.
I know my TP.

Then I let the trade WORK.

ONE TP. FULL POSITION. CLEAN EXECUTION.

Stop collecting green ""TP1 HIT ✅"" messages.

Start collecting actual profits. 💰@fxfaro",2026-09-22T22:16:53Z,2026-09-22T20:20:04Z,
@FXFARO_FREEGROUP,13631,2026-09-22T20:35:04Z,"IMAGINE YOU’RE STILL FOLLOWING SIGNALS WITH TP1, TP2, TP3 IN 2026. 😂

Or even worse...

You’ve been brainwashed so badly that you’re using MULTIPLE TPs yourself now. @fxfaro",2026-09-22T22:16:53Z,2026-09-22T20:35:04Z,
@FXFARO_FREEGROUP,13632,2026-09-22T21:10:03Z,"I’VE RECEIVED A LOT OF MESSAGES from people who want the same hands-off setup as Reece. 👀💰

So I’m LIVE IN THE CHAT right now.

If you have ANY questions about:

Funded trading
Funded Management
Challenge passing
Account sizes
Payouts
Risk
How the whole process works

ASK ME NOW.

Whether you’re completely new or already have a funded account, I’m here to answer your questions.

Send me a message. I’m LIVE. 💬🔥 @fxfaro",2026-09-22T22:16:53Z,2026-09-22T21:10:04Z,
@TAURUSTRADERSSIGNALE,39893,2026-09-22T19:35:53Z,"TP 1 erreicht

+40 Pips

SL auf Einstieg verschieben",2026-09-22T22:16:58Z,,
@TAURUSTRADERSSIGNALE,39894,2026-09-22T19:36:11Z,"Auch TP 2 wurde erreicht…

+ 180 Pips Gewinn",2026-09-22T22:16:58Z,,
@TAURUSTRADERSSIGNALE,39895,2026-09-22T21:14:34Z,,2026-09-22T22:16:58Z,,
@FREESIGNALSTOTRADEBYLENNART,60398,2026-09-22T19:24:09Z,,2026-09-22T22:17:00Z,,
@FREESIGNALSTOTRADEBYLENNART,60399,2026-09-22T19:34:19Z,"⚠️Bei den folgenden Nachrichten handelt es sich um ein Ergebnis aus unserer Premium Gruppe, nicht um ein umzusetzendes Signal⚠️",2026-09-22T22:17:00Z,,
@FREESIGNALSTOTRADEBYLENNART,60400,2026-09-22T19:35:54Z,"🚀EURGBP - SELL🚀

Entry: 0.85746

Stopp-Loss: 0.85866

Take-Profit 1: 0.85686
Take-Profit 2: 0.85626
Take-Profit 3: 0.85386

📊3:1 Risk Reward 📊",2026-09-22T22:17:00Z,,
@FREESIGNALSTOTRADEBYLENNART,60401,2026-09-22T19:35:54Z,EURGBP TP1 HIT ✔️,2026-09-22T22:17:00Z,,
@FREESIGNALSTOTRADEBYLENNART,60402,2026-09-22T19:35:54Z,EURGBP TP2 HIT ✔️✔️,2026-09-22T22:17:00Z,,
@FREESIGNALSTOTRADEBYLENNART,60403,2026-09-22T19:36:03Z,,2026-09-22T22:17:00Z,,
@FREESIGNALSTOTRADEBYLENNART,60404,2026-09-22T19:36:03Z,TP2 sauber getroffen und SL auf Break Even gezogen 💵,2026-09-22T22:17:00Z,,
@FREESIGNALSTOTRADEBYLENNART,60405,2026-09-22T19:36:03Z,Glückwunsch an alle die den Trade mitgenommen haben in der VIP Gruppe. So macht Trading spaß. Einfach entspannt und ohne Risiko.,2026-09-22T22:17:00Z,,
@FREESIGNALSTOTRADEBYLENNART,60406,2026-09-22T19:36:03Z,Klicke HIER wenn du auch vom Markt profitieren möchtest!,2026-09-22T22:17:00Z,,
@FREESIGNALSTOTRADEBYLENNART,60407,2026-09-22T19:40:09Z,"S2T VIP - 2 Wochen Übersicht💯

Hier seht ihr genau wofür wir stehen. Diese Zahlen haben alle VIP Mitglieder erzielt.

✅14 Tage - 3634€

Du willst wissen wie das auch für dich möglich ist? 

📬 @S2TSupport",2026-09-22T22:17:00Z,,
@FREESIGNALSTOTRADEBYLENNART,60408,2026-09-22T19:40:23Z,"Mir gefällt die professionelle Struktur hier sehr. Alles wird klar erklärt, wodurch jedes Setup viel einfacher zu verstehen ist. 🙌",2026-09-22T22:17:00Z,,
@FREESIGNALSTOTRADEBYLENNART,60409,2026-09-22T19:41:59Z,"Heute lief alles nach Plan 📊

+916€ geschlossen ✔️
Metatrader-Chart zeigt: Der Markt hat sich so bewegt, wie vorausgesagt aber der Unterschied war: Wir waren vorbereitet.

Wenn du auch konstant gute Ergebnisse willst ohne zu zocken, ohne zu raten 

📲Schreib @S2TSupport",2026-09-22T22:17:00Z,,
@FREESIGNALSTOTRADEBYLENNART,60410,2026-09-22T19:41:59Z,,2026-09-22T22:17:00Z,,
@FREESIGNALSTOTRADEBYLENNART,60411,2026-09-22T19:50:25Z,"Starke Stimmen aus der Community 📊

Nach dem heutigen Profit Tag erreichen uns wieder zahlreiche Rückmeldungen.

Das Feedback ist klar: Struktur macht den Unterschied 📊

Du kannst noch zusehen oder du steigst ein bevor der nächste Trade kommt 💯

📲Jetzt schreiben @S2TSupport",2026-09-22T22:17:00Z,,
@FREESIGNALSTOTRADEBYLENNART,60412,2026-09-22T20:04:12Z,"Community Feedback 📈

„Ich hab jetzt zum ersten Mal überhaupt Rücklagen. 2.400 € in vier Monaten aufgebaut. Das gibt mir ein Gefühl von Sicherheit, das ich nie kannte.“ 

Und das trotz 40-Stunden-Job 🎯

Wer mit System tradet, spart nicht nur Zeit - sondern baut sich Stück für Stück finanzielle Stabilität auf.
Kein Stress. Keine wilden Zocks. Einfach strukturierte Setups und transparente Signale.

Zugang limitiert für alle, die sich ein zweites Standbein aufbauen wollen

📲Schreib @S2TSupport und fang noch heute an.",2026-09-22T22:17:00Z,,
@FREESIGNALSTOTRADEBYLENNART,60413,2026-09-22T20:20:21Z,"+916€ auf’s Konto aber der Tag ist noch nicht vorbei 🔥
 
Das Setup wurde vorab analysiert, der Einstieg sauber gesetzt.
TradingView zeigt dir exakt, wie sich das entwickelt hat 📈

Das ist der Unterschied:
Wir arbeiten mit Struktur nicht mit Hoffnung.

Du willst dein Geld sinnvoll nutzen?
📬Dann schreib @S2TSupport",2026-09-22T22:17:00Z,,
@FREESIGNALSTOTRADEBYLENNART,60414,2026-09-22T20:20:21Z,,2026-09-22T22:17:00Z,,
@FREESIGNALSTOTRADEBYLENNART,60415,2026-09-22T20:31:44Z,"Andere rutschen bei so einem Tag ins Minus...

Wir nicht. Wir sind fein auf Break Even raus 📈

Der Unterschied befindet sich in der Struktur. Unsere VIPs bekommen genauen Einstieg und wir zeigen die Zielzonen aber auch Support & Resistance. Durch unser Regelwerk wissen sie wann sie ihren Trade auf Break Even absichern sollten. 

Der wichtigste Punkt ist der Schutz des Kapitals. Das ist immer unsere höchste Priorität. Qualität vor Quantität. 💯

Wenn du auch endlich mit Struktur traden möchtest dann ist S2T deine Eintrittskarte 👉@S2TSupport",2026-09-22T22:17:00Z,,
@FREESIGNALSTOTRADEBYLENNART,60416,2026-09-22T20:45:07Z,"Leute hier wird richtig Geld gedruckt. 💵

Meine Partner bekommen diese wirklich brutale Hit-rate 1:1 auf das eigene Portfolio übertragen. 

Du siehst die Performance jeden Tag hier im Channel und das ist nur ein kleiner Einblick in den VIP.

Hör auf zu zweifeln und verändere dein Leben. 
➡️ @S2TSupport",2026-09-22T22:17:00Z,,
@FREESIGNALSTOTRADEBYLENNART,60417,2026-09-22T21:03:45Z,"✔️Glückwunsch an alle die heute ihre Chance ergriffen haben.

✔️Glückwunsch an alle die heute nicht nur gelesen sondern gemacht haben. 

✔️Glückwunsch an alle die heute endlich erkannt haben dass sie nur gewinnen können wenn sie mit uns gemeinsam starten.


Lasst uns den morgigen Tag genauso dominieren wie den heutigen 📊

Lets go S2T Community 💯",2026-09-22T22:17:00Z,,
@REALNATEFXC,5123,2026-09-22T20:16:15Z,"MEMBER TESTIMONY #25✔️✔️

USE THIS TIME TO PREPARE FOR THE NEXT TRADING DAY💥💥

IF YOU WANT TO BE Instantly part of the PREMIUM press here",2026-09-22T22:17:03Z,2026-09-22T20:17:30Z,
@TRADINGCENTRALGLOBAL,53744,2026-09-22T20:55:11Z,"And that’s how it’s done! All members in profit, because no one missed out 👇

Some members made $50, some made $100 and some even exceeded the $1.000 mark! 

Everyone on his or her own level, because risk management is decided by them and adhered to because of my guidance!

And how did no one miss out? Simple. Limit orders. I explained this above in the videos.

But also the analysis, the live sessions and the open community chat. All there to make you feel confident and comfortable.

Now… these members are just like you. Only difference? They took action ✅

Read down below to understand how you can do the same!",2026-09-22T22:17:05Z,2026-09-22T20:55:18Z,
@TRADINGCENTRALGLOBAL,53745,2026-09-22T20:55:11Z,,2026-09-22T22:17:05Z,,
@TRADINGCENTRALGLOBAL,53746,2026-09-22T20:55:11Z,,2026-09-22T22:17:05Z,,
@TRADINGCENTRALGLOBAL,53747,2026-09-22T20:55:11Z,,2026-09-22T22:17:05Z,,
@TRADINGCENTRALGLOBAL,53748,2026-09-22T20:55:11Z,,2026-09-22T22:17:05Z,,
@TRADINGCENTRALGLOBAL,53749,2026-09-22T20:55:11Z,,2026-09-22T22:17:05Z,,
@TRADINGCENTRALGLOBAL,53750,2026-09-22T20:55:11Z,,2026-09-22T22:17:05Z,,
@TRADINGCENTRALGLOBAL,53751,2026-09-22T20:55:11Z,,2026-09-22T22:17:05Z,,
@TRADINGCENTRALGLOBAL,53752,2026-09-22T20:55:11Z,,2026-09-22T22:17:05Z,,
@TRADINGCENTRALGLOBAL,53753,2026-09-22T20:55:13Z,"I’m approving 50 of you immediately before the day is over. 

You can request to join my private community for free using this link:
• https://t.me/m/UY_GFjjLZmE0",2026-09-22T22:17:05Z,2026-09-22T20:55:18Z,
@TRADINGCENTRALGLOBAL,53754,2026-09-22T20:55:38Z,ⓘ You have been mentioned by the owner of this channel.,2026-09-22T22:17:05Z,2026-09-22T20:55:39Z,
@fxtradingvision,86029,2026-09-23T02:42:01Z,"Good morning TEAM 🫡🫡

Up bright and early time to attack the day! 

Doesn’t matter what position you’re in, you gotta get up and grind…",2026-09-23T05:06:52Z,2026-09-23T02:42:01Z,
@fxtradingvision,86030,2026-09-23T02:55:06Z,"Let me educate y’all on this Wednesday morning… You need to set goals in your life and then work as hard as you can to achieve them.

That’s why I said: It doesn’t matter in what position you’re in. Because maybe you are struggling, maybe you got everything you desire…

The point is, without goals, you lack purpose. And without purpose, life is worth nothing. 

It sounds deep but it’s the truth. You constantly set the bar a little higher. That’s how you stay productive and keep improving. 

Isn’t that what we (humanity) are made for? 

I definitely think we are… so get up and get to work. Or do you want to waste your whole life without goals and without purpose?",2026-09-23T05:06:52Z,2026-09-23T02:55:08Z,
@fxtradingvision,86031,2026-09-23T03:02:01Z,"That said… 

🏎 5 SPOTS for my VIP are OPEN now ⌛️

INCLUDING A 50% DEPOSIT BONUS 🎁

Click on the link here to UNLOCK the VIP trades today 🔽

👉🏼 CLICK HERE TO UNLOCK FREE ACCESS TO THE VIP GROUP",2026-09-23T05:06:52Z,2026-09-23T03:02:02Z,2026-09-23T09:59:51Z
@fxtradingvision,86032,2026-09-23T03:27:01Z,,2026-09-23T05:06:52Z,2026-09-23T03:27:02Z,
@fxtradingvision,86033,2026-09-23T03:53:01Z,"Read that message… 

Mitch made €2,495 in 1 single day by copying my trades in the VIP 👏 It’s insane that Mitch can get this result by clicking a few buttons on his phone… 🚀",2026-09-23T05:06:52Z,2026-09-23T03:53:01Z,
@fxtradingvision,86034,2026-09-23T03:53:01Z,,2026-09-23T05:06:52Z,,
@fxtradingvision,86035,2026-09-23T04:10:09Z,,2026-09-23T05:06:52Z,2026-09-23T04:10:10Z,
@fxtradingvision,86036,2026-09-23T04:39:01Z,"Gold looking very good at the moment if you ask me 🚀 looking to enter a position within the next 45 minutes 🤭

What do you think? BUY or SELL? 🤷🏻‍♂️

Full analysis will be shared into my VIP….",2026-09-23T05:06:52Z,2026-09-23T04:39:02Z,
@fxtradingvision,86037,2026-09-23T04:41:01Z,,2026-09-23T05:06:52Z,2026-09-23T04:41:01Z,
@fxtradingvision,86038,2026-09-23T04:47:01Z,Curious to your opinion :),2026-09-23T05:06:52Z,2026-09-23T04:47:01Z,
@TAURUSTRADERSSIGNALE,39896,2026-09-23T02:24:01Z,"Guten Morgen TEAM 🫡🫡

Hellwach und früh auf den Beinen – Zeit, den Tag anzugreifen!

Egal, in welcher Position du dich befindest, du musst aufstehen und Gas geben …",2026-09-23T05:07:04Z,,
@TAURUSTRADERSSIGNALE,39897,2026-09-23T03:09:01Z,"Lasst mich euch an diesem Mittwochmorgen etwas beibringen … Ihr müsst euch Ziele im Leben setzen und dann so hart wie möglich daran arbeiten, sie zu erreichen.

Deshalb habe ich gesagt: Es spielt keine Rolle, in welcher Position du dich befindest. Denn vielleicht kämpfst du gerade, vielleicht hast du alles, was du dir wünschst …

Der Punkt ist: Ohne Ziele fehlt dir ein Sinn. Und ohne Sinn ist das Leben nichts wert.

Es klingt tiefgründig, aber es ist die Wahrheit. Du setzt die Messlatte ständig ein Stück höher. So bleibst du produktiv und entwickelst dich weiter.

Ist das nicht genau das, wofür wir Menschen geschaffen sind?

Ich denke definitiv, dass wir das sind … also steh auf und leg los. Oder willst du dein ganzes Leben ohne Ziele und ohne Sinn verschwenden?",2026-09-23T05:07:04Z,,
@TAURUSTRADERSSIGNALE,39898,2026-09-23T04:22:01Z,"Das gesagt …

🏎 5 PLÄTZE für meine VIP-Gruppe sind jetzt OFFEN ⌛️

INKLUSIVE EINES 50% EINZAHLUNGSBONUS🎁

Klicke hier auf den Link, um die VIP-Trades HEUTE freizuschalten 🔽

👉🏼 HIER KLICKEN, UM KOSTENLOSEN ZUGANG ZUR VIP-GRUPPE FREIZUSCHALTEN",2026-09-23T05:07:04Z,,
@TAURUSTRADERSSIGNALE,39899,2026-09-23T05:03:01Z,"Meine Gewinne von heute,  danke dir dafür.",2026-09-23T05:07:04Z,,
@FREESIGNALSTOTRADEBYLENNART,60418,2026-09-23T02:00:21Z,"💵 Mittwoch 23. September 💵

Halbzeit der Woche und wir liegen im Plus. Genau so soll es sein!
Mittwoch ist kein Tag für Experimente sondern für sauberes Umsetzen.

Wer heute diszipliniert bleibt macht sich den Rest der Woche leichter.

Jeden Tag 1 % besser 🏆",2026-09-23T05:07:07Z,,
@FREESIGNALSTOTRADEBYLENNART,60419,2026-09-23T03:15:11Z,,2026-09-23T05:07:07Z,,
@FREESIGNALSTOTRADEBYLENNART,60420,2026-09-23T03:25:10Z,✍️ schreibt gerade...,2026-09-23T05:07:07Z,,
@FREESIGNALSTOTRADEBYLENNART,60421,2026-09-23T03:25:10Z,"Ich muss euch das zeigen. Habe gerade diese Nachricht von Ergjan bekommen. Er war am Anfang skeptisch. Das ist seine ehrliche Reaktion, nachdem er gesehen hat, was möglich ist. Mehr gibt es nicht zu sagen. Stark, Ergjan ! 🚀",2026-09-23T05:07:07Z,,
@FREESIGNALSTOTRADEBYLENNART,60422,2026-09-23T03:25:10Z,"Schreib ""START"" für meine kostenlosen Echtzeit-Analysen.",2026-09-23T05:07:07Z,,
@FREESIGNALSTOTRADEBYLENNART,60423,2026-09-23T03:25:10Z,"Schreib mir NICHT, wenn

❌ Du es nicht nötig hast.
❌ Du es nicht ernst meinst.
❌ Du mir nicht vertraust.",2026-09-23T05:07:07Z,,
@FREESIGNALSTOTRADEBYLENNART,60424,2026-09-23T03:25:10Z,"OKAY, STOPP. ⛔️",2026-09-23T05:07:07Z,,
@FREESIGNALSTOTRADEBYLENNART,60425,2026-09-23T03:39:35Z,"📊 Tagesreport VIP Montag 📊

USDCAD SELL TP1 HIT ✔️
➕01 Pips
USDCAD SELL TP1 HIT ✔️
➕18 Pips
USDCAD SELL TP1 HIT ✔️
➕10 Pips
EURJPY SELL TP1 HIT ✔️
➕02 Pips
GBPAUD SELL TP1 HIT ✔️
➕01 Pips
GBPNZD SELL TP1 HIT ✔️
➕04 Pips
XAUUSD BUY TP1 HIT ✔️
➕70 Pips
XAUUSD SELL TP1 HIT ✔️
➕20 Pips
XAUUSD SELL TP1 HIT ✔️
➕20 Pips
WS30 SELL TP1 HIT ✔️
➕100 Pips",2026-09-23T05:07:07Z,,
@FREESIGNALSTOTRADEBYLENNART,60426,2026-09-23T03:39:35Z,"XAUUSD SELL TP1 HIT ✔️
➕30 Pips
EURJPY SELL TP1 HIT ✔️
➕03 Pips
XAGUSD SELL TP1 HIT ✔️
➕70 Pips
WS30 SELL TP2 HIT ✔️✔️
➕200 Pips
WS30 SELL TP2 HIT ✔️✔️
➕200 Pips
XAUUSD BUY TP2 HIT ✔️✔️
➕170 Pips
XAUUSD BUY TP2 HIT ✔️✔️
➕170 Pips
WS30 BUY TP3 HIT ✔️✔️✔️
➕579 Pips
XAUUSD SELL TP3 HIT✔️✔️✔️
➕540 Pips",2026-09-23T05:07:07Z,,
@FREESIGNALSTOTRADEBYLENNART,60428,2026-09-23T03:43:43Z,"XAUUSD BUY SL HIT ❌
➖ 210 (3x) Pips

✔️Total➕ 1578 Pips 

➡️ Trades: 19✔️01❌

————————————————————

Bei einem eurer Konten wären das:

Mit 1 LOT 
Profit: ➕15780.7💵  

Mit 0.10 LOT 
Profit: ➕1578.7💵

Mit 0.01 LOT
Profit: ➕157.87💵

—————————————————————

100% Transparenz 

Schreibe unserem Support für mehr Informationen

➡️@S2TSupport",2026-09-23T05:07:07Z,,
@FREESIGNALSTOTRADEBYLENNART,60429,2026-09-23T03:44:13Z,,2026-09-23T05:07:07Z,,
@FREESIGNALSTOTRADEBYLENNART,60430,2026-09-23T03:44:48Z,"Freunde so fühlt sich echte Freiheit an! Du stehst morgens auf ohne Wecker und tust das worauf du wirklich Lust hast.
All das ist möglich mit Trading und ich zeige dir wie du mit den Signalen von Signals2Trade das auch erreichen kannst.

Unser Tag beginnt entspannt während andere noch im Stau stehen.

✔️Richtige Entscheidung getroffen
✔️Heute ein Leben in Freiheit genießen

Du willst das auch? Dann schreib 👉@S2TSupport",2026-09-23T05:07:07Z,,
@FREESIGNALSTOTRADEBYLENNART,60431,2026-09-23T04:31:51Z,"⭐️ Ergebnisse aus unserer VIP Community ⭐️

Danke für eure Rückmeldungen. Sie bestätigen uns dass wir mit unserer Arbeit richtig liegen. Wir geben jeden Tag alles um euch klare Signale und echte Resultate zu liefern.

Macht weiter so Freunde. Wir entwickeln uns gemeinsam weiter.
📱@S2TSupport",2026-09-23T05:07:07Z,,
@TRADINGCENTRALGLOBAL,53755,2026-09-23T04:59:01Z,"Welcome to Wednesday; the middle of the week! ✅

Summer is somewhat at its end, so it’s time to make some money so these past months are paid for.

I’m about to hop behind my screen & share the analysis + first limit order of the day

Make sure to hit the gym; start your day good and be in the private trading room… are you ready?",2026-09-23T05:07:12Z,2026-09-23T04:59:08Z,
@TRADINGCENTRALGLOBAL,53756,2026-09-23T05:05:09Z,,2026-09-23T05:07:12Z,2026-09-23T05:05:18Z,
@fxtradingvision,86039,2026-09-23T05:34:01Z,"Follow the steps, complete your deposits, I see you inside the VIP.

More trades loading 🫥",2026-09-23T09:59:51Z,2026-09-23T05:34:01Z,
@fxtradingvision,86040,2026-09-23T07:16:01Z,"I’m looking for 20 SERIOUS individuals who want to make between €8,000 and €16,000 per month by copying every single trade I take on my personal live account.

People who are ready to move TODAY, not people who will think about it for another week and miss everything.",2026-09-23T09:59:51Z,2026-09-23T08:39:02Z,
@fxtradingvision,86041,2026-09-23T07:49:01Z,,2026-09-23T09:59:51Z,2026-09-23T07:49:01Z,
@fxtradingvision,86042,2026-09-23T08:38:57Z,"THIS WEEK'S RESULTS IN MY VIP GROUP (so far)
Week 39, 2026

📊 Trades shared: 16
✅ Win: 15
❌ Loss: 1

>> Win-ratio: 93.8%

Another day, another opportunity to print! Don't miss today's trades 🔔

WANT TO COPY ALL MY TRADES? Click the button below to get FREE ACCESS to my VIP 👇🏻",2026-09-23T09:59:51Z,2026-09-23T08:38:58Z,
@fxtradingvision,86043,2026-09-23T08:38:57Z,,2026-09-23T09:59:51Z,,
@fxtradingvision,86044,2026-09-23T09:43:34Z,"New trade on GOLD shared in the VIP ☕️

Which direction? Buy or Sell?

👉 CLICK HERE TO CLAIM YOUR SPOT & UNLOCK ALL THE TRADES",2026-09-23T09:59:51Z,2026-09-23T09:43:38Z,2026-09-23T18:42:30Z
@fxtradingvision,86045,2026-09-23T09:50:51Z,"NEW TRADE IDEA

XAUUSD BUY LIMIT 4305

TP 1 4309
TP 2 4310
TP 3 4330

SL @ 4285

Trade accordingly and only trade with money you can afford to LOSE.

USE DOUBLE LOTSIZE",2026-09-23T09:59:51Z,2026-09-23T09:50:51Z,
@phenexbillions,7117,2026-09-23T05:15:15Z,Mal eben kurz das Konto von 300 auf 700 geflippt heute 😂😉,2026-09-23T09:59:54Z,,
@phenexbillions,7118,2026-09-23T05:28:02Z,"📈 Klare Entscheidungen, saubere Setups und ein strukturierter Ablauf. Genau so entsteht Fortschritt im Trading – nicht durch Zufall, sondern durch Wiederholung. Wer Märkte versteht, handelt mit Plan statt Emotion. Mit jedem Tag wächst Sicherheit, wenn Analyse und Umsetzung zusammenpassen. So werden Ergebnisse Schritt für Schritt stabiler.

Wenn du meinen kostenlosen Service kennenlernen willst und Trading strukturiert angehen möchtest, schreib mir ""START"".

➡ @billions_vitus",2026-09-23T09:59:54Z,,
@phenexbillions,7119,2026-09-23T08:36:47Z,"✅ NEUER PREMIUM TRADE! ✅

Solltest du noch nicht Mitglied meiner VIP Gruppe sein, hast du soeben ein kostenloses Signal verpasst.

Schreib mir jetzt ""START"" und sichere dir deinen kostenlosen Zugang zur VIP mit 2-4 präzisen Signalen am Tag❗️

➡ @billions_vitus",2026-09-23T09:59:54Z,,
@phenexbillions,7120,2026-09-23T09:01:40Z,"TP1 hit, that’s +400 pips 🚀✅

SL nach Belieben auf Break Even…",2026-09-23T09:59:54Z,,
@WOLFXSIGNALS_FREEGROUP,11701,2026-09-23T09:49:02Z,,2026-09-23T09:59:56Z,,
@WOLFXSIGNALS_FREEGROUP,11702,2026-09-23T09:49:06Z,,2026-09-23T09:59:56Z,,
@WOLFXSIGNALS_FREEGROUP,11703,2026-09-23T09:49:19Z,"🔥 +$29,850 PROFITS MADE IN THE CRYPTO VIP🔥

✅ AUCTION ➡️TAKE PROFIT 3 
✅ PEOPLE ➡️TAKE PROFIT 3
✅ SWARMS ➡️TAKE PROFIT 3  
✅ SOL ➡️TAKE PROFIT 3 
✅ PIXEL ➡️TAKE PROFIT 3 
✅ CGPT ➡️TAKE PROFIT 2 
✅ RVN ➡️TAKE PROFIT 1 

📊 Profits in 3 Days: +212.590%

——————————————————
⚠️ BIG MOMENT: Best time of this 2026 to trade cryptos. Perfect conditions + Bitcoin going up🚀


   ❗️❗️❗️❗️❗️❗️❗️❗️❗️❗️

                             ⬇️

       👉 CRYPTO VIP ACCESS 👈",2026-09-23T09:59:56Z,,
@WOLFXSIGNALS_FREEGROUP,11704,2026-09-23T09:49:19Z,,2026-09-23T09:59:56Z,,
@FXFARO_FREEGROUP,13633,2026-09-23T05:41:20Z,"BTCUSD > BTC KEEPS PUSHING. OUR FIRST 2 ENTRIES WILL HIT TP SOON.

+200PIPS. ALMOST HITTING TP.
+220PIPS. ALMOST HITTING TP.
+130PIPS.",2026-09-23T09:59:59Z,2026-09-23T05:41:21Z,
@FXFARO_FREEGROUP,13634,2026-09-23T06:04:01Z,"📆 Midweek Market Update

We’re right in the middle of the trading week — and today looks promising.
A few next-level setups are forming. 📈

Once everything aligns, the first high-probability VIP signals will be sent.
As always: quality over quantity. 🎯

Stay ready.
@fxfaro",2026-09-23T09:59:59Z,2026-09-23T06:04:01Z,
@FXFARO_FREEGROUP,13635,2026-09-23T06:44:01Z,"I’m currently preparing a NEW XAUUSD entry 👀🔥

So if you’re inside VIP, stay SHARP.

The higher timeframe direction is still very clear, and now it’s all about waiting for the RIGHT lower timeframe execution with minimal drawdown.

Don’t sleep on this one 😮‍💨

@fxfaro",2026-09-23T09:59:59Z,2026-09-23T06:44:01Z,
@FXFARO_FREEGROUP,13636,2026-09-23T07:22:01Z,"Stop using multiple TPs.

And you will go MUCH further in your trading..

Seriously.

That TP1, TP2, TP3 habit is holding you back more than you think.",2026-09-23T09:59:59Z,2026-09-23T07:22:02Z,
@FXFARO_FREEGROUP,13637,2026-09-23T08:08:49Z,XAUUSD > GOLD IS MELTING!! ALL ENTRIES ARE RUNNING IN DEEP PROFIT.,2026-09-23T09:59:59Z,2026-09-23T08:08:49Z,
@FXFARO_FREEGROUP,13638,2026-09-23T08:15:51Z,"TODAY IS GOING TO BE A SPECIAL DAY❗️

Both GOLD and BTC are setting up for something BIG.

The plan we have mapped out inside VIP is INSANE.

Everything is prepared.
Key levels are ready.
Now we wait for the confirmations.

These are the kind of opportunities that DON’T come around every day.

GOLD + BTC.

STAY SHARP TODAY. 🔥 @fxfaro",2026-09-23T09:59:59Z,2026-09-23T08:15:52Z,
@FXFARO_FREEGROUP,13639,2026-09-23T09:58:43Z,"REMEMBER PEOPLE:

If you can't clearly explain WHY you're taking a trade, you're not trading. You're GAMBLING.

Most traders have no real plan. They see a chart, get a feeling, and randomly jump in.

That's exactly why they struggle to become consistently profitable.

Before I enter ANY trade, I need a list of confirmations that I can check off one by one.

No confirmations? NO TRADE.

Stop trading feelings.
Start trading a PLAN. 🧠📈 
@fxfaro",2026-09-23T09:59:59Z,2026-09-23T09:58:43Z,
@TOPNOTCHFOREXFREE,23840,2026-09-23T06:34:47Z,"Good morning, traders! ☕️

My premium members woke up with INSANE PROFITS

I will send the first free GOLD TRADE of the day soon 🔥🥇

Turn on your notifications 🔔",2026-09-23T10:00:01Z,2026-09-23T06:34:47Z,
@TOPNOTCHFOREXFREE,23841,2026-09-23T07:25:26Z,"🌎 SIGNAL ALERT!

💰 SELL XAUUSD 4328.2

🛩 TP1: 4326.1
🛩 TP2: 4323.3
🛩 TP3: 4314.1

⛔️ SL: 4342.3",2026-09-23T10:00:01Z,2026-09-23T07:25:27Z,
@TOPNOTCHFOREXFREE,23842,2026-09-23T07:30:21Z,"✅ TP1 hit: +210 pips 

Manage your trades, team 🫡🔥",2026-09-23T10:00:01Z,2026-09-23T07:30:23Z,
@TOPNOTCHFOREXFREE,23843,2026-09-23T07:31:06Z,"✅ TP2 hit: +490 pips

WHAT A TRADE 🚀🚀🚀",2026-09-23T10:00:01Z,2026-09-23T07:31:07Z,
@TOPNOTCHFOREXFREE,23844,2026-09-23T07:35:01Z,"[LIMITED] 5 FREE SPOTS to my Premium just opened 🚨

FIRST COME FIRST SERVE 👇

CLAIM YOUR SPOT HERE ⚠️",2026-09-23T10:00:01Z,2026-09-23T07:35:02Z,
@TOPNOTCHFOREXFREE,23845,2026-09-23T09:46:22Z,"✅ TP3 hit: +1410 pips 

Enjoy your profits team 🫡🔥

JOIN MY PREMIUM NOW 🏆",2026-09-23T10:00:01Z,2026-09-23T09:46:23Z,
@TAURUSTRADERSSIGNALE,39900,2026-09-23T05:56:01Z,"…. ich habe heute von morgens bis abends alles gegeben, Risikobereitschaft gezeigt und in meinen Augen gewonnen. Danke Taurus Team❤️❤️❤️❤️❤️❤️❤️❤️❤️❤️",2026-09-23T10:00:04Z,,
@TAURUSTRADERSSIGNALE,39901,2026-09-23T06:23:01Z,,2026-09-23T10:00:04Z,,
@TAURUSTRADERSSIGNALE,39902,2026-09-23T07:11:01Z,"Gold sieht im Moment wirklich gut aus, wenn du mich fragst 🚀 Ich möchte innerhalb der nächsten 45 Minuten eine Position eröffnen 🤭

Was denkst du? KAUFEN oder VERKAUFEN? 🤷🏻‍♂️

Die vollständige Analyse wird in meiner VIP-Gruppe geteilt…",2026-09-23T10:00:04Z,,
@TAURUSTRADERSSIGNALE,39903,2026-09-23T07:42:01Z,,2026-09-23T10:00:04Z,,
@TAURUSTRADERSSIGNALE,39904,2026-09-23T07:57:01Z,Bin gespannt auf deine Meinung :),2026-09-23T10:00:04Z,,
@TAURUSTRADERSSIGNALE,39905,2026-09-23T08:48:01Z,"Ich suche nach 20 ERNSTHAFTEN Personen, die monatlich zwischen €8.000 und €16.000 verdienen möchten, indem sie jeden einzelnen Trade kopieren, den ich auf meinem persönlichen Live-Konto tätige.

Menschen, die bereit sind, HEUTE zu handeln – nicht Menschen, die noch eine weitere Woche darüber nachdenken und alles verpassen.

👉🏻 HIER KLICKEN, UM DICH FÜR EINEN DER 20 PLÄTZE ZU BEWERBEN",2026-09-23T10:00:04Z,,
@TAURUSTRADERSSIGNALE,39906,2026-09-23T09:25:21Z,,2026-09-23T10:00:04Z,,
@TAURUSTRADERSSIGNALE,39907,2026-09-23T09:46:31Z,"TP 1 hier schließen

+30 Pips Gewinn

SL auf Break-even setzen",2026-09-23T10:00:04Z,,
@TAURUSTRADERSSIGNALE,39908,2026-09-23T09:46:59Z,"Neuer Trade auf GOLD wurde in der VIP Gruppe geteilt

Welche Richtung? Buy 🔼 oder Sell 🔽?

👉 KLICK HIER UM DIR DEINEN PLATZ ZU SICHERN UND ALLE TRADES FREIZUSCHALTEN",2026-09-23T10:00:04Z,,
@FREESIGNALSTOTRADEBYLENNART,60432,2026-09-23T05:24:09Z,"⚠️Bei den folgenden Nachrichten handelt es sich um ein Ergebnis aus unserer Premium Gruppe, nicht um ein umzusetzendes Signal⚠️",2026-09-23T10:00:06Z,,
@FREESIGNALSTOTRADEBYLENNART,60433,2026-09-23T05:27:57Z,"🚀GBPUSD - SELL🚀

Entry: 1.33722

Stopp-Loss: 1.33872

Take-Profit 1: 1.33652
Take-Profit 2: 1.33572
Take-Profit 3: 1.33272

📊3:1 Risk Reward 📊",2026-09-23T10:00:06Z,,
@FREESIGNALSTOTRADEBYLENNART,60434,2026-09-23T05:27:57Z,GBPUSD TP1 HIT ✔️,2026-09-23T10:00:06Z,,
@FREESIGNALSTOTRADEBYLENNART,60435,2026-09-23T05:36:21Z,,2026-09-23T10:00:06Z,,
@FREESIGNALSTOTRADEBYLENNART,60436,2026-09-23T05:36:21Z,TP1 HIT ✔️,2026-09-23T10:00:06Z,,
@FREESIGNALSTOTRADEBYLENNART,60437,2026-09-23T05:36:22Z,"SL auf Break Even. Alles läuft nach Plan! 
Wir haben die Chance gesehen und genutzt 💵",2026-09-23T10:00:06Z,,
@FREESIGNALSTOTRADEBYLENNART,60438,2026-09-23T05:36:22Z,"Schreib mir jetzt um beim nächsten Trade dabei zu sein!
📱@S2TSupport",2026-09-23T10:00:06Z,,
@FREESIGNALSTOTRADEBYLENNART,60439,2026-09-23T05:40:17Z,"Gold interessiert dich, aber Krypto nicht?

Dann solltest du auch keine 50 Krypto-News bekommen.

Unser News Bot lässt sich individuell auf deine Interessen einstellen.

Du wählst die Märkte, die Anzahl der Updates und die Dringlichkeit der Meldungen. Der Bot kümmert sich um den Rest.

Für S2T Kunden ab 2.500€ Deposit.

👉 @S2TSupport",2026-09-23T10:00:06Z,,
@FREESIGNALSTOTRADEBYLENNART,60440,2026-09-23T06:01:10Z,"Warum bewegt sich der Markt gerade so verrückt? 📈

Die schnellen Signale bekommt ihr hier. Die tiefgehenden Video-Analysen, warum sich der Markt so bewegt, teile ich exklusiv auf meinem YouTube-Kanal.

KLICK HIER UM DIR DIE ANALYSEN ANZUSCHAUEN

Das ist der Unterschied zwischen nur kopieren und wirklich verstehen. ✔️

Wenn du endlich Gewinne erzielen willst, schreib ""START"" an @S2TSupport",2026-09-23T10:00:06Z,,
@FREESIGNALSTOTRADEBYLENNART,60441,2026-09-23T06:23:15Z,,2026-09-23T10:00:06Z,,
@FREESIGNALSTOTRADEBYLENNART,60442,2026-09-23T06:32:19Z,"Wir verdoppeln dein Kapital 💵

Nur für die nächsten 120 Minuten. Unser Broker verdoppelt deine erste Einzahlung.

Warum solltest du dich mit weniger zufrieden geben wenn du auch mehr haben kannst?

Zahle 1000€ ein. Trade mit 2000€. So einfach ist das. Das ist der beste Vorteil den du bekommen kannst.

Diese Chance verfällt in 2 Stunden.

Wenn du dein Kapital verdoppeln willst schreib ""DOPPELT"" an 
👉@S2TSupport",2026-09-23T10:00:06Z,,
@FREESIGNALSTOTRADEBYLENNART,60443,2026-09-23T06:39:27Z,"💶 EUR/USD unter Druck: Starker US-Dollar bremst den Euro aus! 📉

​Das Währungspaar EUR/USD steht weiterhin spürbar unter Abgabedruck. Während sich der US-Dollar dank robuster Konjunkturdaten und einer restriktiven Haltung der Federal Reserve stabilisiert, fällt es dem Euro schwer, nachhaltiges bullisches Momentum aufzubauen.

​📊 Die wichtigsten technischen & fundamentalen Fakten:
​Starker US-Dollar stützt Bären: Anhaltend hohe US-Renditen und geldpolitische Straffungserwartungen halten den Dollar attraktiv und begrenzen Erholungsversuche beim Euro deutlich.

​Kritische Unterstützungsmarken: Die Confluence-Zone um 1,1450 steht im Fokus. Bricht diese Marke nachhaltig nach unten weg, könnte sich der Verkaufsdruck zügig in Richtung der nächsten Zielzone bei 1,1400 ausweiten. 
​Widerstände im Blick: Auf der Oberseite bleibt die Marke von 1,1500 der zentrale Widerstand. Erst ein klarer Rebreak über dieses Niveau würde das kurzfristig bärische Bild abmildern. 
​Makroökonomischer Gegenwind: Konjunkturelle Sorgen in der Eurozone sowie anhaltende geopolitische Unsicherheiten belasten die Gemeinschaftswährung weiterhin.

​💡 Fazit:
Der übergeordnete Trend zeigt kurzfristig weiter gen Süden. Solange der US-Dollar seine Stärke verteidigt und der Euro unterhalb von 1,1500 handelt, bleiben Erholungen anfällig für erneute Verkäufe.

​📈 Verpasse keine Trading-Signale und Markt-Updates mehr!
Schließe dich unserer Community an für tägliche Chartanalysen, präzise Setups und Signale in Echtzeit:
​👉 Jetzt Kanal beitreten: @S2Tsupport",2026-09-23T10:00:06Z,,
@FREESIGNALSTOTRADEBYLENNART,60444,2026-09-23T07:10:18Z,"Herzlich willkommen bei uns in der Signal2Trade Free Gruppe 📊

Hier mal kurz für dich zusammengefasst um was es geht:

✔️ tägliche Signals in den Gruppen
✔️ Trefferquote über 80% 
✔️ Trading Videokurse 
✔️ Trading Anleitungen 
✔️ Ein zusätzliches Einkommen

Und das beste...

Einen persönlichen Trading Coach 💯

Also sei nicht schüchtern und meldet dich bei mir oder überzeug dich auf unserer Website.

🌐https://signals2trade.net oder per ""GO"" @S2TSupport",2026-09-23T10:00:06Z,,
@FREESIGNALSTOTRADEBYLENNART,60445,2026-09-23T07:40:18Z,"Wieder ein Signal verpasst? ⏳

Jedes VIP Signal was du verpasst sind potentielle Urlaube die du liegen lässt. Sichere dir jetzt deinen kostenlosen Zugang💲

📨 Steig jetzt ein und erhalte alle Setups sofort!",2026-09-23T10:00:06Z,,
@FREESIGNALSTOTRADEBYLENNART,60446,2026-09-23T08:40:18Z,"Wir wollen nicht nur zeigen, wenn etwas gut läuft.

Du sollst jederzeit sehen können, was tatsächlich passiert.

Deshalb zeigen dir unsere Profitability Bots täglich die Performance deiner ausgewählten S2T Produkte – inklusive der Bereiche, die aktuell schwächer laufen.

Volle Übersicht statt Cherry Picking.

👉 Aktivierung über @S2TSupport",2026-09-23T10:00:06Z,,
@FREESIGNALSTOTRADEBYLENNART,60447,2026-09-23T09:10:21Z,Klare Signale und reibungslose Updates! 🔥,2026-09-23T10:00:06Z,,
@FREESIGNALSTOTRADEBYLENNART,60448,2026-09-23T09:20:24Z,"Einfach umgesetzt. Direkt profitiert 💵

Ein Member meldet sich nach dem heutigen Trade dank klarer Signalstruktur ohne Zögern umgesetzt. Ergebnis? Profit 📈

Solche Chancen sind täglich da aber nur für die, die auch handeln 💯

📲Werde Teil der Gruppe: @S2TSupport",2026-09-23T10:00:06Z,,
@FREESIGNALSTOTRADEBYLENNART,60449,2026-09-23T09:35:20Z,"7 Tage VIP Update 🚀

Genau deswegen handeln wir alle Märkte. Hier seht ihr genau wozu das führt

Kennst du dich mit all diesen Märkten gleich gut aus? 

Hast du ein Team an Profis die jederzeit analysieren und reagieren?

📬 S2T VIP bietet genau das. Du willst wissen was wir noch können? Schreib uns",2026-09-23T10:00:06Z,,
@FREESIGNALSTOTRADEBYLENNART,60450,2026-09-23T09:45:18Z,"SL (Stop Loss) und TP (Take Profit) kannst du direkt beim öffnen eines Trades festlegen.

❌ SL begrenzt deinen möglichen Verlust.
➕ TP sichert deinen Gewinn automatisch ab.

🔜 Nachträgliche Anpassungen sind jederzeit möglich.

Wichtigste Regel im Trading: Trade niemals ohne Stop Loss!!!

Mit klar gesetzten SL & TP machst du den Unterschied. 

Hol dir Support den du brauchst 👉@S2TSupport",2026-09-23T10:00:06Z,,
@FREESIGNALSTOTRADEBYLENNART,60451,2026-09-23T09:57:36Z,,2026-09-23T10:00:06Z,,
@REALNATEFXC,5124,2026-09-23T09:12:55Z,"2,000+ five-star reviews. ⭐⭐⭐⭐⭐

4.8/5 on Trustpilot.

The highest-rated trading community in the industry 📈

FOR FREE PREMIUM ACCESS MESSAGE HERE",2026-09-23T10:00:09Z,2026-09-23T09:13:05Z,
@REALNATEFXC,5125,2026-09-23T09:12:55Z,,2026-09-23T10:00:09Z,,
@REALNATEFXC,5126,2026-09-23T09:12:55Z,,2026-09-23T10:00:09Z,,
@TRADINGCENTRALGLOBAL,53757,2026-09-23T05:10:13Z,💬 CLICK HERE TO ALSO GET LIMIT ORDERS FOR FREE IN MY PRIVATE COMMUNITY,2026-09-23T10:00:12Z,2026-09-23T05:10:18Z,
@TRADINGCENTRALGLOBAL,53758,2026-09-23T07:15:10Z,,2026-09-23T10:00:12Z,2026-09-23T07:15:18Z,
@TRADINGCENTRALGLOBAL,53759,2026-09-23T07:15:10Z,"I have a MyFXBook. Keep in mind, I risk 0.3-0.5% per trade because of my account balance.

Here you go: https://www.myfxbook.com/members/AmirsSignals/amirs-signals--tcfx/12092059",2026-09-23T10:00:12Z,2026-09-23T07:15:18Z,
@TRADINGCENTRALGLOBAL,53760,2026-09-23T09:34:43Z,"Tobi made +$61,- in one trade that took him 5 minutes of screen time. Here’s how you can do the same 👇

When the trades get sent out like we do; limit orders… then it’s impossible to miss out.

Tobi wakes up, sets the trade in his account, watches the analysis and just waits ✅

He goes on about his day and the trading part is done. The trade is sitting in his account and waiting to be activated.

Other groups give you merely seconds. We give you hours to prepare.

That’s how Tobi made +$61,- in a single trade.",2026-09-23T10:00:12Z,2026-09-23T09:34:48Z,
@TRADINGCENTRALGLOBAL,53761,2026-09-23T09:34:43Z,,2026-09-23T10:00:12Z,,
@TRADINGCENTRALGLOBAL,53762,2026-09-23T09:35:13Z,,2026-09-23T10:00:12Z,2026-09-23T09:35:18Z,
@TRADINGCENTRALGLOBAL,53763,2026-09-23T09:41:01Z,"Just send “READY” & I’ll show you, for free, how to get results like Tobi and 1000’s of others who are doing the same:
💬@tradingcentralhelpdesk",2026-09-23T10:00:12Z,2026-09-23T09:41:08Z,
@fxtradingvision,86046,2026-09-23T10:19:01Z,,2026-09-23T14:43:15Z,2026-09-23T10:19:01Z,
@fxtradingvision,86047,2026-09-23T10:22:35Z,"Remove buy-limit.

Gold started pumping from 4308.",2026-09-23T14:43:15Z,2026-09-23T10:22:36Z,
@fxtradingvision,86048,2026-09-23T10:30:24Z,"NEW TRADE IDEA

XAUUSD SELL LIMIT 4325-4326

TP 1 4322
TP 2 4321
TP 3 4300

SL @ 4345

Trade accordingly and only trade with money you can afford to LOSE.

USE DOUBLE LOTSIZE",2026-09-23T14:43:15Z,2026-09-23T10:30:25Z,
@fxtradingvision,86049,2026-09-23T10:56:10Z,"On our way with the team to a very important place for every forex trader 👀

Can you guess where we're headed?",2026-09-23T14:43:15Z,2026-09-23T10:56:11Z,
@fxtradingvision,86050,2026-09-23T12:25:37Z,"Many of you guessed it already…

We’ve been invited to one of the biggest forex expo’s in the world as we are one of the biggest affiliates in the industry.

We’re glad to be here, if any of you is here, let us know and we will meet-up.",2026-09-23T14:43:15Z,2026-09-23T12:25:42Z,
@fxtradingvision,86051,2026-09-23T13:09:01Z,,2026-09-23T14:43:15Z,2026-09-23T13:09:02Z,
@fxtradingvision,86052,2026-09-23T13:14:29Z,If your favourite trader wasn’t invited to the Forex expo… how is he a well known trader in the space?,2026-09-23T14:43:15Z,2026-09-23T13:14:30Z,
@fxtradingvision,86053,2026-09-23T13:43:18Z,"TP 1 hit

+ 80 pips profit

Move sl to entry",2026-09-23T14:43:15Z,2026-09-23T13:43:18Z,
@fxtradingvision,86054,2026-09-23T13:43:40Z,"TP 2 hit

+ 280 pips profit

Miauwwwww",2026-09-23T14:43:15Z,2026-09-23T13:43:41Z,
@fxtradingvision,86055,2026-09-23T13:46:22Z,OPEN GOLD BUYS AT 4278,2026-09-23T14:43:15Z,2026-09-23T13:46:22Z,
@fxtradingvision,86056,2026-09-23T13:54:21Z,"NEW TRADE IDEA

XAUUSD BUY LIMIT 4277-4278

TP 1 4281
TP 2 4282
TP 3 4300

SL @ 4260

Trade accordingly and only trade with money you can afford to LOSE.

USE DOUBLE LOTSIZE",2026-09-23T14:43:15Z,2026-09-23T13:54:22Z,
@fxtradingvision,86057,2026-09-23T14:21:06Z,"TP 1 hit

+ 40 pips profit

Move sl to entry",2026-09-23T14:43:15Z,2026-09-23T14:21:07Z,
@fxtradingvision,86058,2026-09-23T14:22:11Z,"TP 2 is also hit…

That’s another + 50 pips profit

Baby!",2026-09-23T14:43:15Z,2026-09-23T14:22:12Z,
@fxtradingvision,86060,2026-09-23T14:35:06Z,"What a trade baby….

Where are the likes?",2026-09-23T14:43:15Z,2026-09-23T14:35:07Z,
@phenexbillions,7121,2026-09-23T10:34:12Z,"TP1 hit, that’s +400 pips 🚀✅

SL nach Belieben auf Break Even…",2026-09-23T14:43:17Z,,
@phenexbillions,7122,2026-09-23T12:18:33Z,"TP1 hit, that’s +400 pips 🥷🏼✅

SL nach Belieben auf Break Even…",2026-09-23T14:43:17Z,,
@phenexbillions,7123,2026-09-23T12:35:27Z,"TP2 hit, that’s +1100 pips 🥷🏼✅",2026-09-23T14:43:17Z,,
@phenexbillions,7124,2026-09-23T12:40:56Z,"Hab den buy erwischt, aber war vorsichtig🙃🍀😘",2026-09-23T14:43:17Z,,
@phenexbillions,7125,2026-09-23T13:46:24Z,"TP3 hit, that’s +3000 pips 🥷🏼✅",2026-09-23T14:43:17Z,,
@phenexbillions,7126,2026-09-23T13:47:26Z,,2026-09-23T14:43:17Z,,
@phenexbillions,7127,2026-09-23T14:31:48Z,"TP1 hit, that’s +700 pips 🚀✅

SL nach Belieben auf Break Even…",2026-09-23T14:43:17Z,,
@FXFARO_FREEGROUP,13640,2026-09-23T12:22:24Z,XAUUSD > NEW ENTRY IS STILL RUNNING. NOW AT +70PIPS.,2026-09-23T14:43:22Z,2026-09-23T12:22:25Z,
@FXFARO_FREEGROUP,13641,2026-09-23T12:30:43Z,GOOD NEWS: A NEW PUBLIC TRADE IS COMING.,2026-09-23T14:43:22Z,2026-09-23T12:30:43Z,
@FXFARO_FREEGROUP,13642,2026-09-23T12:31:56Z,"Sell NOW EURAUD @ 1.61401
SL @ 1.62018
TP @ 1.60094",2026-09-23T14:43:22Z,2026-09-23T12:31:56Z,
@FXFARO_FREEGROUP,13643,2026-09-23T12:32:21Z,LIVE TRADE,2026-09-23T14:43:22Z,2026-09-23T12:32:22Z,
@FXFARO_FREEGROUP,13644,2026-09-23T12:40:11Z,XAUUSD > NICE DROP! 2ND ENTRY OF TODAY IS RUNNING AT +50PIPS.,2026-09-23T14:43:22Z,2026-09-23T12:40:13Z,
@FXFARO_FREEGROUP,13645,2026-09-23T13:04:38Z,Just stop using multiple tps..,2026-09-23T14:43:22Z,2026-09-23T13:04:38Z,
@TOPNOTCHFOREXFREE,23846,2026-09-23T11:57:01Z,"A new GOLD signal is loading RIGHT NOW for my Premium members 👀

Don't miss out! 👇

JOIN MY PREMIUM NOW 🏆",2026-09-23T14:43:25Z,2026-09-23T11:57:02Z,
@TAURUSTRADERSSIGNALE,39909,2026-09-23T10:03:00Z,"NEW TRADE IDEA

XAUUSD BUY LIMIT 4304

TP 4308

TP 2 4315

SL @ 4295

Trade accordingly and only trade with money you can afford to LOSE.",2026-09-23T14:43:27Z,2026-09-23T11:37:56Z,
@TAURUSTRADERSSIGNALE,39910,2026-09-23T11:33:30Z,Remove buy-limit of 4304.,2026-09-23T14:43:27Z,,
@TAURUSTRADERSSIGNALE,39911,2026-09-23T11:33:45Z,"TP 1 hier schließen

+30 Pips Gewinn

SL auf Break-even setzen",2026-09-23T14:43:27Z,,
@TAURUSTRADERSSIGNALE,39912,2026-09-23T11:33:58Z,"NEW TRADE IDEA

XAUUSD BUY 4301

TP 4305

TP 2 4315

SL @ 4285

Trade accordingly and only trade with money you can afford to LOSE.",2026-09-23T14:43:27Z,2026-09-23T11:35:51Z,
@TAURUSTRADERSSIGNALE,39913,2026-09-23T12:58:04Z,"TP 1 hier schließen

+40 Pips Gewinn

SL auf Break-even setzen",2026-09-23T14:43:27Z,,
@TAURUSTRADERSSIGNALE,39914,2026-09-23T13:02:06Z,"Gold-Buy TP 2 hier schließen

+80 Pips",2026-09-23T14:43:27Z,,
@TAURUSTRADERSSIGNALE,39915,2026-09-23T13:02:50Z,"TP 1 hier schließen

+30 Pips Gewinn

SL auf Break-even setzen",2026-09-23T14:43:27Z,,
@FREESIGNALSTOTRADEBYLENNART,60452,2026-09-23T10:04:25Z,"Die Wahrheit ist du bekommst eine riesen Vorteil durch mich 🤝

Aus diesem Grund habe ich Signals2Trade gegründet. Wenn du wissen willst wie das funktioniert schau dir das Video an!

Willkommen bei S2T. Wir sehen uns in der VIP Gruppe 🔥 

Wenn du dir mehr Informationen brauchst, schreib mich an 
👉@S2TSupport",2026-09-23T14:43:30Z,,
@FREESIGNALSTOTRADEBYLENNART,60453,2026-09-23T10:11:32Z,"Der Trade ist weiterhin aktiv und liegt bei +11353€ 📊

Alles läuft nach Plan und wir geben dem Markt Zeit.
Kein voreiliges Schließen sondern konsequentes Umsetzen der Strategie.

Trading bedeutet Entscheidungen durchzuziehen nicht sie ständig zu ändern. Das ist der Unterschied der langfristig zählt.

👉 Schreib mir jetzt @S2TSupport wenn du mehr erfahren willst.",2026-09-23T14:43:30Z,,
@FREESIGNALSTOTRADEBYLENNART,60454,2026-09-23T10:15:22Z,"Alle offenen Positionen liegen aktuell im Gewinn 💰

Ein weiterer Tradingtag beginnt vielversprechend und die Richtung stimmt 📈

Wenn du nicht länger nur zuschauen möchtest dann werde jetzt Teil unserer Community.

Schreib uns an 👉@S2TSupport",2026-09-23T14:43:30Z,,
@FREESIGNALSTOTRADEBYLENNART,60455,2026-09-23T10:15:22Z,,2026-09-23T14:43:30Z,,
@FREESIGNALSTOTRADEBYLENNART,60456,2026-09-23T10:15:23Z,,2026-09-23T14:43:30Z,,
@FREESIGNALSTOTRADEBYLENNART,60457,2026-09-23T10:15:23Z,,2026-09-23T14:43:30Z,,
@FREESIGNALSTOTRADEBYLENNART,60458,2026-09-23T10:15:23Z,,2026-09-23T14:43:30Z,,
@FREESIGNALSTOTRADEBYLENNART,60459,2026-09-23T10:15:23Z,,2026-09-23T14:43:30Z,,
@FREESIGNALSTOTRADEBYLENNART,60460,2026-09-23T10:15:23Z,,2026-09-23T14:43:30Z,,
@FREESIGNALSTOTRADEBYLENNART,60461,2026-09-23T10:15:23Z,,2026-09-23T14:43:30Z,,
@FREESIGNALSTOTRADEBYLENNART,60462,2026-09-23T10:15:23Z,,2026-09-23T14:43:30Z,,
@FREESIGNALSTOTRADEBYLENNART,60463,2026-09-23T10:15:23Z,,2026-09-23T14:43:30Z,,
@FREESIGNALSTOTRADEBYLENNART,60464,2026-09-23T10:31:56Z,"🚨Trading Basics - Market Sessions🚨

Um den Markt profitabel zu handeln muss man Ihn verstehen. Heute erklären wir euch die 3 wichtigsten Market Sessions.

Egal was man handelt, von Aktien bis Krypto, die Börsenöffnungszeiten sind immer wichtig zu beachten.

Die wichtigste ist die New York Session (15:30 bis 22:00 deutsche Zeit). Hier öffnet der New York Stock Exchange (NYSE) und bringt erhöhte Volatilität und das größte Volumen in den Markt. Besonders die ersten 90 Minuten sind am schnellsten da hier die großen Institutionen und professionellen Tradingbots den Großteil Ihrer Trades tätigen. 

Die Asia auch genannt Hong Kong Session (3:30 bis 10:00) schafft oft genau dann wann wir normalerweise schlafen erhöhte Volatilität und es ist morgens immer wichtig zu sehen was über Nacht in Asien passiert ist.

Die UK oder London Session (9:00 bis 17:30) Ist für uns oft die erste Handelszeit welche wir mitnehmen können. Hier handelt ganz Europa. Trotz des Volumens welches zwar oft kleiner als der US Markt ist bietet diese Session viele sehr gute Möglichkeiten und kann manchmal den Trend schon vor den Amerikanern vorgeben kann. Zudem ist die London Session oft etwas ruhiger und in gewissen Marktphasen weniger Manipuliert als der US Markt.

📬Wenn du anstatt Signalen zu folgen den Markt auch richtig verstehen willst schreib uns JETZT @S2TSupport",2026-09-23T14:43:30Z,,
@FREESIGNALSTOTRADEBYLENNART,60465,2026-09-23T11:02:10Z,"⚠️Bei den folgenden Nachrichten handelt es sich um ein Ergebnis aus unserer Premium Gruppe, nicht um ein umzusetzendes Signal⚠️",2026-09-23T14:43:30Z,,
@FREESIGNALSTOTRADEBYLENNART,60466,2026-09-23T11:10:19Z,"🚀USDJPY - SELL🚀

Entry: 157.436

Stopp-Loss: 158.136

Take-Profit 1: 157.086
Take-Profit 2: 156.736
Take-Profit 3: 155.336

📊3:1 Risk Reward 📊",2026-09-23T14:43:30Z,,
@FREESIGNALSTOTRADEBYLENNART,60467,2026-09-23T11:10:19Z,USDJPY TP1 HIT ✔️,2026-09-23T14:43:30Z,,
@FREESIGNALSTOTRADEBYLENNART,60468,2026-09-23T11:20:21Z,,2026-09-23T14:43:30Z,,
@FREESIGNALSTOTRADEBYLENNART,60469,2026-09-23T11:20:21Z,BOOM TP1 ist drin! 🚀,2026-09-23T14:43:30Z,,
@FREESIGNALSTOTRADEBYLENNART,60470,2026-09-23T11:20:21Z,SL auf Break Even gezogen. Ab jetzt risikolos weiter traden. Das ist der Moment bei dem andere nervös werden! Jetzt heißt es geduldig bleiben und der Analyse vertrauen 📈,2026-09-23T14:43:30Z,,
@FREESIGNALSTOTRADEBYLENNART,60471,2026-09-23T11:20:21Z,"Wenn du auch so handeln willst. Melde dich bei mir!
👉@S2TSupport",2026-09-23T14:43:30Z,,
@FREESIGNALSTOTRADEBYLENNART,60472,2026-09-23T11:34:34Z,"Wir glauben, dass jeder selbst prüfen sollte, mit wem er arbeitet. Deshalb findest du unsere Bewertungen nicht versteckt sondern offen einsehbar auf mehreren Plattformen.

⭐️⭐️⭐️⭐️⭐️

🔜Trust index
🔜Google profile 
🔜Proven expert 
🔜Trustami

Nimm dir die Zeit und überzeug dich selbst. Danach kannst du dich jederzeit bei @S2TSupport melden.",2026-09-23T14:43:30Z,,
@FREESIGNALSTOTRADEBYLENNART,60473,2026-09-23T11:40:25Z,"Wie viele Signal Kanäle hast du schon durch?

❌So sieht es bei den meisten aus... Signale werden gesendet mit mieser Trefferquote. Keine Erklärung. Kein vernünftiges Setup und kein Support. Und am Ende? Konto geplättet und keiner meldet sich mehr.

✔️Bei uns sieht das jedoch anders aus! Gestern haben wir wieder abgeliefert. Chance gesehen, genaue Einstiegspunkt gefunden und Signal gesendet 🎯

Trade lief wieder mal perfekt. TP3 erreicht! Einfach einen gesamten Monatslohn an einem Tag verdient...

❌ Keine falschen Versprechen
❌ Kein Glücksspiel
✔️ Einfaches System und klare Umsetzung

Meld dich jetzt und fang an wirklich zu verstehen wie Trading funktioniert!",2026-09-23T14:43:30Z,,
@FREESIGNALSTOTRADEBYLENNART,60474,2026-09-23T11:50:27Z,"Unsere Trades laufen dein Konto auch? Oder nur dein Wecker? 📊

Aktuell stehen wir bei +11337€ offen, wie du im TradingView-Chart siehst: sauber analysiert, perfekt ausgeführt 📈

👉Und du verpasst’s wieder weil du denkst, dass man für 3.000 € im Monat 160 Stunden schuften muss 

Sichere dir deinen exklusiven Zugang",2026-09-23T14:43:30Z,,
@FREESIGNALSTOTRADEBYLENNART,60475,2026-09-23T11:50:27Z,,2026-09-23T14:43:30Z,,
@FREESIGNALSTOTRADEBYLENNART,60476,2026-09-23T12:50:24Z,Wirklich beeindruckt von der Qualität und Konstanz hier. 🎯,2026-09-23T14:43:30Z,,
@FREESIGNALSTOTRADEBYLENNART,60477,2026-09-23T12:57:05Z,"📉 EUR/AUD Forex-Signal: Bärischer Druck unter 1,6000 bei starkem Austral-Dollar! 🇦🇺💶

​Das Währungspaar EUR/AUD gerät zunehmend unter Verkaufsdruck. Während sich der Australische Dollar (AUD) durch solide Rohstoffpreise und eine stützende Geldpolitik robust zeigt, fehlt dem Euro die nötige Stärke, um sich aus dem Abwärtstrend zu befreien.

​📊 Die wichtigsten technischen Key-Facts im Überblick:
​Verkaufssignal unter 1,6000: Die psychologisch wichtige Marke von 1,6000 gilt als Schlüsselbereich. Ein nachhaltiger Ausbruch unter dieses Niveau aktiviert ein klares bärisches Fortsetzungssignal. 
​Mögliche Trade-Parameter: Ein Breakout unter 1,6000 öffnet den Weg für Short-Setups mit einem Absicherungs-Stop-Loss (SL) im Bereich von 1,6100. 

​Klare Abwärtsziele (TP): Bei einem erfolgreichen Durchbruch rücken die nächsten Unterstützungsebenen bei 1,5700 als primäres Kursziel in den Fokus. 
​Trend & Indikatoren: Schwache Euro-Fundamentaldaten sowie die Stärke des AUD halten den Druck auf das Währungspaar hoch. Kurze Erholungen werden vom Markt derzeit bevorzugt für erneute Verkäufe genutzt.

​💡 Fazit:
Solange der Kurs unter der Schlüsselzone von 1,6000 verbleibt bzw. diese nach unten durchbricht, behalten die Bären klar das Kommando. Trader sollten den Support auf Wacht halten und auf ein klares Bestätigungssignal warten.

​📈 Verpasse keine Trading-Signale und Markt-Updates mehr!
Schließe dich unserer Community an für tägliche Chartanalysen, präzise Setups und Signale in Echtzeit:
​👉 Jetzt Kanal beitreten: @S2Tsupport",2026-09-23T14:43:30Z,,
@FREESIGNALSTOTRADEBYLENNART,60478,2026-09-23T13:00:45Z,"Kein Raten sondern nur Ergebnisse 📊

Das heutige Feedback zeigt. Wer sich an unsere Setups hält wird belohnt.

Struktur schlägt Spekulation jeden Tag.

Du wartest noch? Während andere längst Resultate einfahren 💵

Hol dir jetzt den Zugang 👉@S2TSupport",2026-09-23T14:43:30Z,,
@FREESIGNALSTOTRADEBYLENNART,60479,2026-09-23T13:10:22Z,"Aktueller Stand: +11322€ ICH ZEIG EUCH WIE 📈
 
Wir handeln mit Struktur, nicht mit Emotion.
Und genau deshalb funktionieren unsere Setups Tag für Tag 

Während andere panisch closen, halten wir durch.
Denn Geduld bringt am Ende das größte Plus ✔️

📬Wenn du das auch willst, schreib @S2TSupport",2026-09-23T14:43:30Z,,
@FREESIGNALSTOTRADEBYLENNART,60480,2026-09-23T13:10:22Z,,2026-09-23T14:43:30Z,,
@FREESIGNALSTOTRADEBYLENNART,60481,2026-09-23T13:34:04Z,"AN ALLE, DIE NOCH NICHT IN DER VIP GRUPPE SIND 📈

Die nächsten Tage entscheiden, wer mitverdient und wer zurückbleibt

Der Markt bewegt sich. Die Frage ist:
Bist du vorbereitet oder zögerst du wieder 💯

📲Schreib @S2TSupport bevor du den nächsten Profit verpasst!",2026-09-23T14:43:30Z,,
@FREESIGNALSTOTRADEBYLENNART,60482,2026-09-23T14:03:55Z,"Der Trade ist geschlossen und der Profit gesichert 📊

Analyse, Einstieg und Ausstieg haben perfekt gepasst 💵

So sieht strukturiertes Trading aus.

Kontaktiere jetzt @S2TSupport und starte gemeinsam mit uns.",2026-09-23T14:43:30Z,,
@FREESIGNALSTOTRADEBYLENNART,60483,2026-09-23T14:03:55Z,,2026-09-23T14:43:30Z,,
@FREESIGNALSTOTRADEBYLENNART,60484,2026-09-23T14:03:55Z,,2026-09-23T14:43:30Z,,
@FREESIGNALSTOTRADEBYLENNART,60485,2026-09-23T14:03:55Z,,2026-09-23T14:43:30Z,,
@FREESIGNALSTOTRADEBYLENNART,60486,2026-09-23T14:03:55Z,,2026-09-23T14:43:30Z,,
@FREESIGNALSTOTRADEBYLENNART,60487,2026-09-23T14:03:55Z,,2026-09-23T14:43:30Z,,
@FREESIGNALSTOTRADEBYLENNART,60488,2026-09-23T14:03:55Z,,2026-09-23T14:43:30Z,,
@FREESIGNALSTOTRADEBYLENNART,60489,2026-09-23T14:03:55Z,,2026-09-23T14:43:30Z,,
@FREESIGNALSTOTRADEBYLENNART,60490,2026-09-23T14:03:55Z,,2026-09-23T14:43:30Z,,
@FREESIGNALSTOTRADEBYLENNART,60491,2026-09-23T14:03:55Z,,2026-09-23T14:43:30Z,,
@FREESIGNALSTOTRADEBYLENNART,60492,2026-09-23T14:10:20Z,"Wie bereite ich mich auf die Trading Woche vor? 🎯

Viele fragen mich nach meinem genauen Plan. Den kompletten Fahrplan mit meinen Zonen, Erwartungen und allen wichtigen Levels teile ich jede Woche auf TradingView.

Das ist die Vorbereitung, die den Unterschied zwischen Gewinnen und Zocken ausmacht. 🔥

HIER GEHT'S ZU MEINEM FAHRPLAN

Wenn du aufhören willst zu raten, schreib ""START"" an @S2TSupport.",2026-09-23T14:43:30Z,,
@FREESIGNALSTOTRADEBYLENNART,60493,2026-09-23T14:40:21Z,"Trading muss kein Einzelkampf sein.

In unserer S2T Community findest du andere Kunden, die dieselben Produkte nutzen, dieselben Märkte verfolgen und oft vor denselben Fragen stehen.

Tausch dich aus, hol dir andere Meinungen und bleib näher an dem dran, was innerhalb von S2T passiert.

Die Gruppe ist ausschließlich per Einladung zugänglich.

👉 Zugang über @S2TSupport",2026-09-23T14:43:30Z,,
@REALNATEFXC,5127,2026-09-23T10:29:01Z,"💹 Smart Trades
🚀 Steady Growth

👉 Join @fxculture and Level Up Your Trading",2026-09-23T14:43:33Z,2026-09-23T10:33:35Z,
@REALNATEFXC,5128,2026-09-23T10:29:01Z,,2026-09-23T14:43:33Z,,
@REALNATEFXC,5129,2026-09-23T10:29:01Z,,2026-09-23T14:43:33Z,,
@REALNATEFXC,5130,2026-09-23T11:13:31Z,"SELL TRADE XAU/USD 

4316.80-4320

📍Stop Loss: 4335.0

Target: open 

This is not financial advice. This is a personal trade idea shared for educational and informational purposes only.",2026-09-23T14:43:33Z,2026-09-23T11:13:58Z,
@REALNATEFXC,5131,2026-09-23T11:18:23Z,"BOOM straight into profits💥 

PRE NY volume 🔥

We strike again🏆🏆

📤Message me here to claim your FREE spot inside our Premium Community.",2026-09-23T14:43:33Z,2026-09-23T11:19:21Z,
@REALNATEFXC,5132,2026-09-23T11:18:23Z,,2026-09-23T14:43:33Z,,
@REALNATEFXC,5133,2026-09-23T11:20:07Z,🔥🔥🔥,2026-09-23T14:43:33Z,2026-09-23T11:21:21Z,
@REALNATEFXC,5134,2026-09-23T11:23:02Z,"3 consecutive days in the bounce 🏆🏆

Multiple members profits sent to you. YOU are really missing out in the premium community 😅

FOR FREE PREMIUM ACCESS MESSAGE HERE",2026-09-23T14:43:33Z,2026-09-23T11:23:08Z,
@REALNATEFXC,5135,2026-09-23T11:23:02Z,,2026-09-23T14:43:33Z,,
@REALNATEFXC,5137,2026-09-23T11:24:23Z,,2026-09-23T14:43:33Z,2026-09-23T11:25:02Z,
@REALNATEFXC,5138,2026-09-23T12:32:40Z,,2026-09-23T14:43:33Z,2026-09-23T12:35:32Z,
@REALNATEFXC,5139,2026-09-23T14:07:23Z,TRADE UPDATE 🏆 💰,2026-09-23T14:43:33Z,2026-09-23T14:09:04Z,
@REALNATEFXC,5140,2026-09-23T14:08:37Z,"HUGE HUGE WIN. 🏅 

This is why we’re the best in the industry. Full transparency. Proper conviction trades. We don’t send 10-30 pip trades. We focus on huge swings. 

FOR FREE PREMIUM ACCESS MESSAGE HERE",2026-09-23T14:43:33Z,2026-09-23T14:08:44Z,
@TRADINGCENTRALGLOBAL,53764,2026-09-23T12:46:37Z,,2026-09-23T14:43:35Z,2026-09-23T12:46:38Z,
@fxtradingvision,86061,2026-09-23T15:42:37Z,"Close tp 2 here

+ 160 pips profit",2026-09-23T18:42:30Z,2026-09-23T15:42:38Z,
@fxtradingvision,86062,2026-09-23T15:43:38Z,WANT TO SEE OUR VIP CLIENT RESULTS?,2026-09-23T18:42:30Z,2026-09-23T15:43:38Z,
@fxtradingvision,86063,2026-09-23T15:43:56Z,Your the goat bro,2026-09-23T18:42:30Z,2026-09-23T15:43:58Z,
@fxtradingvision,86064,2026-09-23T15:44:34Z,,2026-09-23T18:42:30Z,2026-09-23T15:44:38Z,
@fxtradingvision,86065,2026-09-23T15:44:34Z,Profits today,2026-09-23T18:42:30Z,2026-09-23T15:44:38Z,
@fxtradingvision,86066,2026-09-23T15:45:05Z,,2026-09-23T18:42:30Z,2026-09-23T15:45:06Z,
@fxtradingvision,86067,2026-09-23T15:45:42Z,,2026-09-23T18:42:30Z,2026-09-23T15:45:43Z,
@fxtradingvision,86068,2026-09-23T15:49:42Z,Ezzzzy,2026-09-23T18:42:30Z,2026-09-23T15:49:43Z,
@fxtradingvision,86069,2026-09-23T16:00:36Z,"THIS WEEK'S RESULTS IN MY VIP GROUP (so far)
Week 39, 2026

📊 Trades shared: 24
✅ Win: 21
❌ Loss: 3

>> Win-ratio: 87.5%

We're only halfway through the week! 2 more days to go in the regular trading week. Let's finish strong! 🔥 Imagine what the final results will look like on Friday...

WANT TO COPY ALL MY TRADES? Click the button below to get FREE ACCESS to my VIP 👇🏻",2026-09-23T18:42:30Z,2026-09-23T16:00:38Z,
@fxtradingvision,86070,2026-09-23T16:00:36Z,,2026-09-23T18:42:30Z,,
@fxtradingvision,86071,2026-09-23T16:37:15Z,"NEW TRADE IDEA

XAUUSD SELL LIMIT 4290-4291

TP 1 4287
TP 2 4286
TP 3 4265

SL @ 4315

Trade accordingly and only trade with money you can afford to LOSE.

USE DOUBLE LOTSIZE",2026-09-23T18:42:30Z,2026-09-23T16:37:16Z,
@fxtradingvision,86072,2026-09-23T16:54:28Z,Missed the entry by 0.50 pips,2026-09-23T18:42:30Z,2026-09-23T16:54:29Z,
@fxtradingvision,86073,2026-09-23T16:54:35Z,"WHAT A DROP!

All targets would have been hit",2026-09-23T18:42:30Z,2026-09-23T16:54:36Z,
@fxtradingvision,86075,2026-09-23T17:06:42Z,"You can delete the sell limit.

Heavy drop already in place.",2026-09-23T18:42:30Z,2026-09-23T17:06:43Z,
@fxtradingvision,86076,2026-09-23T17:35:57Z,,2026-09-23T18:42:30Z,2026-09-23T17:35:58Z,
@fxtradingvision,86077,2026-09-23T17:35:57Z,Another fuckin banger of a day,2026-09-23T18:42:30Z,2026-09-23T17:35:58Z,
@fxtradingvision,86078,2026-09-23T17:39:11Z,"Thank you Mike, best of the best 👌 ♥️",2026-09-23T18:42:30Z,2026-09-23T17:39:11Z,
@fxtradingvision,86079,2026-09-23T17:39:49Z,What a day,2026-09-23T18:42:30Z,2026-09-23T17:39:50Z,
@fxtradingvision,86080,2026-09-23T17:39:49Z,"So far, 5.5k profit.",2026-09-23T18:42:30Z,2026-09-23T17:39:50Z,
@phenexbillions,7128,2026-09-23T15:02:01Z,"✅ NEUER PREMIUM TRADE! ✅

Solltest du noch nicht Mitglied meiner VIP Gruppe sein, hast du soeben ein kostenloses Signal verpasst.

Schreib mir jetzt ""START"" und sichere dir deinen kostenlosen Zugang zur VIP mit 2-4 präzisen Signalen am Tag❗️

➡ @billions_vitus",2026-09-23T18:42:33Z,,
@phenexbillions,7129,2026-09-23T15:19:44Z,"TP2 hit, that’s +1300 pips 🚀✅",2026-09-23T18:42:33Z,,
@phenexbillions,7130,2026-09-23T17:25:36Z,Brutalst jung 😊🍾😘,2026-09-23T18:42:33Z,,
@phenexbillions,7131,2026-09-23T17:35:31Z,,2026-09-23T18:42:33Z,,
@phenexbillions,7132,2026-09-23T18:35:33Z,,2026-09-23T18:42:33Z,,
@WOLFXSIGNALS_FREEGROUP,11705,2026-09-23T16:06:47Z,,2026-09-23T18:42:36Z,,
@WOLFXSIGNALS_FREEGROUP,11707,2026-09-23T16:09:20Z,"🔔 GOLD VIP SIGNAL 🔔

XAUUSD 📈 BUY 4282.00

💰TP1 4284.00
💰TP2 4287.00
💰TP3 4292.00
🚫SL 4274.00

——————————————————
Check out our PDF, where we explain everything you need to know to follow our signals: wolfxsignals.com/get-started/ 

📌QUESTION: Where to follow our Forex Signals? 👉 {HERE}",2026-09-23T18:42:36Z,,
@WOLFXSIGNALS_FREEGROUP,11708,2026-09-23T17:53:18Z,,2026-09-23T18:42:36Z,,
@WOLFXSIGNALS_FREEGROUP,11709,2026-09-23T17:53:23Z,"💚💚💚💚💚💚💚💚💚💚💚💚

✅ XAUUSD Take-Profit 1 🟢
📊 Profit Won: +20 PIPS🔥
——————————————————

⚜️XAUUSD has reached 4284.00, completing the TP1, and first profits made with the FREE SIGNAL!✅

  ✅ Our “Gold Method” works ✅


👇 Tap below, click the link, and start winning money with us.

                               🔽

            👉 wolfxsignals.com 👈",2026-09-23T18:42:36Z,2026-09-23T17:57:09Z,
@FXFARO_FREEGROUP,13646,2026-09-23T17:25:36Z,EURAUD > STILL IN.,2026-09-23T18:42:38Z,2026-09-23T17:25:37Z,
@FXFARO_FREEGROUP,13647,2026-09-23T17:29:08Z,XAUUSD > NEW ENTRY IS RUNNING AT +270PIPS.,2026-09-23T18:42:38Z,2026-09-23T17:29:09Z,
@FXFARO_FREEGROUP,13648,2026-09-23T17:34:03Z,"CURRENT GOLD STATUS.

ALL ENTRIES ARE RUNNING IN DEEP PROFITS.

+1060PIPS.
+1180PIPS.
+720PIPS.
+650PIPS.
+640PIPS.
+730PIPS.
+400PIPS.
+300PIPS.",2026-09-23T18:42:38Z,2026-09-23T17:34:04Z,
@FXFARO_FREEGROUP,13649,2026-09-23T17:48:11Z,"THESE ARE THE GOLD TRADES YOU MISSED TODAY INSIDE VIP. 👀🔥

And EVERY SINGLE ONE is currently running DEEP in profit.

The plan was mapped out BEFORE the moves.

Entries ready.
Risk calculated.
Direction clear.

No hindsight.
No chasing after GOLD already moved.

VIP was positioned EARLY.

THIS is what you missed today. 💰🔥 @FXFARO",2026-09-23T18:42:38Z,2026-09-23T17:48:11Z,
@FXFARO_FREEGROUP,13650,2026-09-23T17:48:11Z,,2026-09-23T18:42:38Z,,
@FXFARO_FREEGROUP,13651,2026-09-23T18:24:12Z,"FULL SCREEN VIDEO OF OUR FUNDED MANAGEMENT. 👀🔥

RICO’S FIRST TRADE with us...

And he’s already sitting at:

+$1,052 PROFIT 💰

$100K FUNDED ACCOUNT.
FIRST TRADE.
+$1K+ FLOATING.

No cropped screenshots.
No hiding anything.
FULL SCREEN transparency.

Rico doesn’t have to sit behind the charts managing every move himself.

We handle the trading.

And this is only trade #1. 👀🔥 @fxfaro",2026-09-23T18:42:38Z,2026-09-23T18:25:04Z,
@FXFARO_FREEGROUP,13652,2026-09-23T18:29:10Z,"ANOTHER CLIENT. ANOTHER GOLD TRADE. ANOTHER ACCOUNT IN PROFIT. 💰🔥

This time:

$200K FUNDED ACCOUNT
+$2,081 FLOATING PROFIT
FROM ONE GOLD TRADE 👀

This is why ACCOUNT SIZE matters.

You don’t necessarily need crazy percentage returns when you’re working with larger funded capital.

1% on $50K = $500
1% on $100K = $1,000
1% on $200K = $2,000
1% on $400K = $4,000

IT’S A NUMBERS GAME.

The goal isn’t to take ridiculous risk.

The goal is to protect the account, trade quality setups and let the SIZE of the funded capital do the heavy lifting. 🔥 @fxfaro",2026-09-23T18:42:38Z,2026-09-23T18:30:02Z,
@TOPNOTCHFOREXFREE,23847,2026-09-23T15:39:37Z,"XAUUSD TP3: +1619 pips ✅✅✅

MASSIVE PROFITS WITH TNFX! 🛩",2026-09-23T18:42:40Z,2026-09-23T15:39:38Z,
@TOPNOTCHFOREXFREE,23848,2026-09-23T15:39:37Z,"BTCUSD TP2: +264 pips ✅✅
Running in big profits!",2026-09-23T18:42:40Z,2026-09-23T15:39:38Z,
@TOPNOTCHFOREXFREE,23849,2026-09-23T15:39:37Z,"XAUUSD TP2: +1200 pips ✅✅
Running in big profits!",2026-09-23T18:42:40Z,2026-09-23T15:39:38Z,
@TOPNOTCHFOREXFREE,23850,2026-09-23T15:39:51Z,"INSANE ROCKET IN MY PREMIUM 🚀

Big moves, clean executions 🏹

Let me guess, you weren’t in?

CLICK HERE AND STOP MISSING OUT",2026-09-23T18:42:40Z,2026-09-23T15:39:52Z,
@TAURUSTRADERSSIGNALE,39916,2026-09-23T15:10:22Z,"NEW TRADE IDEA

XAUUSD SELL 4295

TP 4291

TP 2 4275

SL @ 4312

Trade accordingly and only trade with money you can afford to LOSE.",2026-09-23T18:42:43Z,,
@TAURUSTRADERSSIGNALE,39917,2026-09-23T15:44:37Z,"Hier tp 2 schließen

+ 160 Pips Gewinn",2026-09-23T18:42:43Z,,
@TAURUSTRADERSSIGNALE,39918,2026-09-23T15:54:03Z,,2026-09-23T18:42:43Z,,
@TAURUSTRADERSSIGNALE,39919,2026-09-23T16:25:39Z,"DIE ERGEBNISSE DIESER WOCHE IN MEINER VIP-GRUPPE (bisher)
Woche 39, 2026

📊 Veröffentlichte Trades: 24
✅ Gewinne: 21
❌ Verluste: 3

>> Gewinnquote: 87,5%

Die Woche ist erst zur Hälfte vorbei! Noch 2 Tage bis zum Ende der regulären Handelswoche. Lasst uns stark abschließen! 🔥 Stellt euch vor, wie die Endergebnisse am Freitag aussehen werden...

MÖCHTET IHR ALLE MEINE TRADES KOPIEREN? Klickt hier, um KOSTENLOSEN ZUGANG zu meinem VIP zu erhalten 🔥",2026-09-23T18:42:43Z,,
@TAURUSTRADERSSIGNALE,39920,2026-09-23T17:28:12Z,"Neuer Trade mit GOLD im VIP geteilt ☕️

Welche Richtung? Kaufen oder verkaufen?",2026-09-23T18:42:43Z,,
@TAURUSTRADERSSIGNALE,39921,2026-09-23T17:37:14Z,,2026-09-23T18:42:43Z,,
@TAURUSTRADERSSIGNALE,39922,2026-09-23T17:38:49Z,750 pips!!🔥🔥,2026-09-23T18:42:43Z,,
@FREESIGNALSTOTRADEBYLENNART,60494,2026-09-23T14:50:39Z,,2026-09-23T18:42:45Z,,
@FREESIGNALSTOTRADEBYLENNART,60495,2026-09-23T15:23:25Z,"Bei uns stehen nicht nur die Top Trader im Vordergrund sondern echte Mitglieder aus der Community. Leute die Fortschritte machen und deren Ergebnisse du offen einsehen kannst. Keine Profis und keine Sonderbedingungen sondern reale Beispiele aus dem Alltag. Genau das macht den Unterschied 💯

Was unsere Kunden auf TRUST INDEX über uns berichten kannst du dir hier anschauen TRUST INDEX

Wenn du auch dabei sein willst melde dich bei @S2TSupport 🤝",2026-09-23T18:42:45Z,,
@FREESIGNALSTOTRADEBYLENNART,60496,2026-09-23T15:23:25Z,,2026-09-23T18:42:45Z,,
@FREESIGNALSTOTRADEBYLENNART,60497,2026-09-23T15:23:25Z,,2026-09-23T18:42:45Z,,
@FREESIGNALSTOTRADEBYLENNART,60498,2026-09-23T15:23:25Z,,2026-09-23T18:42:45Z,,
@FREESIGNALSTOTRADEBYLENNART,60499,2026-09-23T15:23:25Z,,2026-09-23T18:42:45Z,,
@FREESIGNALSTOTRADEBYLENNART,60500,2026-09-23T15:23:25Z,,2026-09-23T18:42:45Z,,
@FREESIGNALSTOTRADEBYLENNART,60501,2026-09-23T15:23:25Z,,2026-09-23T18:42:45Z,,
@FREESIGNALSTOTRADEBYLENNART,60502,2026-09-23T15:23:26Z,,2026-09-23T18:42:45Z,,
@FREESIGNALSTOTRADEBYLENNART,60503,2026-09-23T15:23:26Z,,2026-09-23T18:42:45Z,,
@FREESIGNALSTOTRADEBYLENNART,60504,2026-09-23T15:23:26Z,,2026-09-23T18:42:45Z,,
@FREESIGNALSTOTRADEBYLENNART,60505,2026-09-23T15:27:55Z,"⚠️Bei den folgenden Nachrichten handelt es sich um ein Ergebnis aus unserer Premium Gruppe, nicht um ein umzusetzendes Signal⚠️",2026-09-23T18:42:45Z,,
@FREESIGNALSTOTRADEBYLENNART,60506,2026-09-23T15:28:45Z,"🚀GBPUSD - SELL🚀

Entry: 1.33722

Stopp-Loss: 1.33872

Take-Profit 1: 1.33652
Take-Profit 2: 1.33572
Take-Profit 3: 1.33272

📊3:1 Risk Reward 📊",2026-09-23T18:42:45Z,,
@FREESIGNALSTOTRADEBYLENNART,60507,2026-09-23T15:28:45Z,GBPUSD TP1 HIT ✔️,2026-09-23T18:42:45Z,,
@FREESIGNALSTOTRADEBYLENNART,60508,2026-09-23T15:28:45Z,GBPUSD TP2 HIT ✔️✔️,2026-09-23T18:42:45Z,,
@FREESIGNALSTOTRADEBYLENNART,60509,2026-09-23T15:30:29Z,,2026-09-23T18:42:45Z,,
@FREESIGNALSTOTRADEBYLENNART,60510,2026-09-23T15:30:29Z,Wieder ein sauberer TP2 Treffer 🎯,2026-09-23T18:42:45Z,,
@FREESIGNALSTOTRADEBYLENNART,60511,2026-09-23T15:30:29Z,SL auf Break Even und der Trade läuft weiter.,2026-09-23T18:42:45Z,,
@FREESIGNALSTOTRADEBYLENNART,60512,2026-09-23T15:30:30Z,Schaust du noch zu oder bist du bereit für eine Veränderung?,2026-09-23T18:42:45Z,,
@FREESIGNALSTOTRADEBYLENNART,60513,2026-09-23T15:30:30Z,Stell dir mal vor was du mit dem zusätzlichen Geld alles machen könntest...,2026-09-23T18:42:45Z,,
@FREESIGNALSTOTRADEBYLENNART,60514,2026-09-23T15:30:30Z,Klicke HIER und nutze deine Chance!,2026-09-23T18:42:45Z,,
@FREESIGNALSTOTRADEBYLENNART,60515,2026-09-23T15:37:10Z,,2026-09-23T18:42:45Z,,
@FREESIGNALSTOTRADEBYLENNART,60516,2026-09-23T15:38:44Z,"Volle Transparenz 📊 

S2T steht dafür genau zu zeigen was wir tun.

Darum zeigen wir dir heute ganz offen wie unser PnL Tag für Tag aussieht.

Wie können wir solche Ergebnisse konstant liefern? 

📬 Schreib uns, um mehr über diese Performance zu erfahren.",2026-09-23T18:42:45Z,,
@FREESIGNALSTOTRADEBYLENNART,60517,2026-09-23T15:45:31Z,"Gestern wieder profitabel abgeschlossen 💰

Weißt du woran das liegt? Weil wir nicht wie die anderen jeden Tag aufs Neue raten. Unsere Setups sind vorbereitet 🎯

Unsere Mitglieder wissen was zu tun ist sobald ein Signal kommt.

❌ Kein Signal Spam
❌ Kein Trading ohne klare Setups
✔️ 4–6 geprüfte Signale täglich mit klarer Struktur

Es wird Zeit für Trades von S2T. So einen Support wie hier bekommst du sonst nirgendwo!

Schreib ""Trade"" an 👉@S2TSupport und ich zeige dir wie echtes Trading aussieht.",2026-09-23T18:42:45Z,,
@FREESIGNALSTOTRADEBYLENNART,60518,2026-09-23T15:58:32Z,,2026-09-23T18:42:45Z,,
@FREESIGNALSTOTRADEBYLENNART,60519,2026-09-23T16:22:16Z,,2026-09-23T18:42:45Z,,
@FREESIGNALSTOTRADEBYLENNART,60520,2026-09-23T16:29:19Z,"⚠️Bei den folgenden Nachrichten handelt es sich um ein Ergebnis aus unserer Premium Gruppe, nicht um ein umzusetzendes Signal⚠️",2026-09-23T18:42:45Z,,
@FREESIGNALSTOTRADEBYLENNART,60521,2026-09-23T16:29:53Z,"🚀NZDUSD - SELL🚀

Entry: 0.57387

Stopp-Loss: 0.57587

Take-Profit 1: 0.57287
Take-Profit 2: 0.57187
Take-Profit 3: 0.56787

📊3:1 Risk Reward 📊",2026-09-23T18:42:45Z,,
@FREESIGNALSTOTRADEBYLENNART,60522,2026-09-23T16:29:53Z,NZDUSD TP1 HIT ✔️,2026-09-23T18:42:45Z,,
@FREESIGNALSTOTRADEBYLENNART,60523,2026-09-23T16:31:30Z,,2026-09-23T18:42:45Z,,
@FREESIGNALSTOTRADEBYLENNART,60524,2026-09-23T16:31:31Z,BOOM 💥 TP1 ist erreicht!,2026-09-23T18:42:45Z,,
@FREESIGNALSTOTRADEBYLENNART,60525,2026-09-23T16:31:31Z,Der Markt läuft genau wie geplant und das ist erst der Anfang! TP2 ist nicht mehr weit. Die Geduldigen werden belohnt 💵,2026-09-23T18:42:45Z,,
@FREESIGNALSTOTRADEBYLENNART,60526,2026-09-23T16:31:31Z,Schreib @S2TSupport und komm in die VIP Gruppe wenn du dabei sein willst!,2026-09-23T18:42:45Z,,
@FREESIGNALSTOTRADEBYLENNART,60527,2026-09-23T16:38:58Z,"Stell dir vor, beides läuft gleichzeitig…📊

Offen: +12999 €
Geschlossen: +542 €

Wenn du so arbeitest wie wir, brauchst du keine Ausreden mehr Nur noch Ergebnisse 💵

✉️ Sichere dir deinen exklusiven Zugang",2026-09-23T18:42:45Z,,
@FREESIGNALSTOTRADEBYLENNART,60528,2026-09-23T16:38:58Z,,2026-09-23T18:42:45Z,,
@FREESIGNALSTOTRADEBYLENNART,60529,2026-09-23T16:40:32Z,"Kostenloser Mehrwert: US DOLLAR wird durchleuchtet💵

Lennart nimmt dich heute mit und zeigt dir genau wie er arbeitet.

Guck dir die Analyse einfach auf Youtube an und entscheide dann: Willst du mehr?

📬Schreib @S2TSupport, wenn du das volle Paket willst.",2026-09-23T18:42:45Z,,
@FREESIGNALSTOTRADEBYLENNART,60530,2026-09-23T17:00:09Z,"☀️ Financial-Freedom-Projekt ☀️

Ich suche 10 Leute für ein ganz besonderes Projekt: Ein Jahr lang begleite ich euch intensiv auf dem Weg in die finanzielle Freiheit. Es geht nicht nur um Trading, es geht darum, dein Leben zu verändern.

Das ist nichts für jeden. Das ist für die, die bereit sind, alles zu geben. Wenn du einer davon bist, kannst du dich jetzt bewerben. (ab einem Startkapital von 1.000€)

Der Zinseszinseffekt ermöglicht es uns im ersten Jahr schon 9.000€ Gewinn mit einem Startkapital von 1.000€ passiv zu erzielen.

Schreib mir ""FREIHEIT"" an @S2TSupport und erzähl mir, warum du dabei sein solltest.",2026-09-23T18:42:45Z,,
@FREESIGNALSTOTRADEBYLENNART,60531,2026-09-23T17:00:10Z,,2026-09-23T18:42:45Z,,
@FREESIGNALSTOTRADEBYLENNART,60532,2026-09-23T17:06:41Z,"🚨 DXY erreicht Double Top – Starker Anstieg, aber Wendepunkt in Sicht? ⚡

💵 Der US-Dollar-Index zeigt aktuell einen sehr starken Aufwärtstag und hat den zuvor erwarteten Widerstand sogar durchbrochen.
📊 Das nächste wichtige Level liegt nur noch 0,24 % entfernt und könnte bereits heute erreicht werden.
🎯 Bis zu diesem Bereich bleibt die bullische Bewegung im Fokus.
📉 Danach könnte eine erneute Abwärtsbewegung bzw. ein Sell-off folgen.",2026-09-23T18:42:45Z,,
@FREESIGNALSTOTRADEBYLENNART,60533,2026-09-23T17:20:24Z,"UNGLAUBLICH. Mir wurde gerade gemeldet, dass wir noch DREI PLÄTZE für das Projekt frei haben",2026-09-23T18:42:45Z,,
@FREESIGNALSTOTRADEBYLENNART,60534,2026-09-23T17:20:25Z,"Schreib ""START"" für meine kostenlosen Signale.",2026-09-23T18:42:45Z,,
@FREESIGNALSTOTRADEBYLENNART,60535,2026-09-23T17:20:25Z,"Schreib mir NICHT, wenn

❌ Du es nicht nötig hast.
❌ Du es nicht ernst meinst.
❌ Du mir nicht vertraust.",2026-09-23T18:42:45Z,,
@FREESIGNALSTOTRADEBYLENNART,60536,2026-09-23T17:40:21Z,3...,2026-09-23T18:42:45Z,,
@FREESIGNALSTOTRADEBYLENNART,60537,2026-09-23T18:02:30Z,2... (Wenn du jetzt zögerst willst du es nicht wirklich),2026-09-23T18:42:45Z,,
@FREESIGNALSTOTRADEBYLENNART,60538,2026-09-23T18:20:30Z,1... ALLERLETZTER PLATZ. Deine Zukunft wartet nicht.,2026-09-23T18:42:45Z,,
@FREESIGNALSTOTRADEBYLENNART,60539,2026-09-23T18:40:23Z,🔒 GESCHLOSSEN. Das Team ist komplett. Glückwunsch an alle die sich entschieden haben. Ihr habt die richtige finanzielle Entscheidung getroffen.,2026-09-23T18:42:45Z,,
@REALNATEFXC,5141,2026-09-23T17:13:54Z,Lovely again Nate 🫶 got in a bit later though,2026-09-23T18:42:48Z,2026-09-23T17:14:43Z,
@REALNATEFXC,5142,2026-09-23T17:19:21Z,📤Message me here to claim your FREE spot inside our Premium Community.,2026-09-23T18:42:48Z,2026-09-23T17:30:14Z,
@REALNATEFXC,5143,2026-09-23T18:31:58Z,Finished for today,2026-09-23T18:42:48Z,,
@REALNATEFXC,5144,2026-09-23T18:31:58Z,,2026-09-23T18:42:48Z,,
@REALNATEFXC,5145,2026-09-23T18:31:58Z,,2026-09-23T18:42:48Z,,
@REALNATEFXC,5146,2026-09-23T18:33:01Z,"LIMITED SPOTS LEFT secure yours now‼️‼️

https://t.me/fxculture",2026-09-23T18:42:48Z,2026-09-23T18:35:14Z,
@TRADINGCENTRALGLOBAL,53765,2026-09-23T16:10:43Z,"Here’s a preview of the entire analysis I dropped about the pending order that’s waiting in our trading accounts ✅

My entire private community is now informed & ready!

Don’t want to wait? Want to be informed & ready as well? 

50 of you can watch this video for free using the link below:
• https://t.me/m/UY_GFjjLZmE0",2026-09-23T18:42:50Z,2026-09-23T16:10:48Z,
@fxtradingvision,86081,2026-09-23T18:47:01Z,,2026-09-23T21:52:03Z,2026-09-23T18:47:02Z,
@fxtradingvision,86083,2026-09-23T18:59:32Z,"WHAT A DAY!

Heavy profits! ☕️",2026-09-23T21:52:03Z,2026-09-23T18:59:32Z,
@fxtradingvision,86084,2026-09-23T20:56:01Z,"If you want to be able to follow all my other trade ideas this week, make sure to DM me RIGHT NOW! I have time to get you inside and you can then make your first profits already TODAY! - You will also receive my full risk management plan so you can become profitable instantly

👉🏻 CLICK HERE to claim your spot & unlock all the trades + risk management plan",2026-09-23T21:52:03Z,2026-09-23T20:56:01Z,
@fxtradingvision,86085,2026-09-23T21:18:01Z,,2026-09-23T21:52:03Z,2026-09-23T21:18:01Z,
@phenexbillions,7133,2026-09-23T19:12:02Z,"💸 Finanzielle Freiheit heißt:
Du entscheidest, wann du arbeitest, wo du lebst und wie dein Leben aussieht. Viele reden davon – aber nur die Mutigen gehen den ersten Schritt.

Keiner wird dir etwas schenken!
Niemand kommt und macht es für dich. Du musst den ersten Schritt gehen. 

Schreib mir „START“ – und sei ab morgen bereit, mitzuprofitieren, statt nur zuzuschauen.

➡ @billions_vitus",2026-09-23T21:52:05Z,,
@WOLFXSIGNALS_FREEGROUP,11710,2026-09-23T19:23:02Z,,2026-09-23T21:52:08Z,,
@WOLFXSIGNALS_FREEGROUP,11711,2026-09-23T19:23:08Z,"❗️❗️❗️❗️❗️❗️❗️❗️❗️

🥇GOLD hit Take Profit 2 ✅✅
📊 Profit Won: $4,530.00 💵

—————————————————-
•Trading Skills + News = Money✅
 
☑GOLD (XAUUSD) reached the value of 4287.00, completing the TP2, excellent analysis 🟢
—————————————————-

 ✅BEST FOREX VIP BENEFITS✅

✅ 8-15 Forex/Gold Signals per week.
✅ CopyTrading Service Access⭐️
✅ Funded Accounts service.
✅ 1:1 onboarding + mentoring.

                             ⬇️

         👉 BECOME VIP HERE 👈


🚫REMEMBER. 10 VIP Spots are opened every Monday (4 LEFT)",2026-09-23T21:52:08Z,2026-09-23T19:25:42Z,
@FXFARO_FREEGROUP,13653,2026-09-23T18:46:16Z,XAUUSD > NEW TRADE IS RUNNING AT +55PIPS!,2026-09-23T21:52:11Z,2026-09-23T18:46:16Z,
@FXFARO_FREEGROUP,13654,2026-09-23T21:17:46Z,"TODAY WAS ONE OF THE MOST INSANE GOLD DAYS WE’VE HAD INSIDE VIP. 🤯🔥

And the craziest part?

WE SAW THIS BIG DUMP COMING.

The bearish plan was mapped out BEFORE the move.
The entries were taken BEFORE the dump.
And VIP was already positioned when GOLD started collapsing.

No hindsight.
No chasing.
No “I told you so” after the move.

We anticipated it, planned for it, and EXECUTED.

Days like this are exactly what we prepare for. 💰🔥 @fxfaro",2026-09-23T21:52:11Z,2026-09-23T21:17:46Z,
@FXFARO_FREEGROUP,13655,2026-09-23T21:19:47Z,"FUNDED ACCOUNT MANAGEMENT IS FOR LAZY PEOPLE.🫡

And I mean that in the BEST possible way.

You don’t want to sit behind charts all day?
You don’t want to place trades yourself?
You don’t want to chase signals?

GOOD.

That’s literally why our Funded Management exists.

We handle the trading.
We manage the risk.
We focus on QUALITY setups.
You stay hands-off.

Our target is around 11% ROI per month, depending on market conditions. Nothing is guaranteed and we keep risk controlled.

Take TOM as an example.

ONE quality trade and his funded account is already up around +1%.

That’s the whole point.

We don’t need 10 random trades every day.

QUALITY OVER QUANTITY.

Serious funded capital + controlled risk + patience.

That’s the game. @fxfaro",2026-09-23T21:52:11Z,2026-09-23T21:19:50Z,
@TAURUSTRADERSSIGNALE,39923,2026-09-23T18:48:11Z,,2026-09-23T21:52:16Z,,
@TAURUSTRADERSSIGNALE,39924,2026-09-23T18:54:31Z,"Neuer Trade mit GOLD im VIP geteilt ☕️

Welche Richtung? Kaufen oder verkaufen?

👉KLICKEN SIE HIER, UM IHREN PLATZ ZU BEANSPRUCHEN UND ALLE HANDELSGESCHÄFTE FREIZUSCHALTEN",2026-09-23T21:52:16Z,,
@TAURUSTRADERSSIGNALE,39925,2026-09-23T19:33:33Z,"Was für ein Tag!

Riesige Gewinne! ☕️",2026-09-23T21:52:16Z,,
@TAURUSTRADERSSIGNALE,39926,2026-09-23T20:58:00Z,"Wenn du diese Woche alle meine anderen Handelsideen verfolgen möchtest, schick mir UNVERZÜGLICH eine DM! Ich habe noch Zeit, dich aufzunehmen, und du kannst dann bereits HEUTE deine ersten Gewinne erzielen! - Außerdem erhältst du meinen vollständigen Risikomanagementplan, damit du sofort Gewinne erzielen kannst.

👉🏻 KLICKE HIER um dir deinen Platz zu sichern und alle Trades sowie den Risikomanagementplan freizuschalten",2026-09-23T21:52:16Z,,
@TAURUSTRADERSSIGNALE,39927,2026-09-23T21:19:04Z,,2026-09-23T21:52:16Z,,
@FREESIGNALSTOTRADEBYLENNART,60540,2026-09-23T19:18:29Z,"⚠️Bei den folgenden Nachrichten handelt es sich um ein Ergebnis aus unserer Premium Gruppe, nicht um ein umzusetzendes Signal⚠️",2026-09-23T21:52:18Z,,
@FREESIGNALSTOTRADEBYLENNART,60541,2026-09-23T19:19:24Z,"🚀NZDUSD - SELL🚀

Entry: 0.57387

Stopp-Loss: 0.57587

Take-Profit 1: 0.57287
Take-Profit 2: 0.57187
Take-Profit 3: 0.56787

📊3:1 Risk Reward 📊",2026-09-23T21:52:18Z,,
@FREESIGNALSTOTRADEBYLENNART,60542,2026-09-23T19:19:24Z,NZDUSD TP1 HIT ✔️,2026-09-23T21:52:18Z,,
@FREESIGNALSTOTRADEBYLENNART,60543,2026-09-23T19:19:24Z,NZDUSD TP2 HIT ✔️✔️,2026-09-23T21:52:18Z,,
@FREESIGNALSTOTRADEBYLENNART,60544,2026-09-23T19:20:27Z,,2026-09-23T21:52:18Z,,
@FREESIGNALSTOTRADEBYLENNART,60545,2026-09-23T19:20:27Z,Seht euch das an! TP2 HIT! 🎯,2026-09-23T21:52:18Z,,
@FREESIGNALSTOTRADEBYLENNART,60546,2026-09-23T19:20:27Z,Leute genießt die Profite! Unsere Analyse ging auf. Werdet jetzt nicht grundlos emotional. Geduld zahlt sich aus 🤝,2026-09-23T21:52:18Z,,
@FREESIGNALSTOTRADEBYLENNART,60547,2026-09-23T19:20:27Z,"Wenn du beim nächsten Trade dabei sein willst schreib mir 
👉@S2TSupport",2026-09-23T21:52:18Z,,
@FREESIGNALSTOTRADEBYLENNART,60548,2026-09-23T19:30:01Z,"VIP Report - 14 Tage 📈
+5082€

Du hast die letzten Wochen die Ergebnisse im Free-Channel gesehen. 

Aber parallel dazu lief der VIP - und dort kam um einiges mehr. 📈

Hier siehst du was das wirklich bedeutet. 

📲Wenn du anfangen willst richtige Gewinne zu machen dann melde dich JETZT",2026-09-23T21:52:18Z,,
@FREESIGNALSTOTRADEBYLENNART,60549,2026-09-23T19:40:21Z,Professioneller Ansatz und leicht verständliche Setups! 📊,2026-09-23T21:52:18Z,,
@FREESIGNALSTOTRADEBYLENNART,60550,2026-09-23T19:50:19Z,"Ein weiterer Beweis für klare Strategien 📊

Der heutige Trade war technisch stark, das Feedback entsprechend deutlich.
Wir liefern nicht nur Signale wir liefern Verständnis 🎯

Wenn du noch zweifelst, verpasst du den nächsten Einstieg 📈

✉️ Jetzt Zugang sichern: @S2TSupport",2026-09-23T21:52:18Z,,
@FREESIGNALSTOTRADEBYLENNART,60551,2026-09-23T20:00:47Z,"Community Stimmen 📈

Wieder ein starkes Feedback aus unserer VIP Community. Unsere Mitglieder schätzen besonders die Klarheit der Setups und die täglichen, strukturierten Marktanalysen. 📊

Das unterscheidet uns kein Rätselraten, sondern klare Ansagen. Du willst Trading, das planbar funktioniert?

Dann lass uns sprechen.
✉️Schreib an @S2TSupport",2026-09-23T21:52:18Z,,
@FREESIGNALSTOTRADEBYLENNART,60552,2026-09-23T20:30:41Z,"Die anderen zeigen nur ihre Gewinne aber nie wie man Verluste vermeiden kann.

Und du sitzt da. Verunsichert, planlos & frustriert...

👉 S2T macht es anders. Unser Setup gab nicht mehr her aber unser Risikomanagement funktionierte einwandfrei.

Und genau das lernst du bei uns in der VIP Gruppe.

✔️ Timing
✔️ Exit Strategien
✔️ Risikomanagement

📲Melde dich bei mir und ich zeige es dir!",2026-09-23T21:52:18Z,,
@FREESIGNALSTOTRADEBYLENNART,60553,2026-09-23T20:45:13Z,"Trading ist super simpel 🔥

Du musst nicht jeden Tag Stunden lang vor dem Chart sitzen

Mit S2T biete ich dir alles von automatisierten Ergebnissen bis hin zu Live Trading und täglichen Analysen.

Wenn du noch nicht weißt wie du das KOSTENLOS für dich nutzen kannst schreib uns @S2TSupport und wir zeigen es dir 🤝",2026-09-23T21:52:18Z,,
@FREESIGNALSTOTRADEBYLENNART,60554,2026-09-23T21:02:54Z,"Die Woche ist zur Hälfte um und damit Glückwunsch an alle die bisher profitiert haben!

Wenn du auch Profite willst statt die ganze Zeit nur zuzuschauen dann melde dich jetzt hier bei unserem Support um ebenfalls in die Premium Gruppe zu kommen 🎯

👉@S2TSupport",2026-09-23T21:52:18Z,,
@phenexbillions,7134,2026-09-23T22:01:42Z,Beste Leben 🦅🦅,2026-09-24T00:04:23Z,,
@FXFARO_FREEGROUP,13656,2026-09-23T22:42:04Z,"TOMORROW COULD BE ANOTHER EXTREME DAY FOR GOLD!

After what we saw today, I’m already preparing for the next move.

And TRUST ME, setups like the one I’m watching right now don’t come around often.

If you trade GOLD yourself, BE SHARP tomorrow.

Do your analysis.
Mark your key zones.
Wait for confirmation.
Don’t chase the move.

I already have my plan ready. @fxfaro",2026-09-24T00:04:27Z,2026-09-23T22:42:06Z,
@TRADINGCENTRALGLOBAL,53766,2026-09-23T21:56:36Z,"Touchdown in Dubai, UAE 🇦🇪, who’s ready for another generational lock in?",2026-09-24T00:04:39Z,2026-09-23T21:56:38Z,
@fxtradingvision,86086,2026-09-24T02:37:01Z,Good morning traders happy Thursday!,2026-09-24T04:52:15Z,2026-09-24T02:37:02Z,
@fxtradingvision,86087,2026-09-24T02:42:01Z,Two more days to go in the regular trading week. We are doing extremely well already in the VIP but I’m looking to finish even stronger 💪🏼💪🏼,2026-09-24T04:52:15Z,2026-09-24T02:42:01Z,
@fxtradingvision,86088,2026-09-24T03:05:04Z,"Preparations are done, now it’s time to execute. 

I’m 100% ready to kill it today. It can be either with our without you. 

There is firework incoming in the VIP 🧯‼️

👀👀👀👀

Don’t miss anything, start trading in the VIP! 👇🏼👇🏼",2026-09-24T04:52:15Z,2026-09-24T04:36:06Z,
@fxtradingvision,86089,2026-09-24T03:28:01Z,,2026-09-24T04:52:15Z,2026-09-24T03:28:01Z,
@fxtradingvision,86090,2026-09-24T04:11:01Z,👀🔥🔥,2026-09-24T04:52:15Z,2026-09-24T04:11:01Z,
@fxtradingvision,86091,2026-09-24T04:34:01Z,,2026-09-24T04:52:15Z,2026-09-24T04:34:01Z,
@fxtradingvision,86092,2026-09-24T04:36:01Z,📥 @TradingVisionHelpdesk,2026-09-24T04:52:15Z,2026-09-24T04:36:02Z,2026-09-24T09:36:13Z
@phenexbillions,7135,2026-09-24T04:05:13Z,Nochmal in den Break out rein 🫡,2026-09-24T04:52:17Z,,
@TAURUSTRADERSSIGNALE,39928,2026-09-24T02:36:04Z,"Guten Morgen, Trader! Euch allen einen schönen Donnerstag!",2026-09-24T04:52:27Z,,
@TAURUSTRADERSSIGNALE,39929,2026-09-24T02:58:04Z,"Noch zwei Tage bis zum Ende der regulären Handelswoche. Im VIP läuft es bereits extrem gut, aber ich möchte noch stärker abschließen 💪🏼💪🏼",2026-09-24T04:52:27Z,,
@TAURUSTRADERSSIGNALE,39930,2026-09-24T03:14:04Z,"Die Vorbereitungen sind abgeschlossen, jetzt ist es Zeit, umzusetzen.

Ich bin zu 100 % bereit, heute richtig abzuliefern. Ob mit oder ohne dich.

Im VIP kommt ein Feuerwerk auf uns zu 🧯‼️
👀👀👀👀

Verpass nichts und starte mit dem Trading im VIP! 👇🏼👇🏼

HIER KLICKEN, UM MIT DEM TRADING IN MEINEM VIP ZU STARTEN (kostenlos)",2026-09-24T04:52:27Z,2026-09-24T04:06:08Z,
@TAURUSTRADERSSIGNALE,39931,2026-09-24T04:34:04Z,,2026-09-24T04:52:27Z,,
@FREESIGNALSTOTRADEBYLENNART,60555,2026-09-24T02:45:28Z,"🔥 Donnerstag  24. August 🔥

Donnerstag ist so ein Tag den viele unterschätzen aber wir nicht.
Hier wird der Grundstein gelegt ob die Woche richtig stark wird oder nur durchschnittlich.

Saubere Einstiege und klar definiertes Risiko ist der Plan für heute!

Jeden Tag 1 % besser 🏆",2026-09-24T04:52:29Z,,
@FREESIGNALSTOTRADEBYLENNART,60556,2026-09-24T03:17:02Z,,2026-09-24T04:52:29Z,,
@FREESIGNALSTOTRADEBYLENNART,60557,2026-09-24T03:25:11Z,✍️ schreibt gerade...,2026-09-24T04:52:29Z,,
@FREESIGNALSTOTRADEBYLENNART,60558,2026-09-24T03:25:11Z,Diese Nachricht von Kevin zeigt genau was ich mit dieser Community meine. Gegenseitiger Support und gemeinsamer Erfolg. Das ist die Mission. Danke für dein Vertrauen! 🤝,2026-09-24T04:52:29Z,,
@FREESIGNALSTOTRADEBYLENNART,60559,2026-09-24T03:25:11Z,"Schreib ""START"" für meine kostenlosen Signale.",2026-09-24T04:52:29Z,,
@FREESIGNALSTOTRADEBYLENNART,60560,2026-09-24T03:25:11Z,Bitte nimm niemand anderem den Platz weg wenn du das Geld nur für BULLSHIT ausgibst ❌,2026-09-24T04:52:29Z,,
@FREESIGNALSTOTRADEBYLENNART,60561,2026-09-24T03:25:11Z,Liest du überhaupt mit? 🤫,2026-09-24T04:52:29Z,,
@FREESIGNALSTOTRADEBYLENNART,60562,2026-09-24T03:40:06Z,"Leute Trading ist mehr als nur Zahlen. Es kann dir das Gefühl von Freiheit geben! Wenn du in einer Stunde mehr verdienst als vorher im ganzen Monat 🤯 

Da merkst du dass Trading dir unfassbar vieles ermöglichen kann. 
Es gibt mir heute die Zeit tun zu können was ich will. Ich kann somit ganz in Ruhe arbeiten wann immer ich möchte und das auch noch Ortsunabhängig 🌍

Willst du das auch erleben?
📱 @S2TSupport",2026-09-24T04:52:29Z,,
@FREESIGNALSTOTRADEBYLENNART,60563,2026-09-24T04:33:43Z,"⭐️ Einblicke aus unserer VIP Community ⭐️

Eure Rückmeldungen zeigen deutlich dass unser Ansatz funktioniert. Jeden Tag arbeiten wir daran euch klare Analysen, saubere Setups und nachvollziehbare Signale bereitzustellen.

Bleibt dran Freunde. Zusammen gehen wir den nächsten Schritt.
👉@S2TSupport",2026-09-24T04:52:29Z,,
@FREESIGNALSTOTRADEBYLENNART,60564,2026-09-24T04:40:10Z,"Du kannst nicht den ganzen Tag Bloomberg, Twitter und Wirtschaftskalender gleichzeitig beobachten.

Musst du auch nicht. 👀

Unser News Bot überwacht relevante Markt-News für dich und schickt dir Updates direkt auf Telegram.

Welche Märkte und welche Art von Meldungen du bekommst, stellst du selbst ein.

Zugang ab 2.500€ Deposit.

👉 Schreib @S2TSupport",2026-09-24T04:52:29Z,,
@fxtradingvision,86093,2026-09-24T05:52:01Z,,2026-09-24T09:36:13Z,2026-09-24T05:52:01Z,
@fxtradingvision,86094,2026-09-24T05:57:01Z,👆🏻,2026-09-24T09:36:13Z,2026-09-24T05:57:02Z,
@fxtradingvision,86095,2026-09-24T06:31:01Z,START DAY TRADING,2026-09-24T09:36:13Z,2026-09-24T06:31:01Z,
@fxtradingvision,86096,2026-09-24T06:32:01Z,"It has been the best choice I ever took and it can change your life as well. We don’t care if the market is going up or down, there is money to be made in those moves! 👀🔥🔥🔥",2026-09-24T09:36:13Z,2026-09-24T06:32:01Z,
@fxtradingvision,86097,2026-09-24T07:41:01Z,,2026-09-24T09:36:13Z,2026-09-24T07:41:02Z,
@fxtradingvision,86098,2026-09-24T08:11:47Z,"TP 1 hit

+ 40 pips profit

Move sl to entry",2026-09-24T09:36:13Z,2026-09-24T08:11:48Z,
@fxtradingvision,86099,2026-09-24T08:17:01Z,"If you want to join my VIP and be able to copy all the trades I personally take then make sure to send me a DM and I’m happy to help you out as well 

+ guide you to get the MAX result possible",2026-09-24T09:36:13Z,2026-09-24T08:23:36Z,
@fxtradingvision,86100,2026-09-24T08:17:01Z,,2026-09-24T09:36:13Z,,
@fxtradingvision,86101,2026-09-24T08:18:34Z,"TP 2 is hit aswell

+ 120 pips profit",2026-09-24T09:36:13Z,2026-09-24T08:18:35Z,
@fxtradingvision,86102,2026-09-24T08:23:32Z,"THIS WEEK'S RESULTS IN MY VIP GROUP (so far)
Week 39, 2026

📊 Trades shared: 28
✅ Win: 24
❌ Loss: 4

>> Win-ratio: 85.7%

Today we will continue! I expect many more great trades, don't miss it! 🔔

WANT TO COPY ALL MY TRADES? Click the button below to get FREE ACCESS to my VIP 👇🏻",2026-09-24T09:36:13Z,2026-09-24T08:23:33Z,
@fxtradingvision,86103,2026-09-24T08:23:32Z,,2026-09-24T09:36:13Z,,
@fxtradingvision,86104,2026-09-24T08:32:47Z,"Close tp 2 here

+ 200 pips profit",2026-09-24T09:36:13Z,2026-09-24T08:32:48Z,
@fxtradingvision,86105,2026-09-24T09:03:52Z,Faaaantastic fucking day brother! Your KILLING IT 💯🔥💪🏻🌟,2026-09-24T09:36:13Z,2026-09-24T09:03:52Z,
@phenexbillions,7136,2026-09-24T05:17:02Z,"Guten Morgen, ab gehts!
Neuer Tag und neue Setups. 💪

Wenn du immer noch in deinem Hamsterrad im Kreis rennst und am Monatsende das Konto wieder bei 0 steht ➡️wird´s Zeit aus dem Zyklus auszubrechen und endlich deine Finanzen voran zu bringen. 

Schreibe ""Start"" an mich und wir legen heute noch los. 

➡ @billions_vitus",2026-09-24T09:36:15Z,,
@phenexbillions,7137,2026-09-24T08:38:07Z,"TP1 hit, that’s +500 pips 🚀✅

SL nach Belieben auf Break Even…",2026-09-24T09:36:15Z,,
@phenexbillions,7138,2026-09-24T08:38:10Z,"TP1 hit, that’s +500 pips 🥷🏼✅

SL nach Belieben auf Break Even…",2026-09-24T09:36:15Z,,
@phenexbillions,7139,2026-09-24T08:43:39Z,"✅ NEUER PREMIUM TRADE! ✅

Solltest du noch nicht Mitglied meiner VIP Gruppe sein, hast du soeben ein kostenloses Signal verpasst.

Schreib mir jetzt ""START"" und sichere dir deinen kostenlosen Zugang zur VIP mit 2-4 präzisen Signalen am Tag❗️

➡ @billions_vitus",2026-09-24T09:36:15Z,,
@phenexbillions,7140,2026-09-24T08:57:51Z,"TP2 hit, that’s +1200 pips 🥷🏼✅",2026-09-24T09:36:15Z,,
@phenexbillions,7141,2026-09-24T09:33:18Z,210+ Pips mit unseren SELL 🔥,2026-09-24T09:36:15Z,,
@WOLFXSIGNALS_FREEGROUP,11712,2026-09-24T09:14:38Z,,2026-09-24T09:36:17Z,,
@WOLFXSIGNALS_FREEGROUP,11713,2026-09-24T09:14:55Z,,2026-09-24T09:36:17Z,,
@WOLFXSIGNALS_FREEGROUP,11714,2026-09-24T09:16:26Z,"😋😋😌😌➖😌😌😋😌😋


❗️❗️❗️❗️❗️❗️❗️❗️❗️

🥇 GOLD hits Take Profit 3 🟢
📊 Profit Won: $9,160.00 💵

🧠 Best Gold Strategy in the Market.
—————————————————-
 
🟢 GOLD VIP signal shared for FREE, in front of this big group of +105,000 members, built in 2020.

⭐️Trusted by +4000 VIP clients⭐️

                              🔽",2026-09-24T09:36:17Z,2026-09-24T09:19:46Z,
@FXFARO_FREEGROUP,13657,2026-09-24T05:42:44Z,XAUUSD > RECENT ENTRY IS STILL RUNNING. NOW AT +60PIPS. KEEP HOLDING.,2026-09-24T09:36:20Z,2026-09-24T05:42:45Z,
@FXFARO_FREEGROUP,13658,2026-09-24T06:01:02Z,Hi there,2026-09-24T09:36:20Z,2026-09-24T06:01:03Z,
@FXFARO_FREEGROUP,13659,2026-09-24T06:31:02Z,"Quick tip:
Plan your trade, and trade your plan 🎯

Don’t sit behind the charts entering trades just because it “feels right.”
That’s not trading — that’s gambling.",2026-09-24T09:36:20Z,2026-09-24T06:31:03Z,
@FXFARO_FREEGROUP,13660,2026-09-24T06:40:02Z,"IMPORTANT.

Some VERY valuable XAUUSD information is about to be shared inside VIP.

If you're already inside...

Stay alert. @fxfaro",2026-09-24T09:36:20Z,2026-09-24T06:40:03Z,
@FXFARO_FREEGROUP,13661,2026-09-24T06:47:44Z,"XAUUSD > THERE WE GO! PRICE IS DROPPING. 

NOW AT +50PIPS.",2026-09-24T09:36:20Z,2026-09-24T06:47:46Z,
@FXFARO_FREEGROUP,13662,2026-09-24T07:05:03Z,"So what’s the smart move?

Do your analysis ✅
Mark your key levels — these are essential parts of your trading plan.

Of course, there’s more to it…
But it all starts with having a clear plan before you even think about entering.

Discipline > Guesswork 
@fxfaro",2026-09-24T09:36:20Z,2026-09-24T07:05:03Z,
@FXFARO_FREEGROUP,13663,2026-09-24T07:22:02Z,"Personally, I use between 4–6 confirmations that I must check off before a trade is valid ✅
The number depends on the type of setup.

These confirmations — and the logic behind them — are all shared inside the VIP 🔒
This is how we stay consistent.
@fxfaro",2026-09-24T09:36:20Z,2026-09-24T07:22:02Z,
@FXFARO_FREEGROUP,13664,2026-09-24T08:29:47Z,"I’M THINKING ABOUT DROPPING A PUBLIC BTC ANALYSIS SOON. 

I’ve been watching BTC closely since yesterday and the structure is starting to get VERY interesting.

I’ll show you the direction, the key area and WHY I’m watching it.

Then YOU determine your own Entry, SL and TP.",2026-09-24T09:36:20Z,2026-09-24T08:29:47Z,
@FXFARO_FREEGROUP,13665,2026-09-24T08:35:13Z,"🌎BTCUSD 1D ANALYSIS

HERE WE GO.

We’ve seen strong BULLISH price action recently, and BTC has now made a pullback directly into our DEMAND ZONE.

This is a STRONG area that I’ve had my eyes on.

But here’s what makes it even more interesting...

This pullback is also forming a potential HIGHER LOW within the bullish structure. 👀

So you already know what I’m watching for:

BUY OPPORTUNITIES.

IMPORTANT:

This is HIGH TIMEFRAME analysis.

HIGH TIMEFRAME = determine the overall direction.

LOW TIMEFRAME = find your best ENTRY with confirmation and minimal drawdown.

Don’t blindly enter based on this analysis.

Determine your own ENTRY, SL and TP on the lower timeframe.

Now we wait for confirmation. 🔥 @fxfaro",2026-09-24T09:36:20Z,2026-09-24T08:35:14Z,
@FXFARO_FREEGROUP,13666,2026-09-24T08:46:02Z,"Want my PERSONAL BTC entry?

Not just the analysis...

My exact ENTRY.
My exact SL.
My exact TP.
Plus LIVE updates while the trade is running.

JOIN HERE > https://t.me/m/k6Lm7K7mODQ0",2026-09-24T09:36:20Z,2026-09-24T08:46:05Z,
@TOPNOTCHFOREXFREE,23851,2026-09-24T06:32:09Z,"Good morning, traders! ☕️

I will send the first free GOLD TRADE of the day soon 🔥🥇

Turn on your notifications 🔔",2026-09-24T09:36:23Z,2026-09-24T06:32:09Z,
@TOPNOTCHFOREXFREE,23852,2026-09-24T07:21:30Z,Are you ready? 🔔,2026-09-24T09:36:23Z,2026-09-24T07:21:31Z,
@TOPNOTCHFOREXFREE,23853,2026-09-24T07:22:16Z,"🌎 SIGNAL ALERT!

💰 SELL XAUUSD 4284.6

🛩 TP1: 4282.4
🛩 TP2: 4279.6
🛩 TP3: 4270.2

⛔️ SL: 4299.0",2026-09-24T09:36:23Z,2026-09-24T07:22:18Z,
@TOPNOTCHFOREXFREE,23854,2026-09-24T07:37:07Z,"✅ TP1 hit: +220 pips 

Manage your trades, team 🫡🔥",2026-09-24T09:36:23Z,2026-09-24T07:37:09Z,
@TOPNOTCHFOREXFREE,23855,2026-09-24T08:01:30Z,"✅ TP2 hit: +500 pips

WHAT A TRADE 🚀🚀🚀",2026-09-24T09:36:23Z,2026-09-24T08:01:30Z,
@TOPNOTCHFOREXFREE,23856,2026-09-24T08:01:40Z,"[LIMITED] 5 FREE SPOTS to my Premium just opened 🚨

FIRST COME FIRST SERVE 👇

CLAIM YOUR SPOT HERE ⚠️",2026-09-24T09:36:23Z,2026-09-24T08:01:42Z,
@TOPNOTCHFOREXFREE,23857,2026-09-24T08:39:51Z,"✅ TP3 hit: +1440 pips 

Enjoy your profits team 🫡🔥

JOIN MY PREMIUM NOW 🏆",2026-09-24T09:36:23Z,2026-09-24T08:39:52Z,
@TAURUSTRADERSSIGNALE,39932,2026-09-24T05:11:04Z,,2026-09-24T09:36:25Z,2026-09-24T05:50:04Z,
@TAURUSTRADERSSIGNALE,39933,2026-09-24T05:14:04Z,Super trades heute,2026-09-24T09:36:25Z,2026-09-24T05:50:09Z,
@TAURUSTRADERSSIGNALE,39934,2026-09-24T06:22:04Z,"Das erwartet dich in meiner VIP-Community (völlig kostenlos):

✅  6–7 Trades pro Tag
✅  Vollständiger Trading-Kurs von A bis Z
✅ Persönliche 1-zu-1-Betreuung durch mich
✅  Risikomanagement-Plan
✅ Tägliche Marktanalysen
✅ 24/7-Support

Keine Gebühren. Keine Provisionen. Nur Ergebnisse.

 🟢 HIER KLICKEN, UM KOSTENLOSEN ZUGANG ZU ERHALTEN",2026-09-24T09:36:25Z,2026-09-24T06:22:25Z,
@TAURUSTRADERSSIGNALE,39935,2026-09-24T06:45:09Z,DAYTRADING STARTEN,2026-09-24T09:36:25Z,2026-09-24T06:45:19Z,
@TAURUSTRADERSSIGNALE,39936,2026-09-24T08:09:52Z,"Neuer Trade mit GOLD im VIP geteilt ☕️

Welche Richtung? Kaufen oder verkaufen?

👉KLICKEN SIE HIER, UM IHREN PLATZ ZU BEANSPRUCHEN UND ALLE HANDELSGESCHÄFTE FREIZUSCHALTEN",2026-09-24T09:36:25Z,,
@TAURUSTRADERSSIGNALE,39937,2026-09-24T08:18:21Z,"TP 1 hier schließen

+40 Pips Gewinn

SL auf Break-even setzen",2026-09-24T09:36:25Z,,
@TAURUSTRADERSSIGNALE,39938,2026-09-24T08:21:13Z,"TP 2 wurde ebenfalls erreicht

+120 Pips Gewinn",2026-09-24T09:36:25Z,,
@TAURUSTRADERSSIGNALE,39939,2026-09-24T09:14:44Z,"NEW TRADE IDEA

XAUUSD BUY 4262

TP 4266

TP 2 4275

SL @ 4245

Trade accordingly and only trade with money you can afford to LOSE.

DOUBLE LOT",2026-09-24T09:36:25Z,,
@TAURUSTRADERSSIGNALE,39940,2026-09-24T09:26:07Z,"TP 1 hier schließen

+80 Pips Gewinn

SL auf Break-even setzen",2026-09-24T09:36:25Z,,
@FREESIGNALSTOTRADEBYLENNART,60565,2026-09-24T05:18:25Z,"⚠️Bei den folgenden Nachrichten handelt es sich um ein Ergebnis aus unserer Premium Gruppe, nicht um ein umzusetzendes Signal⚠️",2026-09-24T09:36:27Z,,
@FREESIGNALSTOTRADEBYLENNART,60566,2026-09-24T05:20:45Z,"🚀NZDUSD - SELL🚀

Entry: 0.57387

Stopp-Loss: 0.57587

Take-Profit 1: 0.57287
Take-Profit 2: 0.57187
Take-Profit 3: 0.56787

📊3:1 Risk Reward 📊",2026-09-24T09:36:27Z,,
@FREESIGNALSTOTRADEBYLENNART,60567,2026-09-24T05:20:45Z,NZDUSD TP1 HIT ✔️,2026-09-24T09:36:27Z,,
@FREESIGNALSTOTRADEBYLENNART,60568,2026-09-24T05:20:45Z,NZDUSD TP2 HIT ✔️✔️,2026-09-24T09:36:27Z,,
@FREESIGNALSTOTRADEBYLENNART,60569,2026-09-24T05:23:57Z,,2026-09-24T09:36:27Z,,
@FREESIGNALSTOTRADEBYLENNART,60570,2026-09-24T05:23:57Z,Seht euch das an! TP2 HIT! 🎯,2026-09-24T09:36:27Z,,
@FREESIGNALSTOTRADEBYLENNART,60571,2026-09-24T05:23:57Z,Leute genießt die Profite! Unsere Analyse ging auf. Werdet jetzt nicht grundlos emotional. Geduld zahlt sich aus 🤝,2026-09-24T09:36:27Z,,
@FREESIGNALSTOTRADEBYLENNART,60572,2026-09-24T05:23:57Z,"Wenn du beim nächsten Trade dabei sein willst schreib mir 
👉@S2TSupport",2026-09-24T09:36:27Z,,
@FREESIGNALSTOTRADEBYLENNART,60573,2026-09-24T05:44:34Z,,2026-09-24T09:36:27Z,,
@FREESIGNALSTOTRADEBYLENNART,60574,2026-09-24T06:00:37Z,"Ich bekomme oft die Frage: 

""Lennart, wieso bist du hier Long gegangen?"" 📊

Meine Antwort darauf findet ihr auf YouTube. Dort lade ich regelmäßig komplette Trade-Analysen hoch, die euch meinen Denkprozess zeigen.

KLICK HIER FÜR MEINE KOMPLETTE ANALYSE

Das ist kein einzelnes Signal, das ist mein ganzes Wissen, mit dem ihr lernen könnt, wie ein Profi zu denken. 💯

Wenn du den Markt endlich verstehen willst, schreib ""LERNEN"" an @S2TSupport",2026-09-24T09:36:27Z,,
@FREESIGNALSTOTRADEBYLENNART,60575,2026-09-24T06:32:08Z,"Ich verdopple das Kapital für 5 Leute 🔥

Ich habe heute 5 exklusive 100 % Einzahlungs Boni von unserem Broker bekommen.

Was könnte dein Konto mit doppeltem Kapital erreichen? Das ist deine Abkürzung. Das ist nur für die die es ernst meinen und ihr Wachstum massiv beschleunigen wollen 📈

Wenn du einen der letzten Plätze willst schreib ""BONUS"" an @S2TSupport",2026-09-24T09:36:27Z,,
@FREESIGNALSTOTRADEBYLENNART,60576,2026-09-24T07:00:22Z,❌ Alle Plätze für das Projekt sind offiziell vergeben.,2026-09-24T09:36:27Z,,
@FREESIGNALSTOTRADEBYLENNART,60577,2026-09-24T07:00:22Z,Ich konzentriere mich jetzt zu 100% auf die Teilnehmer die diese Chance ergriffen haben.,2026-09-24T09:36:27Z,,
@FREESIGNALSTOTRADEBYLENNART,60578,2026-09-24T07:00:22Z,Der Rest schaut ab jetzt nur noch von außen zu was hier in den nächsten Wochen passieren wird.,2026-09-24T09:36:27Z,,
@FREESIGNALSTOTRADEBYLENNART,60579,2026-09-24T07:00:22Z,Entscheidungen definieren deine Zukunft  ✔️,2026-09-24T09:36:27Z,,
@FREESIGNALSTOTRADEBYLENNART,60580,2026-09-24T07:10:17Z,"Keine Lust mehr auf Verluste oder unseriöse Signal Gruppen?

Bei Signals2Trade geben wir stets unser bestes um unseren Service und die Signale Tag für Tag und zu verbessern!

Alles damit wir gemeinsam als Community vorankommen 📈

Wenn du auch endlich alle Signale haben möchtest dann schreib

💬 ""Info"" an @S2TSupport",2026-09-24T09:36:27Z,,
@FREESIGNALSTOTRADEBYLENNART,60581,2026-09-24T07:32:42Z,"📊Tagesreport VIP Dienstag📊

BTCUSD SELL TP1 HIT ✔️ 
➕0.01🔤Growth
BTCUSD SELL TP1 HIT ✔️ 
➕0.02🔤Growth

✔️Total ➕0.03🔤

➡️Trades: 02✔️00❌

———————————————————

Bei einem eurer konten waren das:

Mit 1 LOT 
Profit: ➕0.3🔤

Mit 0,10 LOT 
Profit:  ➕0.03🔤

Mit 0,01 LOT
Profit:  ➕0.003🔤

———————————————————

100% Transparenz

Schreibe unserem Support fur mehr informationen:

➡️@S2TSupport",2026-09-24T09:36:27Z,,
@FREESIGNALSTOTRADEBYLENNART,60582,2026-09-24T07:33:41Z,,2026-09-24T09:36:27Z,,
@FREESIGNALSTOTRADEBYLENNART,60583,2026-09-24T07:33:42Z,,2026-09-24T09:36:27Z,,
@FREESIGNALSTOTRADEBYLENNART,60584,2026-09-24T07:40:14Z,"Gerade gepostet. Nur für unsere Mitglieder 💯

⏱ Während andere schon im Trade sind überlegst du noch?

👉Hol dir jetzt den VIP Zugang!",2026-09-24T09:36:27Z,,
@FREESIGNALSTOTRADEBYLENNART,60585,2026-09-24T07:41:02Z,"📊Tagesreport VIP Mittwoch📊

BTCUSD BUY TP1 HIT ✔️ 
➕0.02🔤Growth
BTCUSD BUY TP1 HIT ✔️ 
➕0.02🔤Growth
ETHUSD SELL TP1 HIT ✔️ 
➕0.04🔤Growth
ETHUSD SELL TP1 HIT ✔️ 
➕0.04🔤Growth
ETHUSD SELL TP3 HIT ✔️✔️✔️ 
➕1.36🔤Growth

BTCUSD BUY SL HIT  ❌
➖0.63 (3x)🔤 Growth
BTCUSD BUY SL HIT  ❌
➖0.63 (3x)🔤 Growth

✔️Total ➖2.33🔤

➡️Trades: 05✔️02❌

———————————————————

Bei einem eurer konten waren das:

Mit 1 LOT 
Profit: ➖20.33🔤

Mit 0.10 LOT 
Profit:  ➖2.33🔤

Mit 0.01 LOT
Profit:  ➖0.233🔤

———————————————————

100% Transparenz

Schreibe unserem Support fur mehr informationen:

➡️@S2TSupport",2026-09-24T09:36:27Z,,
@FREESIGNALSTOTRADEBYLENNART,60586,2026-09-24T07:42:07Z,,2026-09-24T09:36:27Z,,
@FREESIGNALSTOTRADEBYLENNART,60587,2026-09-24T08:30:40Z,"Keine Tabellen. Kein manuelles Nachrechnen. Kein Suchen nach alten Updates.

Unser Profitability Bot erledigt das für dich.

Wähle SignalsBot, CopyBot und/oder FundedBot aus und erhalte jeden Tag eine kompakte Übersicht über die aktuelle Performance.

Für jeden S2T Kunden verfügbar.

👉 Schreib @S2TSupport",2026-09-24T09:36:27Z,,
@FREESIGNALSTOTRADEBYLENNART,60588,2026-09-24T08:36:47Z,"🚀GBPUSD - SELL🚀

Entry: 1.33722

Stopp-Loss: 1.33872

Take-Profit 1: 1.33652
Take-Profit 2: 1.33572
Take-Profit 3: 1.33272

📊3:1 Risk Reward 📊",2026-09-24T09:36:27Z,,
@FREESIGNALSTOTRADEBYLENNART,60589,2026-09-24T08:36:47Z,GBPUSD TP1 HIT ✔️,2026-09-24T09:36:27Z,,
@FREESIGNALSTOTRADEBYLENNART,60590,2026-09-24T08:36:47Z,GBPUSD TP2 HIT ✔️✔️,2026-09-24T09:36:27Z,,
@FREESIGNALSTOTRADEBYLENNART,60591,2026-09-24T08:37:20Z,,2026-09-24T09:36:27Z,,
@FREESIGNALSTOTRADEBYLENNART,60592,2026-09-24T08:37:20Z,Wieder ein sauberer TP2 Treffer 🎯,2026-09-24T09:36:27Z,,
@FREESIGNALSTOTRADEBYLENNART,60593,2026-09-24T08:37:20Z,SL auf Break Even und der Trade läuft weiter.,2026-09-24T09:36:27Z,,
@FREESIGNALSTOTRADEBYLENNART,60594,2026-09-24T08:37:20Z,Schaust du noch zu oder bist du bereit für eine Veränderung?,2026-09-24T09:36:27Z,,
@FREESIGNALSTOTRADEBYLENNART,60595,2026-09-24T08:37:20Z,Stell dir mal vor was du mit dem zusätzlichen Geld alles machen könntest...,2026-09-24T09:36:27Z,,
@FREESIGNALSTOTRADEBYLENNART,60596,2026-09-24T08:37:20Z,Klicke HIER und nutze deine Chance!,2026-09-24T09:36:27Z,,
@FREESIGNALSTOTRADEBYLENNART,60597,2026-09-24T08:40:01Z,"AUD/NZD Prognose: 1,23-Unterstützung im Fokus nach Rücksetzer von 1,25

​Das Währungspaar AUD/NZD steht nach einer deutlichen Korrektur vor einer Richtungsentscheidung. Nachdem der Australische Dollar gegenüber dem Neuseeland-Dollar kürzlich am Widerstand im Bereich von 1,25 gescheitert ist, testen die Notierungen nun eine zentrale Unterstützungszone nahe der Marke von 1,23.
​Rücksetzer trifft auf Schlüsselunterstützung
Der Rückgang von der psychologisch wichtigen Hürde bei 1,25 war von Gewinnmitnahmen und einer kurzfristigen Verschiebung der Zinserwartungen im australasiatischen Raum geprägt. Händler richten ihren Blick nun verstärkt auf das Niveau bei 1,23. Diese Marke dient als essenzieller Support: Ein erfolgreicher Test könnte den Weg für eine erneute Stabilisierung und eine spätere Erholung in Richtung 1,2400–1,2450 ebnen.
​Bärisches Risikoszenario
Sollten die Bären jedoch weiter Druck ausüben und das Niveau von 1,23 nachhaltig nach unten durchbrechen, droht eine Ausweitung der Korrektur. In diesem Fall rücken die nächsten Abwärtsziele im Bereich von 1,2250 sowie der tiefer liegende Support bei 1,2200 in den Mittelpunkt des Marktgeschehens.

​Fundamentale Treiber
Neben den technischen Marken bestimmen vor allem die Notenbanken RBA (Australien) und RBNZ (Neuseeland) die Dynamik. Anleger sollten auf kommende Wirtschaftsdaten zu Inflation und Arbeitsmarkt achten, da diese entscheidende Impulse für die Zinsdifferenz zwischen beiden Währungen liefern.

​Fazit für Trader
Das Zusammentreffen von Support und Trendkanal macht die Marke von 1,23 zu einer Schlüsselzone für Long- und Short-Setups. Abwarten auf klare Bestätigungssignale ist aktuell ratsam.

​🔔 Bleibe immer über alle Forex-Analysen & Setups informiert!
Tägliche Updates, Signale und Marktanalysen direkt auf dein Smartphone:
👉 Tritt jetzt unserem Telegram-Kanal bei: @S2Tsupport",2026-09-24T09:36:27Z,,
@FREESIGNALSTOTRADEBYLENNART,60598,2026-09-24T09:10:30Z,Klare Signale und hervorragende Kommunikation! 🔥,2026-09-24T09:36:27Z,,
@FREESIGNALSTOTRADEBYLENNART,60599,2026-09-24T09:20:21Z,"Du willst echte Einblicke❓
Dann bekommst du sie.

Ohne Filter und ohne alles schön zu reden. Zwei echte Nachrichten aus dem VIP. Ehrlich, ruhig und professionell ✔️

Genau so sieht es aus wenn du ein Team hast das weiß
was es tut. Selbst an schwierigen Tagen.

✉️ @S2TSupport",2026-09-24T09:36:27Z,,
@FREESIGNALSTOTRADEBYLENNART,60600,2026-09-24T09:34:36Z,"Multi Strategie Update📈

im VIP sind wir nicht vom einem Markt abhängig denn wir handeln alle.

Diese Woche hat das uns genau +8k€ an Gewinn geliefert 💯

S2T VIP ist nicht einfach eine Signalgruppe denn dort bekommst du nicht nur professionelle Signale sondern das richtige Insider-Wissen

📲 Schreib @S2TSupport um zu erfahren ob du zu uns passt",2026-09-24T09:36:27Z,,
@REALNATEFXC,5147,2026-09-24T08:10:56Z,"📈 Consistent Performance
🔥 Traders Achieving Results

👉 Grow With @fxculture",2026-09-24T09:36:30Z,2026-09-24T08:12:39Z,
@REALNATEFXC,5148,2026-09-24T08:10:56Z,,2026-09-24T09:36:30Z,,
@REALNATEFXC,5149,2026-09-24T08:10:56Z,,2026-09-24T09:36:30Z,,
@REALNATEFXC,5150,2026-09-24T08:10:56Z,,2026-09-24T09:36:30Z,,
@REALNATEFXC,5151,2026-09-24T08:10:56Z,,2026-09-24T09:36:30Z,,
@REALNATEFXC,5152,2026-09-24T08:10:56Z,,2026-09-24T09:36:30Z,,
@REALNATEFXC,5153,2026-09-24T08:10:56Z,,2026-09-24T09:36:30Z,,
@REALNATEFXC,5154,2026-09-24T08:10:56Z,,2026-09-24T09:36:30Z,,
@REALNATEFXC,5155,2026-09-24T08:11:31Z,"Still waiting around in here?

what are you waiting for? PREMIUM is completely FREE & MORE TRADES

FOR FREE PREMIUM ACCESS MESSAGE HERE",2026-09-24T09:36:30Z,2026-09-24T08:11:50Z,
@TRADINGCENTRALGLOBAL,53768,2026-09-24T04:59:01Z,"Good morning, it’s Thursday; Wednesday is done and dusted & September’s 4th week is almost over!

I hope everyone got inside my private trading community yesterday, because we shared one trade which was an insane sniper! 

Everyone got in, everyone profited & no one missed out.

I’m about to send the limit order + POV analysis of the day, in to my private community (which is free to access) ✅",2026-09-24T09:36:32Z,2026-09-24T04:59:04Z,
@TRADINGCENTRALGLOBAL,53769,2026-09-24T05:05:15Z,,2026-09-24T09:36:32Z,2026-09-24T05:05:18Z,
@TRADINGCENTRALGLOBAL,53770,2026-09-24T05:10:06Z,💬 CLICK HERE TO ALSO GET LIMIT ORDERS FOR FREE IN MY PRIVATE COMMUNITY,2026-09-24T09:36:32Z,2026-09-24T05:10:08Z,
@TRADINGCENTRALGLOBAL,53771,2026-09-24T07:01:25Z,I’ll debunk the biggest myth in trading 👇,2026-09-24T09:36:32Z,2026-09-24T07:01:27Z,
@TRADINGCENTRALGLOBAL,53772,2026-09-24T07:01:25Z,,2026-09-24T09:36:32Z,2026-09-24T07:01:27Z,
@TRADINGCENTRALGLOBAL,53773,2026-09-24T09:31:01Z,"Posted Filipe August 10th, August 30th & here he is again. Just to show you his consistency!

He made +$799,- in 1 day & here’s how you can do the same 👇",2026-09-24T09:36:32Z,2026-09-24T09:31:02Z,
@TRADINGCENTRALGLOBAL,53774,2026-09-24T09:31:01Z,,2026-09-24T09:36:32Z,,
@TRADINGCENTRALGLOBAL,53775,2026-09-24T09:35:14Z,,2026-09-24T09:36:32Z,2026-09-24T09:35:20Z,
@fxtradingvision,86106,2026-09-24T11:27:45Z,"New trade on GOLD shared in the VIP ☕️

Which direction? Buy or Sell?

👉 CLICK HERE TO CLAIM YOUR SPOT & UNLOCK ALL THE TRADES",2026-09-24T14:23:26Z,2026-09-24T11:27:46Z,2026-09-24T18:37:53Z
@fxtradingvision,86107,2026-09-24T11:30:43Z,"NEW TRADE IDEA

XAUUSD SELL LIMIT 4273-4274

TP 1 4270
TP 2 4269
TP 3 4240

SL @ 4300

Trade accordingly and only trade with money you can afford to LOSE.",2026-09-24T14:23:26Z,2026-09-24T11:30:43Z,
@fxtradingvision,86108,2026-09-24T12:14:23Z,Ready?,2026-09-24T14:23:26Z,2026-09-24T12:14:24Z,
@fxtradingvision,86109,2026-09-24T12:43:46Z,"TP 1 hit

+ 40 pips profit

Move sl to entry",2026-09-24T14:23:26Z,2026-09-24T12:43:47Z,
@fxtradingvision,86110,2026-09-24T13:07:23Z,"TP 1 hit

+ 80 pips profit

Move sl to entry",2026-09-24T14:23:26Z,2026-09-24T13:07:26Z,
@fxtradingvision,86111,2026-09-24T13:07:32Z,"EASYYYY!!!

VIP is on printing mode.",2026-09-24T14:23:26Z,2026-09-24T13:07:33Z,
@fxtradingvision,86112,2026-09-24T13:09:47Z,"Holy shit Mike, you are on fire today",2026-09-24T14:23:26Z,2026-09-24T13:09:48Z,
@fxtradingvision,86113,2026-09-24T13:15:46Z,You're actually so goated 🤩🤩,2026-09-24T14:23:26Z,2026-09-24T13:15:48Z,
@fxtradingvision,86114,2026-09-24T13:16:54Z,"Mike, mate, keep it up, you're rockin' it!",2026-09-24T14:23:26Z,2026-09-24T13:16:54Z,
@fxtradingvision,86115,2026-09-24T13:36:22Z,"TP 2 hit

+ 300 pips profit

On double lotsize baby",2026-09-24T14:23:26Z,2026-09-24T13:36:23Z,
@phenexbillions,7142,2026-09-24T09:41:13Z,du bist der geilste 🥰🥰,2026-09-24T14:23:28Z,,
@phenexbillions,7143,2026-09-24T09:45:22Z,,2026-09-24T14:23:28Z,,
@phenexbillions,7144,2026-09-24T10:14:36Z,War schon etwas früher im SELL,2026-09-24T14:23:28Z,,
@phenexbillions,7145,2026-09-24T10:14:44Z,Macht langsam aber sicher wieder Spass,2026-09-24T14:23:28Z,,
@phenexbillions,7146,2026-09-24T10:48:01Z,"TP3 hit, that’s +3000 pips 🥷🏼✅",2026-09-24T14:23:28Z,,
@phenexbillions,7147,2026-09-24T13:03:57Z,"✅ NEUER PREMIUM TRADE! ✅

Solltest du noch nicht Mitglied meiner VIP Gruppe sein, hast du soeben ein kostenloses Signal verpasst.

Schreib mir jetzt ""START"" und sichere dir deinen kostenlosen Zugang zur VIP mit 2-4 präzisen Signalen am Tag❗️

➡ @billions_vitus",2026-09-24T14:23:28Z,,
@phenexbillions,7148,2026-09-24T13:16:49Z,"TP1 hit, that’s +400 pips 🥷🏼✅

SL nach Belieben auf Break Even…",2026-09-24T14:23:28Z,,
@phenexbillions,7149,2026-09-24T13:31:22Z,"TP2 hit, that’s +1000 pips 🥷🏼✅",2026-09-24T14:23:28Z,,
@phenexbillions,7150,2026-09-24T13:43:06Z,"TP3 hit, that’s +2000 pips 🥷🏼✅",2026-09-24T14:23:28Z,,
@phenexbillions,7151,2026-09-24T13:53:18Z,Unterwegs das Signal genutzt 🙏☺️👍,2026-09-24T14:23:28Z,,
@WOLFXSIGNALS_FREEGROUP,11715,2026-09-24T13:31:52Z,,2026-09-24T14:23:31Z,,
@WOLFXSIGNALS_FREEGROUP,11716,2026-09-24T13:32:03Z,"❗️❗️❗️❗️❗️❗️❗️❗️❗️❗️❗️

🎯33/36 ✔️ 91.66% Accuracy

✅️21/08 💰+150 PIPS 🟢
✅️24/08 💰+50 PIPS 🟢
✅️25/08 💰+150 PIPS 🟢
✅️26/08 💰+20 PIPS 🟢
✅️27/08 💰+200 PIPS 🟢
✅️28/08 💰+120 PIPS 🟢
✅️31/08 💰+20 PIPS 🟢
✅️01/09 💰+100 PIPS 🟢
✅️02/09 💰-60 PIPS✖️
✅️03/09 💰+220 PIPS 🟢
✅️07/09 💰+170 PIPS 🟢
✅️09/09 💰+50 PIPS 🟢
✅️10/09 💰+200 PIPS 🟢
✅️14/09 💰+20 PIPS 🟢
✅️16/09 💰-30 PIPS✖️
✅️17/09 💰+200 PIPS 🟢
✅️18/09 💰+120 PIPS 🟢
✅️21/09 💰+100 PIPS 🟢
✅️22/09 💰+20 PIPS 🟢
✅️23/09 💰+120 PIPS 🟢

📊 Profit Won: 1920 PIPS🔥
—————————————————-

➡️This is what you would have won during the last 33 DAYS:👇

💎 With $500.00 ➡️ $1981.00💵
💎 With $750.00 ➡️ $2980.50💵
💎 With $1000.00 ➡️ $3974.00💵


    ❗️❗️❗️❗️❗️❗️❗️❗️❗️❗️

                             ⬇️

    👉 REQUEST ACCESS HERE 👈",2026-09-24T14:23:31Z,,
@WOLFXSIGNALS_FREEGROUP,11717,2026-09-24T13:32:03Z,,2026-09-24T14:23:31Z,2026-09-24T13:32:58Z,
@FXFARO_FREEGROUP,13667,2026-09-24T10:02:43Z,"DANIEL’S VALUABLE TRADING TIP:

NEVER enter a trade if you can’t clearly explain to yourself WHY you’re taking it.

Before clicking BUY or SELL, you should know:

Why am I entering?
What confirmation do I have?
Where is my SL?
Where is my TP?
What is my Risk to Reward?

If your only answer is:

“Price looks like it’s going up...”

You’re not trading a plan.

You’re GAMBLING.

Every trade needs a reason BEFORE you enter. 🎯 @fxfaro",2026-09-24T14:23:33Z,2026-09-24T10:02:43Z,
@FXFARO_FREEGROUP,13668,2026-09-24T11:42:44Z,"XAUUSD > RECENT ENTRY IS RUNNING AT +200PIPS.

WE ARE KILLING IT WITH GOLD..",2026-09-24T14:23:33Z,2026-09-24T11:42:44Z,
@FXFARO_FREEGROUP,13669,2026-09-24T11:44:34Z,"XAUUSD > 4255 PRICE LEVEL HAS BEEN HIT. 🎯🔥

And this level is EXTREMELY important for us.

WHY?

Because several of our LONG-TERM GOLD SELL entries have now officially HIT FULL TP. 💰

These weren’t random sells.

The direction was mapped out.
The levels were planned.
We stayed patient.
And now price has finally reached our 4255 target.

FULL TP.

This is exactly why patience matters in trading.

You don’t need to chase every move.

Sometimes you just need ONE solid plan and the discipline to let it play out. 🔥",2026-09-24T14:23:33Z,2026-09-24T11:44:35Z,
@FXFARO_FREEGROUP,13670,2026-09-24T11:48:05Z,"FULL GOLD UPDATE.

1ST ENTRY > +1230PIPS. FULL TP HIT.
2ND ENTRY > +1420PIPS. FULL TP HIT.
3RD ENTRY > +980PIPS. FULL TP HIT.
4TH ENTRY > +900PIPS. FULL TP HIT.
5TH ENTRY > +860PIPS. FULL TP HIT.
6TH ENTRY > +990PIPS. FULL TP HIT.
7TH ENTRY > +660PIPS. FULL TP HIT.
8TH ENTRY > +560PIPS. FULL TP HIT.
9TH ENTRY > +280PIPS. STILL RUNNING.
10TH ENTRY > +190PIPS. STILL RUNNING.

ALL SINGLE TP.",2026-09-24T14:23:33Z,2026-09-24T11:48:06Z,
@FXFARO_FREEGROUP,13671,2026-09-24T11:49:14Z,I already warned you here..,2026-09-24T14:23:33Z,2026-09-24T11:49:15Z,
@FXFARO_FREEGROUP,13672,2026-09-24T11:57:31Z,"SOME OF YOU ARE ASKING WHAT TYPE OF GOLD TRADES THESE WERE. 

These were LONG-TERM SELL positions.

The bearish vision on GOLD had already been on our radar inside VIP for a long time. We simply waited for the right opportunities to position ourselves.

And EVERY trade followed the same principle:

ONE ENTRY.
ONE SL.
ONE TP.

Risk to Reward per trade: approximately 1:2 to 1:3.

No TP1, TP2, TP3 nonsense.

Just a clear target and enough patience to let the bigger move develop.

These are those rare periods on GOLD where, if your analysis and execution line up, there can be serious opportunity. @fxfaro",2026-09-24T14:23:33Z,2026-09-24T11:57:32Z,
@FXFARO_FREEGROUP,13673,2026-09-24T12:04:06Z,"🚨IMPORTANT: I DO NOT SHARE GOLD TRADES IN THIS PUBLIC GROUP.

GOLD trades are shared EXCLUSIVELY inside VIP. @fxfaro",2026-09-24T14:23:33Z,2026-09-24T12:04:07Z,
@FXFARO_FREEGROUP,13674,2026-09-24T12:06:12Z,I was refered by a good friend to daniel as had issues with others managing accounts. Well I had my doubts but he has gone and blown that out hes passed me 2 x accounts 1 im trading on my own and another his first trade on it and done 2.5k! Thanks Daniel and the team 🔥🔥🔥,2026-09-24T14:23:33Z,2026-09-24T12:06:13Z,
@FXFARO_FREEGROUP,13675,2026-09-24T12:06:13Z,,2026-09-24T14:23:33Z,,
@FXFARO_FREEGROUP,13676,2026-09-24T13:10:11Z,"IMPORTANT GOLD UPDATE JUST DROPPED INSIDE VIP.

I’ve just shared something VERY important about what I’m watching next on GOLD.

If you’re inside VIP:

STAY SHARP.
KEEP YOUR NOTIFICATIONS ON.

You don’t want to see the next move after it already happened. @fxfaro",2026-09-24T14:23:33Z,2026-09-24T13:10:12Z,
@FXFARO_FREEGROUP,13677,2026-09-24T13:29:46Z,"🌎I’M CURRENTLY GETTING A LOT OF REQUESTS ABOUT VIP AND WHAT EXACTLY YOU GET INSIDE.

So let me make this clear:

Exact trade entries
Exact SL
ONE TP
Live trade updates
GOLD trades
BTC trades
FX setups
My personal analysis and market direction
Full trade management in real time

But there’s something important:

To KEEP THE QUALITY HIGH, I’m temporarily STOPPING new VIP members after TODAY.

I don’t want to overload the group just to accept more people.

QUALITY comes first.

If you’ve been thinking about joining VIP, today is your chance before I temporarily close access.

Message me: VIP 🔥 @fxfaro",2026-09-24T14:23:33Z,2026-09-24T13:29:47Z,
@TOPNOTCHFOREXFREE,23858,2026-09-24T13:24:54Z,"A new GOLD signal is loading RIGHT NOW for my Premium members 👀

Don't miss out! 👇

JOIN MY PREMIUM NOW 🏆",2026-09-24T14:23:36Z,2026-09-24T13:24:54Z,
@TAURUSTRADERSSIGNALE,39941,2026-09-24T09:38:04Z,"Wenn du meinem VIP beitreten und alle Trades kopieren möchtest, die ich persönlich eingehe, dann schick mir einfach eine DM und ich helfe dir gerne ebenfalls weiter.

+Ich begleite dich dabei, das MAXIMALE mögliche Ergebnis zu erzielen.",2026-09-24T14:23:38Z,2026-09-24T09:40:45Z,
@TAURUSTRADERSSIGNALE,39942,2026-09-24T09:56:54Z,"TP 1 hier schließen

+80 Pips Gewinn

SL auf Break-even setzen",2026-09-24T14:23:38Z,,
@TAURUSTRADERSSIGNALE,39943,2026-09-24T10:41:04Z,"DIE ERGEBNISSE DIESER WOCHE IN MEINER VIP-GRUPPE (bisher)
Woche 39, 2026

📊 Geteilte Trades: 28
✅ Gewinne: 24
❌ Verluste: 4

>> Gewinnquote: 85,7 %

Heute machen wir weiter! Ich erwarte noch viele weitere starke Trades – verpasst sie nicht! 🔔

DU MÖCHTEST ALLE MEINE TRADES KOPIEREN? Klicke auf den Button unten und erhalte KOSTENLOSEN ZUGANG zu meinem VIP 👇🏻

@MaxTaurusFX",2026-09-24T14:23:38Z,2026-09-24T10:41:22Z,
@TAURUSTRADERSSIGNALE,39944,2026-09-24T12:24:50Z,,2026-09-24T14:23:38Z,,
@TAURUSTRADERSSIGNALE,39945,2026-09-24T12:49:11Z,"TP 1 hier schließen

+80 Pips Gewinn

SL auf Break-even setzen",2026-09-24T14:23:38Z,,
@FREESIGNALSTOTRADEBYLENNART,60601,2026-09-24T09:45:21Z,"Beim Platzieren eines Trades wählst du zwischen verschiedenen Ordertypen:

Marktausführung 🔜 Sofortiger Einstieg zum aktuellen Marktpreis

Vorgeplante Einstiege (Buy Limit, Sell Limit, Buy Stop, Sell Stop)

Nutze Buy Limits gezielt an Support oder Resistenzzonen um planbar zu handeln ohne aktiv auf den Markt schauen zu müssen.

Wenn du Fragen hast oder bereit zum starten bist melde dich 
👉@S2TSupport",2026-09-24T14:23:41Z,,
@FREESIGNALSTOTRADEBYLENNART,60602,2026-09-24T10:02:34Z,"Ich bin Lennart. Gründer von Signals2Trade 👋

Diese Nachricht richtet sich sowohl an die neuen als auch bestehende Mitglieder. 

Ich habe für dich ein Video erstellt in dem ich dir S2T erkläre und wie du am Markt tatsächlich Geld verdienen kannst. 💯

Wenn mehr willst schreiben mir @S2TSupport und ich werde dir alle Details geben",2026-09-24T14:23:41Z,,
@FREESIGNALSTOTRADEBYLENNART,60603,2026-09-24T10:16:38Z,"📊 Tagesreport VIP Dienstag 📊

EURUSD SELL TP1 HIT ✔️
➕01 Pips
EURJPY SELL TP1 HIT ✔️
➕01 Pips
USDCAD SELL TP1 HIT ✔️
➕01 Pips
USDCAD SELL TP1 HIT ✔️
➕01 Pips
GBPNZD SELL TP1 HIT ✔️
➕02 Pips
GBPAUD SELL TP1 HIT ✔️
➕01 Pips
USDCHF SELL TP1 HIT ✔️
➕01 Pips
GBPUSD SELL TP1 HIT ✔️
➕07 Pips
NZDUSD SELL TP1 HIT ✔️
➕07 Pips
DAX SELL TP1 HIT ✔️
➕65 Pips
AUDUSD SELL TP2 HIT ✔️✔️
➕15 Pips",2026-09-24T14:23:41Z,,
@FREESIGNALSTOTRADEBYLENNART,60604,2026-09-24T10:16:38Z,"DAX SELL TP1 HIT ✔️
➕70 Pips
XAUUSD SELL TP1 HIT ✔️
➕150 Pips
XAGUSD SELL TP1 HIT ✔️
➕140 Pips
XAUUSD SELL TP2 HIT ✔️✔️
➕200 Pips
DAX SELL TP2 HIT ✔️✔️
➕156 Pips
DAX SELL TP2 HIT ✔️✔️
➕157 Pips
DAX SELL TP2 HIT ✔️✔️
➕162 Pips
DAX SELL TP2 HIT ✔️✔️
➕162 Pips
NZDUSD SELL TP2 HIT ✔️✔️
➕13 Pips
AUDUSD SELL TP2 HIT ✔️✔️✔️
➕22 Pips
AUDUSD SELL TP2 HIT ✔️✔️
➕22 Pips",2026-09-24T14:23:41Z,,
@FREESIGNALSTOTRADEBYLENNART,60605,2026-09-24T10:16:39Z,"XAGUSD SELL TP1 HIT ✔️
➕460 Pips
EURJPY SELL TP1 HIT ✔️
➕03 Pips
GBPUSD SELL TP2 HIT ✔️✔️
➕16 Pips
GBPUSD SELL TP2 HIT ✔️✔️
➕16 Pips
GBPUSD SELL TP3 HIT ✔️✔️✔️
➕50 Pips
NZDUSD SELL TP2 HIT ✔️✔️
➕19 Pips
NZDUSD SELL TP2 HIT ✔️✔️
➕19 Pips
XAUUSD SELL TP2 HIT ✔️✔️
➕430 Pips
XAUUSD SELL TP2 HIT ✔️✔️✔️
➕430 Pips",2026-09-24T14:23:41Z,,
@FREESIGNALSTOTRADEBYLENNART,60606,2026-09-24T10:16:40Z,"USDCAD SELL SL HIT ❌
➖ 36 (3x) Pips
USDCAD SELL SL HIT ❌
➖ 36 (3x) Pips
NAS100 SELL SL HIT ❌
➖ 214 (3x) Pips
WS30 SELL SL HIT ❌
➖ 200 (3x) Pips
DAX SELL SL HIT ❌
➖ 182 (3x) Pips
APPL.OQ SELL SL HIT ❌
➖50 (3x)Pips
APPL.OQ SELL SL HIT ❌
➖50 (3x)Pips

✔️Total➕ 495 Pips 

➡️ Trades: 31✔️07❌

————————————————————

Bei einem eurer Konten wären das:

Mit 1 LOT 
Profit: ➕4950.7💵  

Mit 0.10 LOT 
Profit: ➕495.7💵

Mit 0.01 LOT
Profit: ➕49.57💵

—————————————————————

100% Transparenz 

Schreibe unserem Support für mehr Informationen

➡️@S2TSupport",2026-09-24T14:23:41Z,,
@FREESIGNALSTOTRADEBYLENNART,60607,2026-09-24T10:17:54Z,,2026-09-24T14:23:41Z,,
@FREESIGNALSTOTRADEBYLENNART,60608,2026-09-24T10:18:18Z,"Ich bin Lennart. Gründer von Signals2Trade 👋

Diese Nachricht richtet sich sowohl an die neuen als auch bestehende Mitglieder. 

Ich habe für dich ein Video erstellt in dem ich dir S2T erkläre und wie du am Markt tatsächlich Geld verdienen kannst. 💯

Wenn mehr willst schreiben mir @S2TSupport und ich werde dir alle Details geben",2026-09-24T14:23:41Z,,
@FREESIGNALSTOTRADEBYLENNART,60609,2026-09-24T10:27:15Z,"Bei Signals2Trade bekommst du nicht nur die Gewinne zu sehen.

Wir zeigen dir jeden Tag auch unsere offenen Positionen. Ganz egal ob sie im Plus oder im Minus sind. So sieht echtes Trading aus. Wir zeigen nicht nur perfekt ausgewählte Screenshots ✅

Wenn du genug von leeren Versprechungen hast dann werde Teil unserer Community. Schreib mir 💬@S2TSupport",2026-09-24T14:23:41Z,,
@FREESIGNALSTOTRADEBYLENNART,60610,2026-09-24T10:27:15Z,,2026-09-24T14:23:41Z,,
@FREESIGNALSTOTRADEBYLENNART,60611,2026-09-24T10:27:15Z,,2026-09-24T14:23:41Z,,
@FREESIGNALSTOTRADEBYLENNART,60612,2026-09-24T10:27:15Z,,2026-09-24T14:23:41Z,,
@FREESIGNALSTOTRADEBYLENNART,60613,2026-09-24T10:27:15Z,,2026-09-24T14:23:41Z,,
@FREESIGNALSTOTRADEBYLENNART,60614,2026-09-24T10:27:15Z,,2026-09-24T14:23:41Z,,
@FREESIGNALSTOTRADEBYLENNART,60615,2026-09-24T10:27:15Z,,2026-09-24T14:23:41Z,,
@FREESIGNALSTOTRADEBYLENNART,60616,2026-09-24T10:27:15Z,,2026-09-24T14:23:41Z,,
@FREESIGNALSTOTRADEBYLENNART,60617,2026-09-24T10:27:15Z,,2026-09-24T14:23:41Z,,
@FREESIGNALSTOTRADEBYLENNART,60618,2026-09-24T10:27:15Z,,2026-09-24T14:23:41Z,,
@FREESIGNALSTOTRADEBYLENNART,60619,2026-09-24T10:35:27Z,"🚨Trading Basics - Market Sessions🚨

Um den Markt profitabel zu handeln muss man Ihn verstehen. Heute erklären wir euch die 3 wichtigsten Market Sessions.

Egal was man handelt, von Aktien bis Krypto, die Börsenöffnungszeiten sind immer wichtig zu beachten.

Die wichtigste ist die New York Session (15:30 bis 22:00 deutsche Zeit). Hier öffnet der New York Stock Exchange (NYSE) und bringt erhöhte Volatilität und das größte Volumen in den Markt. Besonders die ersten 90 Minuten sind am schnellsten da hier die großen Institutionen und professionellen Tradingbots den Großteil Ihrer Trades tätigen. 

Die Asia auch genannt Hong Kong Session (3:30 bis 10:00) schafft oft genau dann wann wir normalerweise schlafen erhöhte Volatilität und es ist morgens immer wichtig zu sehen was über Nacht in Asien passiert ist.

Die UK oder London Session (9:00 bis 17:30) Ist für uns oft die erste Handelszeit welche wir mitnehmen können. Hier handelt ganz Europa. Trotz des Volumens welches zwar oft kleiner als der US Markt ist bietet diese Session viele sehr gute Möglichkeiten und kann manchmal den Trend schon vor den Amerikanern vorgeben kann. Zudem ist die London Session oft etwas ruhiger und in gewissen Marktphasen weniger Manipuliert als der US Markt.

📬Wenn du anstatt Signalen zu folgen den Markt auch richtig verstehen willst schreib uns JETZT @S2TSupport",2026-09-24T14:23:41Z,,
@FREESIGNALSTOTRADEBYLENNART,60620,2026-09-24T11:02:39Z,,2026-09-24T14:23:41Z,,
@FREESIGNALSTOTRADEBYLENNART,60621,2026-09-24T11:13:49Z,"⚠️Bei den folgenden Nachrichten handelt es sich um ein Ergebnis aus unserer Premium Gruppe, nicht um ein umzusetzendes Signal⚠️",2026-09-24T14:23:41Z,,
@FREESIGNALSTOTRADEBYLENNART,60622,2026-09-24T11:14:32Z,"🚀EURGBP - SELL🚀

Entry: 0.85746

Stopp-Loss: 0.85866

Take-Profit 1: 0.85686
Take-Profit 2: 0.85626
Take-Profit 3: 0.85386

📊3:1 Risk Reward 📊",2026-09-24T14:23:41Z,,
@FREESIGNALSTOTRADEBYLENNART,60623,2026-09-24T11:14:32Z,EURGBP TP1 HIT ✔️,2026-09-24T14:23:41Z,,
@FREESIGNALSTOTRADEBYLENNART,60624,2026-09-24T11:14:32Z,EURGBP TP2 HIT ✔️✔️,2026-09-24T14:23:41Z,,
@FREESIGNALSTOTRADEBYLENNART,60625,2026-09-24T11:14:42Z,,2026-09-24T14:23:41Z,,
@FREESIGNALSTOTRADEBYLENNART,60626,2026-09-24T11:14:42Z,TP2 sauber getroffen und SL auf Break Even gezogen 💵,2026-09-24T14:23:41Z,,
@FREESIGNALSTOTRADEBYLENNART,60627,2026-09-24T11:14:42Z,Glückwunsch an alle die den Trade mitgenommen haben in der VIP Gruppe. So macht Trading spaß. Einfach entspannt und ohne Risiko.,2026-09-24T14:23:41Z,,
@FREESIGNALSTOTRADEBYLENNART,60628,2026-09-24T11:14:42Z,Klicke HIER wenn du auch vom Markt profitieren möchtest!,2026-09-24T14:23:41Z,,
@FREESIGNALSTOTRADEBYLENNART,60629,2026-09-24T11:27:38Z,"Heute habe ich +670€ Profit mitgenommen 💰

Viele warten auf den perfekten Moment um mit Trading zu beginnen. Die Wahrheit ist dass der beste Zeitpunkt immer JETZT ist. Hör auf deine Zeit zu verschwenden!

Wir begleiten dich von Anfang an und stehen dir bei Fragen zur Seite.

📩 Starte jetzt mit uns und schreib an @S2TSupport",2026-09-24T14:23:41Z,,
@FREESIGNALSTOTRADEBYLENNART,60630,2026-09-24T11:31:00Z,"Im Trading gibt es genug schwarze Schafe. Genau deshalb legen wir großen Wert darauf, dass unsere Kundenmeinungen transparent und öffentlich sind.

⭐️⭐️⭐️⭐️⭐️

🔜Trust index
🔜Google profile 
🔜Proven expert 
🔜Trustami

Klick einfach drauf und schau rein. Wenn du starten willst schreib 👉@S2TSupport",2026-09-24T14:23:41Z,,
@FREESIGNALSTOTRADEBYLENNART,60631,2026-09-24T11:40:23Z,"Viele jagen nur schnelle Profite... doch langfristiger Erfolg mit Struktur und dem richtigem Riskmanagement ist viel wichtiger!

Gestern haben wir wieder ordentlich verdient 💰

Aber nicht durch Glück sondern durch perfektes Timing, klare Planung und gutes Risikomanagement.

Und das Beste daran ist. Du bekommst solche Trades kostenlos in diesem FREE Channel. In der VIP Gruppe bekommst du täglich 4-6 Signale. Kein Abo. Kein Risiko. Nur Ergebnisse.

Schreib mir jetzt eine Nachricht und ich helfe dir persönlich noch vor dem nächsten Trade! 👉@S2TSupport",2026-09-24T14:23:41Z,,
@FREESIGNALSTOTRADEBYLENNART,60632,2026-09-24T11:42:54Z,"📊 Tagesreport VIP Mittwoch 📊

SP500 SELL TP1 HIT ✔️
➕13 Pips
UK100 SELL TP1 HIT ✔️
➕07 Pips
WS30 SELL TP1 HIT ✔️
➕09 Pips
XAUUSD BUY TP1 HIT ✔️
➕20 Pips
XAGUSD SELL TP1 HIT ✔️
➕60 Pips
XAUUSD SELL TP1 HIT ✔️
➕40 Pips
EURJPY SELL TP1 HIT ✔️
➕03 Pips
GBPNZD SELL TP1 HIT ✔️
➕05 Pips
CADCHF BUY TP1 HIT ✔️
➕09 Pips
CADCHF BUY TP2 HIT ✔️✔️
➕21 Pips
CADCHF BUY TP2 HIT ✔️✔️
➕21 Pips",2026-09-24T14:23:41Z,,
@FREESIGNALSTOTRADEBYLENNART,60633,2026-09-24T11:45:23Z,"XAUUSD SELL TP1 HIT ✔️
➕70 Pips
AUDCAD SELL TP2 HIT ✔️✔️
➕32 Pips
AUDCAD SELL TP2 HIT ✔️✔️
➕32 Pips
SP500 SELL TP2 HIT ✔️✔️
➕33 Pips
SP500 SELL TP2 HIT ✔️✔️
➕33 Pips
DAX SELL TP3 HIT ✔️✔️✔️
➕496 Pips

NAS100 BUY SL HIT ❌
➖ 73 (3x) Pips
NAS100 BUY SL HIT ❌
➖ 72 (3x) Pips
NZDCAD BUY SL HIT ❌
➖ 20 (3x) Pips
NZDCAD BUY SL HIT ❌
➖ 20 (3x) Pips

✔️Total➕ 346 Pips 

➡️ Trades: 17✔️04❌

————————————————————

Bei einem eurer Konten wären das:

Mit 1 LOT 
Profit: ➕3460.7💵  

Mit 0.10 LOT 
Profit: ➕346.7💵

Mit 0.01 LOT
Profit: ➕34.67💵

—————————————————————

100% Transparenz 

Schreibe unserem Support für mehr Informationen

➡️@S2TSupport",2026-09-24T14:23:41Z,,
@FREESIGNALSTOTRADEBYLENNART,60634,2026-09-24T11:45:55Z,,2026-09-24T14:23:41Z,,
@FREESIGNALSTOTRADEBYLENNART,60635,2026-09-24T12:45:26Z,"Der Trade steht aktuell bei +15382€ im Plus 💵

Take Profit ist noch nicht erreicht und wir lassen das Setup weiter laufen. Solange der Plan passt greifen wir nicht ein sondern bleiben diszipliniert.

Viele würden hier schon schließen und Gewinne mitnehmen.
Wir bleiben im Markt bis das Ziel erreicht ist.

Schreib mir jetzt @S2TSupport wenn du solche Trades live sehen willst.",2026-09-24T14:23:41Z,,
@FREESIGNALSTOTRADEBYLENNART,60636,2026-09-24T12:50:23Z,"Wirklich beeindruckt davon, wie professionell und organisiert alles ist. 🎯",2026-09-24T14:23:41Z,,
@FREESIGNALSTOTRADEBYLENNART,60637,2026-09-24T13:02:06Z,"Schaut euch das an! 🔥

Einer aus unserer VIP Gruppe hat heute in Minuten richtig kassiert ein Trade, ein Volltreffer 💵

Das ist kein Zufall das ist, was passiert wenn du nicht auf Glück sondern auf Strategie setzt. Unsere VIP Signale bringen dir blaue Zahlen in deinen MetaTrader.

Du willst auch weg vom Zocken & rein in planbare Gewinne?
Dann komm in die kostenlose Community. Hol dir den Beweis direkt auf dein Handy 📲

👉 Verlass den grauen Trott und geh heute den ersten echten Schritt in Richtung Freiheit.

Schreib @S2TSupport und beginne den Weg den du dir selbst schuldest",2026-09-24T14:23:41Z,,
@FREESIGNALSTOTRADEBYLENNART,60638,2026-09-24T13:33:44Z,"AN JEDEN TRADER, DER NOCH ZWEIFELT 🎯

Du weißt selbst:
✔️ Der Markt wartet nicht.
✔️ Deine Träume auch nicht.

👉 Warum also weiter zögern, wenn du mit uns schon gestern profitabel gewesen wärst 

Jetzt einsteigen später danken 🔥
📬@S2TSupport",2026-09-24T14:23:41Z,,
@FREESIGNALSTOTRADEBYLENNART,60639,2026-09-24T13:45:30Z,"Noch nicht mal alles mitgenommen…💵

15382€ Offene Position
670€ Bereits geschlossen

Heute schon mehr verdient als die meisten in 2 Monaten.
Und das Beste? Morgen geht’s weiter 📈

📬Schreib uns jetzt @S2TSupport",2026-09-24T14:23:41Z,,
@FREESIGNALSTOTRADEBYLENNART,60640,2026-09-24T13:45:30Z,,2026-09-24T14:23:41Z,,
@FREESIGNALSTOTRADEBYLENNART,60641,2026-09-24T14:01:38Z,"Ein weiterer Trade erfolgreich abgeschlossen ✔️

Das Setup ist beendet und der Gewinn wurden realisiert 💰

Jetzt liegt der Fokus bereits auf der nächsten Tradingchance.

Schreib jetzt an @S2TSupport und verpasse keinen Trade.",2026-09-24T14:23:41Z,,
@FREESIGNALSTOTRADEBYLENNART,60642,2026-09-24T14:01:38Z,,2026-09-24T14:23:41Z,,
@FREESIGNALSTOTRADEBYLENNART,60643,2026-09-24T14:01:38Z,,2026-09-24T14:23:41Z,,
@FREESIGNALSTOTRADEBYLENNART,60644,2026-09-24T14:01:38Z,,2026-09-24T14:23:41Z,,
@FREESIGNALSTOTRADEBYLENNART,60645,2026-09-24T14:01:38Z,,2026-09-24T14:23:41Z,,
@FREESIGNALSTOTRADEBYLENNART,60646,2026-09-24T14:01:38Z,,2026-09-24T14:23:41Z,,
@FREESIGNALSTOTRADEBYLENNART,60647,2026-09-24T14:01:38Z,,2026-09-24T14:23:41Z,,
@FREESIGNALSTOTRADEBYLENNART,60648,2026-09-24T14:01:38Z,,2026-09-24T14:23:41Z,,
@FREESIGNALSTOTRADEBYLENNART,60649,2026-09-24T14:01:38Z,,2026-09-24T14:23:41Z,,
@FREESIGNALSTOTRADEBYLENNART,60650,2026-09-24T14:01:38Z,,2026-09-24T14:23:41Z,,
@FREESIGNALSTOTRADEBYLENNART,60651,2026-09-24T14:10:25Z,"Willst du den Markt selbst lesen lernen? 🧠

Ich veröffentliche regelmäßig meine detaillierten Analysen auf TradingView, nicht nur damit du sie kopieren kannst sondern damit du lernst wie ich denke.

Das ist die beste Ausbildung die du bekommen kannst und sie ist kostenlos. 🚀

KLICK HIER UND LERNE VON MIR

Wenn du bereit für den nächsten Schritt bist, schreib ""START"" an @S2TSupport.",2026-09-24T14:23:41Z,,
@REALNATEFXC,5156,2026-09-24T11:18:03Z,,2026-09-24T14:23:43Z,2026-09-24T11:18:44Z,
@REALNATEFXC,5157,2026-09-24T13:47:58Z,"THOUSANDS OF REVIEWS📣📣

From members all around the world 🌍 

There is a reason why we are the number 1 trading community on TRUSTPILOT.

To catch more trades for FREE

⏳Claim your FREE Premium Community spot today.",2026-09-24T14:23:43Z,2026-09-24T13:49:43Z,
@TRADINGCENTRALGLOBAL,53776,2026-09-24T09:40:16Z,"Just send “READY” & I’ll show you, for free, how to get results like Filipe and 1000’s of others who are doing the same:
💬@tradingcentralhelpdesk",2026-09-24T14:23:46Z,2026-09-24T09:40:23Z,
@TRADINGCENTRALGLOBAL,53777,2026-09-24T13:32:55Z,"Here’s a preview of the entire analysis I dropped about the pending order that’s waiting in our trading accounts ✅

My entire private community is now informed & ready!

Don’t want to wait? Want to be informed & ready as well? 

50 of you can watch this video for free using the link below:
• https://t.me/m/UY_GFjjLZmE0",2026-09-24T14:23:46Z,2026-09-24T13:32:59Z,
@fxtradingvision,86117,2026-09-24T15:02:28Z,"TP 1 hit

+ 80 pips profit

Move sl to entry",2026-09-24T18:37:53Z,2026-09-24T15:02:30Z,
@fxtradingvision,86118,2026-09-24T15:11:20Z,"Just hit another £100 easy £584 today, that’s 1/3 of my monthly wage",2026-09-24T18:37:53Z,2026-09-24T15:11:21Z,
@fxtradingvision,86120,2026-09-24T16:00:04Z,"THIS WEEK'S RESULTS IN MY VIP GROUP (so far)
Week 39, 2026

📊 Trades shared: 31
✅ Win: 25
❌ Loss: 6

>> Win-ratio: 80.6%

Almost at the finish line! Tomorrow is the last day of the regular trading week and I'm going ALL IN on the setups 🚀 Don't let this week pass without taking action.

WANT TO COPY ALL MY TRADES? Click the button below to get FREE ACCESS to my VIP 👇🏻",2026-09-24T18:37:53Z,2026-09-24T16:00:05Z,
@fxtradingvision,86121,2026-09-24T16:00:05Z,,2026-09-24T18:37:53Z,,
@fxtradingvision,86122,2026-09-24T16:13:01Z,,2026-09-24T18:37:53Z,2026-09-24T16:13:02Z,
@fxtradingvision,86123,2026-09-24T16:29:32Z,,2026-09-24T18:37:53Z,2026-09-24T16:29:33Z,
@fxtradingvision,86124,2026-09-24T16:29:32Z,Today 🔥,2026-09-24T18:37:53Z,2026-09-24T16:29:33Z,
@fxtradingvision,86125,2026-09-24T16:29:56Z,+266% profit in one day YOURE A LEGEND,2026-09-24T18:37:53Z,2026-09-24T16:29:57Z,
@fxtradingvision,86126,2026-09-24T17:03:01Z,Lets work guys I’m ready to make more today 🤑🤑,2026-09-24T18:37:53Z,2026-09-24T17:03:02Z,
@phenexbillions,7152,2026-09-24T14:48:44Z,,2026-09-24T18:37:55Z,,
@phenexbillions,7153,2026-09-24T15:43:01Z,bro bro bro ❤️,2026-09-24T18:37:55Z,,
@phenexbillions,7154,2026-09-24T17:45:34Z,Deine signale sind immer on point weiter so vitus 👍👍 fast tp 4 von dem oberen erreicht,2026-09-24T18:37:55Z,,
@FXFARO_FREEGROUP,13678,2026-09-24T15:22:56Z,XAUUSD > THERE WE GO! New entry is running at +280pips.,2026-09-24T18:38:00Z,2026-09-24T15:22:57Z,
@FXFARO_FREEGROUP,13679,2026-09-24T15:25:33Z,"I’M ONLINE IN THE CHAT RIGHT NOW. 👀🔥

The amount of requests coming in is INSANE.

34 PEOPLE ONBOARDED IN JUST THE LAST 1.5 HOURS.

And I’m personally answering your questions and helping everyone get started.

Remember what I said:

After TODAY, I’m temporarily STOPPING new VIP members to keep the quality inside the group high.

If you still have questions about VIP, NOW is the time.

I’m online. Message me: VIP 📲🔥 @fxfaro",2026-09-24T18:38:00Z,2026-09-24T15:25:34Z,
@FXFARO_FREEGROUP,13680,2026-09-24T17:05:58Z,"WHILE YOU’RE STILL CHASING TP1, TP2, TP3 SIGNALS...

DAAN JUST RECEIVED $12,653.60. 🤯💰

$200K FUNDED ACCOUNT
2-WEEK WINDOW
ROI: +6.33%

And this is through our FUNDED MANAGEMENT.

No jumping between random signal groups.
No emotional trading.
No chasing 10 trades a day.

Our approach is simple:

CONTROLLED RISK.
QUALITY OVER QUANTITY.
ONE SL.
ONE TP.

While some traders are still losing money trying to find the next “perfect signal,” our focus is on protecting funded capital and working toward REAL payouts.

$12,653.60 in 2 weeks for Daan.

And he didn’t need to sit behind the charts all day doing it.

That’s the beauty of funded management. 💰🔥 @fxfaro",2026-09-24T18:38:00Z,2026-09-24T17:05:58Z,
@TOPNOTCHFOREXFREE,23859,2026-09-24T16:50:04Z,"XAUUSD TP3: +1390 pips ✅✅✅

MASSIVE PROFITS WITH TNFX! 🛩",2026-09-24T18:38:03Z,2026-09-24T16:50:05Z,
@TOPNOTCHFOREXFREE,23860,2026-09-24T16:50:04Z,"XAUUSD TP3: +1559 pips ✅✅✅

MASSIVE PROFITS WITH TNFX! 🛩",2026-09-24T18:38:03Z,2026-09-24T16:50:05Z,
@TOPNOTCHFOREXFREE,23861,2026-09-24T16:50:17Z,"PREMIUM STRIKES AGAIN 🔥

While you were hesitating, we caught BIG MOVES 💰

Want in on the next one?
DM me now: @TopNotchForex 📥",2026-09-24T18:38:03Z,2026-09-24T16:50:19Z,
@TAURUSTRADERSSIGNALE,39946,2026-09-24T14:47:20Z,"NEW TRADE IDEA

XAUUSD SELL 4257

TP 4253

TP 2 4240

SL @ 4370

Trade accordingly and only trade with money you can afford to LOSE.

DOUBLE LOTSIZE",2026-09-24T18:38:05Z,2026-09-24T15:00:40Z,
@TAURUSTRADERSSIGNALE,39947,2026-09-24T15:02:02Z,"TP 1 hier schließen

+80 Pips Gewinn

SL auf Break-even setzen",2026-09-24T18:38:05Z,,
@TAURUSTRADERSSIGNALE,39948,2026-09-24T16:14:49Z,"DIE ERGEBNISSE DIESER WOCHE IN MEINER VIP-GRUPPE (bisher)
Woche 39, 2026

📊 Veröffentlichte Trades: 31
✅ Gewinne: 25
❌ Verluste: 6

>> Gewinnquote: 80,6%

Fast am Ziel! Morgen ist der letzte Tag der regulären Handelswoche und ich gehe bei den Setups ALL IN 🚀 Lass diese Woche nicht verstreichen, ohne aktiv zu werden.

MÖCHTEST DU ALLE MEINE TRADES KOPIEREN? KLICKE HIER, um KOSTENLOSEN ZUGANG zu meinem VIP zu erhalten 🚀",2026-09-24T18:38:05Z,2026-09-24T16:15:01Z,
@TAURUSTRADERSSIGNALE,39949,2026-09-24T16:29:59Z,+266% profit in one day YOURE A LEGEND,2026-09-24T18:38:05Z,,
@TAURUSTRADERSSIGNALE,39950,2026-09-24T16:42:18Z,,2026-09-24T18:38:05Z,,
@TAURUSTRADERSSIGNALE,39951,2026-09-24T17:03:54Z,"Los geht’s, Leute! Ich bin bereit, heute noch mehr zu verdienen 🤑🤑",2026-09-24T18:38:05Z,2026-09-24T17:04:21Z,
@FREESIGNALSTOTRADEBYLENNART,60652,2026-09-24T14:40:24Z,"S2T besteht aus mehr als nur Signalen und Bots.

Mit unserer privaten Community schaffen wir einen Ort, an dem sich unsere Mitglieder auch direkt untereinander austauschen können. 🤝

Was funktioniert gerade gut? Was beobachten andere? Welche Erfahrungen wurden gemacht?

Alles ohne öffentliche Zuschauer.

👉 Schreib @S2TSupport für deine Einladung",2026-09-24T18:38:07Z,,
@FREESIGNALSTOTRADEBYLENNART,60653,2026-09-24T14:50:28Z,"Sehr starker Tag heute 🔥

Hier siehst du das perfekte Zusammenspiel aus Trade & Chart 📊
Unsere position stehen aktuell bei +15385€ und wir lassen laufen.

Das Beste daran?

Stell dir vor, was du dir von dem Geld kaufen könntest ✔️

📬 Schreibe @S2TSupport, wenn du bereit bist, solche Zahlen IN DEINEM Meta Trader zu sehen",2026-09-24T18:38:07Z,,
@FREESIGNALSTOTRADEBYLENNART,60654,2026-09-24T14:50:29Z,,2026-09-24T18:38:07Z,,
@FREESIGNALSTOTRADEBYLENNART,60655,2026-09-24T15:34:34Z,"S2T - PnL Offengelegt 📈

Hier eine Zusammenfassung der letzten Woche. 

Wie sahen eure Ergebnisse in der gleichen Zeit aus?📊

S2T bietet dir die Hilfe die du brauchst um profitables Trading umzusetzen.

📲 Schreibe jetzt @S2TSupport um ganz genau zu erfahren wie das geht",2026-09-24T18:38:07Z,,
@FREESIGNALSTOTRADEBYLENNART,60656,2026-09-24T15:45:26Z,"Der Markt belohnt nicht die Gierigen sondern die Geduldigen 💯

Gestern haben wir wieder gezeigt wie man Profite realisiert 💵

✔️Mit klarem Setup
✔️Mit Stop Loss
✔️Und mit einem Signal das abgeliefert hat

Wenn du sicher wachsen willst statt planlos zu zocken. 
Schreib mir eine Nachricht 👉@S2TSupport",2026-09-24T18:38:07Z,,
@FREESIGNALSTOTRADEBYLENNART,60657,2026-09-24T15:46:14Z,,2026-09-24T18:38:07Z,,
@FREESIGNALSTOTRADEBYLENNART,60658,2026-09-24T15:55:30Z,"Sehr starker Tag heute und wir sind noch mittendrin 💵

Aktuell stehen unsere offenen Trades bei +15296€ 

TradingView-Chart zeigt exakt, wie wir das aufgebaut haben.

Und du? Hängst im Job fest und wartest auf den Monatslohn, während hier das 2–3-Fache einfach weiterläuft 📈

Geduld ist entscheidend aber noch wichtiger ist: endlich mal loszulegen.

📲Schreib @S2TSupport, wenn du solche Zahlen auch auf deinem Handy sehen willst.",2026-09-24T18:38:07Z,,
@FREESIGNALSTOTRADEBYLENNART,60659,2026-09-24T15:55:30Z,,2026-09-24T18:38:07Z,,
@FREESIGNALSTOTRADEBYLENNART,60660,2026-09-24T16:03:48Z,,2026-09-24T18:38:07Z,,
@FREESIGNALSTOTRADEBYLENNART,60661,2026-09-24T16:40:35Z,"Volle US DOLLAR Analyse - Jetzt auf YouTube✔️

Du willst wissen was als nächstes am Markt passieren wird? 

Guck dir die Analyse an solange diese noch aktuell ist und nutze den Mehrwert📈

Schreib @S2TSupport, wenn dir das noch nicht genug war.",2026-09-24T18:38:07Z,,
@FREESIGNALSTOTRADEBYLENNART,60662,2026-09-24T16:41:00Z,,2026-09-24T18:38:07Z,,
@FREESIGNALSTOTRADEBYLENNART,60663,2026-09-24T16:45:46Z,"⚠️Bei den folgenden Nachrichten handelt es sich um ein Ergebnis aus unserer Premium Gruppe, nicht um ein umzusetzendes Signal⚠️",2026-09-24T18:38:07Z,,
@FREESIGNALSTOTRADEBYLENNART,60664,2026-09-24T16:50:29Z,"Guter Tag, sauberes Ergebnis 📈

Heute abgeschlossen: +670€ strukturiert, planvoll, stressfrei.

Der Metatrader-Chart spricht für sich.
Es muss nicht immer ein Volltreffer sein, um stark zu performen 📊

Das hier ist: solides Wachstum Tag für Tag 💯

Du willst auch einen Monatslohn an einem Tag verdienen?

📲 Dann schreib @S2TSupport",2026-09-24T18:38:07Z,,
@FREESIGNALSTOTRADEBYLENNART,60665,2026-09-24T16:50:29Z,,2026-09-24T18:38:07Z,,
@FREESIGNALSTOTRADEBYLENNART,60666,2026-09-24T16:53:16Z,"🚀GBPUSD - SELL🚀

Entry: 1.33722

Stopp-Loss: 1.33872

Take-Profit 1: 1.33652
Take-Profit 2: 1.33572
Take-Profit 3: 1.33272

📊3:1 Risk Reward 📊",2026-09-24T18:38:07Z,,
@FREESIGNALSTOTRADEBYLENNART,60667,2026-09-24T16:53:16Z,GBPUSD TP1 HIT ✔️,2026-09-24T18:38:07Z,,
@FREESIGNALSTOTRADEBYLENNART,60668,2026-09-24T16:53:16Z,GBPUSD TP2 HIT ✔️✔️,2026-09-24T18:38:07Z,,
@FREESIGNALSTOTRADEBYLENNART,60669,2026-09-24T16:53:16Z,GBPUSD TP3 HIT ✔️✔️✔️,2026-09-24T18:38:07Z,,
@FREESIGNALSTOTRADEBYLENNART,60670,2026-09-24T16:54:48Z,,2026-09-24T18:38:07Z,,
@FREESIGNALSTOTRADEBYLENNART,60671,2026-09-24T16:54:48Z,So sieht es aus wenn unser Trade wieder mal Perfekt läuft! 🔥,2026-09-24T18:38:07Z,,
@FREESIGNALSTOTRADEBYLENNART,60672,2026-09-24T16:54:48Z,GBPUSD hat alle Takeprofits abgeholt 💲,2026-09-24T18:38:07Z,,
@FREESIGNALSTOTRADEBYLENNART,60673,2026-09-24T16:54:48Z,Unser Einstieg und der Stop Loss hätten besser nicht sein können. Sowas findest du nur bei Signals2Trade 📊,2026-09-24T18:38:07Z,,
@FREESIGNALSTOTRADEBYLENNART,60674,2026-09-24T16:54:49Z,Melde dich jetzt bei mir wenn du bereit bist👉@S2TSupport,2026-09-24T18:38:07Z,,
@FREESIGNALSTOTRADEBYLENNART,60675,2026-09-24T17:00:10Z,"❌ Raus aus dem 9to5 Projekt ❌

Was geht, Leute? Ich starte etwas Neues: Ein exklusives 1-zu-1-Mentorship-Projekt. Das Ziel ist klar: Wir bauen gemeinsam dein Trading so auf, dass du ein stabiles Nebeneinkommen von 2.000€ pro Monat erreichst.

Du brauchst:
✔️ Disziplin
✔️ 1.000€ Startkapital
✔️ Durchhaltevermögen

Ich nehme nur 10 Leute auf, die es wirklich ernst meinen und bereit sind, den Weg mit mir zu gehen. 

Wenn du dabei sein willst, schreib ""MENTOR"" an @S2TSupport",2026-09-24T18:38:07Z,,
@FREESIGNALSTOTRADEBYLENNART,60676,2026-09-24T17:02:49Z,,2026-09-24T18:38:07Z,,
@FREESIGNALSTOTRADEBYLENNART,60677,2026-09-24T17:14:56Z,,2026-09-24T18:38:07Z,,
@FREESIGNALSTOTRADEBYLENNART,60678,2026-09-24T17:20:27Z,"Okay, spontane Entscheidung zum Projekt. 🎁

Ich habe eben mit dem Team gesprochen. Wir lassen NOCH DREI Leute rein. Nicht mehr, nicht weniger.",2026-09-24T18:38:07Z,,
@FREESIGNALSTOTRADEBYLENNART,60679,2026-09-24T17:20:27Z,"Schreib ""START"" für meine kostenlosen Echtzeit-Analysen.",2026-09-24T18:38:07Z,,
@FREESIGNALSTOTRADEBYLENNART,60680,2026-09-24T17:20:27Z,"Es ist YOU vs. YOU. Du hast die Möglichkeit mit 500€ endlich finanziell frei zu werden, wenn du jetzt handelst. ❗️",2026-09-24T18:38:07Z,,
@FREESIGNALSTOTRADEBYLENNART,60681,2026-09-24T17:20:36Z,"📉 GOLD LETZTER BUY? | Monatlicher Support vor einer starken Abwärtsbewegung! | XAUUSD Analyse💔

📊 Gold nähert sich dem Ende des Septembers und die Monatskerze steht kurz vor dem Abschluss

🎯 Eine wichtige monatliche Support-Zone steht aktuell im Fokus

💧 Die zuvor markierte Liquidität muss noch abgeholt werden

📈 Der Kurs könnte zunächst den Support erreichen, bevor das aktuelle Hoch gebrochen wird

🟢 Ein letzter Buy-Trade wird aktuell beobachtet

📉 Danach könnte Gold für die nächsten Tage deutlich bearish werden

⚡ Die wichtigen Monatslevel könnten die nächste große Bewegung bestimmen",2026-09-24T18:38:07Z,,
@FREESIGNALSTOTRADEBYLENNART,60682,2026-09-24T17:40:22Z,3...,2026-09-24T18:38:07Z,,
@FREESIGNALSTOTRADEBYLENNART,60683,2026-09-24T18:05:30Z,2... (Meine DMs explodieren schon wieder wer es ernst meint muss JETZT schnell sein),2026-09-24T18:38:07Z,,
@FREESIGNALSTOTRADEBYLENNART,60684,2026-09-24T18:20:32Z,1... LETZTER PLATZ. Das ist die absolut letzte Chance.,2026-09-24T18:38:07Z,,
@REALNATEFXC,5158,2026-09-24T18:09:58Z,"🇮🇪 Gavin from Ireland 🇮🇪

Made over €600 following the same process we teach inside the community 📈

Don’t take my word for it…

Watch the video yourself 🤝

The second half of the year is here.

📨Message me here to secure your spot before it’s gone.",2026-09-24T18:38:10Z,2026-09-24T18:19:04Z,
@TRADINGCENTRALGLOBAL,53778,2026-09-24T16:31:32Z,Touchdown DXB & we’re already back in flow state 🤠,2026-09-24T18:38:13Z,2026-09-24T16:31:33Z,
@TRADINGCENTRALGLOBAL,53779,2026-09-24T16:33:01Z,,2026-09-24T18:38:13Z,2026-09-24T16:33:03Z,
@TRADINGCENTRALGLOBAL,53780,2026-09-24T16:36:01Z,,2026-09-24T18:38:13Z,2026-09-24T16:36:03Z,
@TRADINGCENTRALGLOBAL,53781,2026-09-24T16:41:01Z,"I’m approving 50 of you immediately before the day is over. 

You can request to join my private community for free using this link:
• https://t.me/m/UY_GFjjLZmE0",2026-09-24T18:38:13Z,2026-09-24T16:41:03Z,
@fxtradingvision,86127,2026-09-24T21:04:59Z,"Looking forward to a very profitable end of the trading week! Full analysis will be shared in my VIP now. It will help my members understand where we are trading towards and take trades along the way 🧏🏻‍♂️👀

If you want to receive ALL MY TRADE IDEAS AND ANALYSIS, send me “START” to claim free access to my community :) 

>> CLICK HERE to send me “START” and receive all the links to get inside",2026-09-24T21:45:24Z,2026-09-24T21:05:01Z,2026-09-25T04:58:47Z
@WOLFXSIGNALS_FREEGROUP,11718,2026-09-24T19:02:22Z,"🤖 OUR SOFTWARE IS ON FIRE🔥


✅ ALEX has received $8,000.
✅ TILAK has received $4,426.
✅ MISCHA has received $3,913 (4th payout for him).

             How’s that possible?
                         
1️⃣ They get a funded account.

2️⃣ Funded account connects to our software🤖

3️⃣ Our software manage the funded account to generate payouts💰

                               ⬇️

👉 Contact support for info: HERE


  🚫 Only available for VIP Clients 🚫",2026-09-24T21:45:29Z,,
@WOLFXSIGNALS_FREEGROUP,11719,2026-09-24T19:02:23Z,,2026-09-24T21:45:29Z,,
@WOLFXSIGNALS_FREEGROUP,11720,2026-09-24T19:02:23Z,,2026-09-24T21:45:29Z,,
@WOLFXSIGNALS_FREEGROUP,11721,2026-09-24T19:02:23Z,,2026-09-24T21:45:29Z,,
@FXFARO_FREEGROUP,13681,2026-09-24T20:11:40Z,XAUUSD > RECENT SELL ENTRY IS RUNNING AT +30PIPS.,2026-09-24T21:45:31Z,2026-09-24T20:11:42Z,
@FXFARO_FREEGROUP,13682,2026-09-24T20:18:57Z,"🌎ANOTHER MEMBER PRINTING HARD WITH OUR FUNDED MANAGEMENT. 

This time it’s KIERAN:

$5,364.80 PAYOUT
$100K FUNDED ACCOUNT
2-WEEK WINDOW
ROI: +5.36%

But here’s the crazy part...

Kieran has NEVER placed a trade himself.

He literally didn’t even know what MT4 was before starting. 😂

No trading experience.
No signal groups.
No sitting behind charts.
No trying to become a professional trader.

He simply got funded and let us handle the management.

And now?

$5,364.80 PAYOUT.

Meanwhile, some traders have spent YEARS jumping between strategies, watching YouTube videos and chasing TP1, TP2, TP3 signals without becoming profitable.

Kieran skipped all of that.

Funded capital.
Hands-off management.
First priority: protect the account.
Then work toward payouts.

Sometimes keeping it simple wins. 💰 @fxfaro",2026-09-24T21:45:31Z,2026-09-24T20:18:58Z,
@TAURUSTRADERSSIGNALE,39952,2026-09-24T21:07:48Z,"Ich freue mich auf ein sehr profitables Ende der Handelswoche! Die vollständige Analyse werde ich jetzt in meinem VIP veröffentlichen. Sie wird meinen Mitgliedern helfen zu verstehen, in welche Richtung wir handeln, und unterwegs Trades zu platzieren 🧏🏻‍♂️👀

Wenn du ALLE MEINE HANDELSIDEEN UND ANALYSE erhalten möchtest, schick mir „START“, um kostenlosen Zugang zu meiner Community zu erhalten :)

>> KLICKE HIER, um mir „START“ zu senden und alle Links für den Zugang zu erhalten",2026-09-24T21:45:36Z,2026-09-24T21:08:35Z,
@FREESIGNALSTOTRADEBYLENNART,60685,2026-09-24T18:40:26Z,UND WEG. Willkommen an die zwei neuen Teilnehmer. Das Projekt ist jetzt endgültig geschlossen. 🔒,2026-09-24T21:45:39Z,,
@FREESIGNALSTOTRADEBYLENNART,60686,2026-09-24T19:06:51Z,"⚠️Bei den folgenden Nachrichten handelt es sich um ein Ergebnis aus unserer Premium Gruppe, nicht um ein umzusetzendes Signal⚠️",2026-09-24T21:45:39Z,,
@FREESIGNALSTOTRADEBYLENNART,60687,2026-09-24T19:12:51Z,"🚀NZDUSD - SELL🚀

Entry: 0.57387

Stopp-Loss: 0.57587

Take-Profit 1: 0.57287
Take-Profit 2: 0.57187
Take-Profit 3: 0.56787

📊3:1 Risk Reward 📊",2026-09-24T21:45:39Z,,
@FREESIGNALSTOTRADEBYLENNART,60688,2026-09-24T19:12:51Z,NZDUSD TP1 HIT ✔️,2026-09-24T21:45:39Z,,
@FREESIGNALSTOTRADEBYLENNART,60689,2026-09-24T19:12:51Z,NZDUSD TP2 HIT ✔️✔️,2026-09-24T21:45:39Z,,
@FREESIGNALSTOTRADEBYLENNART,60690,2026-09-24T19:12:51Z,NZDUSD TP3 HIT ✔️✔️✔️,2026-09-24T21:45:39Z,,
@FREESIGNALSTOTRADEBYLENNART,60691,2026-09-24T19:16:27Z,,2026-09-24T21:45:39Z,,
@FREESIGNALSTOTRADEBYLENNART,60692,2026-09-24T19:16:27Z,Leute... einfach schon wieder TP3 erreicht und ich habs vorher angekündigt 💵,2026-09-24T21:45:39Z,,
@FREESIGNALSTOTRADEBYLENNART,60693,2026-09-24T19:16:27Z,Glückwunsch an jeden der den Trade mitgenommen hat. Du brauchst keine tausend Indikatoren sondern nur eine klare Strategie und einen sauberen Einstieg 📈,2026-09-24T21:45:39Z,,
@FREESIGNALSTOTRADEBYLENNART,60694,2026-09-24T19:16:27Z,Die Strategie bekommst du von mir 👉@S2TSupport,2026-09-24T21:45:39Z,,
@FREESIGNALSTOTRADEBYLENNART,60695,2026-09-24T19:32:28Z,"S2T Ergebnisse aus dem VIP🔥

Wir wollten euch Mal zeigen was in den letzen zwei Wochen im VIP für Profite erzielt wurden.

Das ist keine Ausnahme unsere Performance ist immer so.

Was hast du in dieser Zeit gemacht? Was hättest du mit solchen Gewinnen machen können?

📬 Wir nehmen nicht jeden. Wenn du es ernst meinst dann schreib @S2TSupport",2026-09-24T21:45:39Z,,
@FREESIGNALSTOTRADEBYLENNART,60696,2026-09-24T19:40:25Z,Starke Analysen und reibungslose Updates! 📊,2026-09-24T21:45:39Z,,
@FREESIGNALSTOTRADEBYLENNART,60697,2026-09-24T19:50:23Z,"BOOM. Und wieder ein Volltreffer 📈

Einer aus der VIP-Gruppe hat heute mit nur einem einzigen Trade fette Gewinne eingefahren und das in nicht mal 10 Minuten.

Keine Zufälle das ist mein System.
Du bekommst die Trades, du kopierst der Rest ist Profit 

👉Du hast lange genug gezweifelt jetzt ist der Moment, in dem du dir selbst zeigst, was wirklich möglich ist.

📲Meld dich bei @S2TSupport und starte durch. Noch heute bevor du’s bereust.",2026-09-24T21:45:39Z,,
@FREESIGNALSTOTRADEBYLENNART,60698,2026-09-24T20:02:21Z,"Community Feedback 🔥

Wenn du wissen willst, wie der Start bei S2T wirklich abläuft lies dir das hier durch. Vom ersten Schritt an wird man bei uns nicht allein gelassen. Klare Erklärungen, strukturierter Einstieg und Spaß am Trading. Genau das macht den Unterschied.

👉 Du willst es genauso erleben?

📲Schreib @S2TSupport und komm in die Community.",2026-09-24T21:45:39Z,,
@FREESIGNALSTOTRADEBYLENNART,60699,2026-09-24T20:31:33Z,"Nicht jeder Trade muss im Plus landen aber jeder Trade sollte abgesichert sein 💵

Wichtigste Regel im Trading. Niemals ohne Stop Loss traden!!

Gestern gab der Markt uns ein Setup welches nicht ganz aufging aber wir sind dem Plan gefolgt und sind sauber auf Break Even ausgestiegen. Bei uns bekommst du immer Trades mit System und das ganze sogar kostenlos 🔥

Schreib mir jetzt und ich zeige dir wie 📱@S2TSupport",2026-09-24T21:45:39Z,,
@FREESIGNALSTOTRADEBYLENNART,60700,2026-09-24T20:45:17Z,"S2T ist deine Chance etwas zu verändern!

Du brauchst nicht stundenlang vor den Charts zu sitzen um erfolgreich zu sein ❌

Ich habe schon tausenden Mitgliedern geholfen Trading richtig umzusetzen. 

Das einzige was du dafür brauchst ist den Willen zum Anfangen!

Warte nicht auf morgen sondern starte JETZT 👉@S2TSupport",2026-09-24T21:45:39Z,,
@FREESIGNALSTOTRADEBYLENNART,60701,2026-09-24T20:45:30Z,,2026-09-24T21:45:39Z,,
@FREESIGNALSTOTRADEBYLENNART,60702,2026-09-24T21:01:43Z,"Was eine Woche bisher💲

Wir schließen den Tag und wünschen eine Gute Nacht 💯

Um in Zukunft nicht nur zuzuschauen 
👉@S2TSupport",2026-09-24T21:45:39Z,,
@REALNATEFXC,5159,2026-09-24T19:46:03Z,"ANOTHER MEMBERS EXPERIENCE FROM 🇨🇦

Currently smashing it passing all of his funded accounts & making gains on his personal account 💪",2026-09-24T21:45:41Z,2026-09-24T20:06:27Z,
@REALNATEFXC,5160,2026-09-24T19:47:01Z,📤Message me here to claim your FREE spot inside our Premium Community.,2026-09-24T21:45:41Z,2026-09-24T20:06:25Z,
@TRADINGCENTRALGLOBAL,53782,2026-09-24T20:27:35Z,,2026-09-24T21:45:44Z,2026-09-24T20:27:38Z,
@phenexbillions,7155,2026-09-25T00:00:39Z,Danke. 🫶 Aber zum Schluss hat mich der Mut verlassen. 🙈😂,2026-09-25T00:06:40Z,,
@TRADINGCENTRALGLOBAL,53783,2026-09-24T21:55:18Z,"And that’s how it’s done! All members in profit, because no one missed out 👇

Some members made $50, some made $100 and some even exceeded the $1.000 mark! 

Everyone on his or her own level, because risk management is decided by them and adhered to because of my guidance!

And how did no one miss out? Simple. Limit orders. I explained this above in the videos.

But also the analysis, the live sessions and the open community chat. All there to make you feel confident and comfortable.

Now… these members are just like you. Only difference? They took action ✅

Read down below to understand how you can do the same!",2026-09-25T00:06:57Z,2026-09-24T21:55:19Z,
@TRADINGCENTRALGLOBAL,53784,2026-09-24T21:55:18Z,,2026-09-25T00:06:57Z,,
@TRADINGCENTRALGLOBAL,53785,2026-09-24T21:55:18Z,,2026-09-25T00:06:57Z,,
@TRADINGCENTRALGLOBAL,53786,2026-09-24T21:55:18Z,,2026-09-25T00:06:57Z,,
@TRADINGCENTRALGLOBAL,53787,2026-09-24T21:55:18Z,,2026-09-25T00:06:57Z,,
@TRADINGCENTRALGLOBAL,53788,2026-09-24T21:55:19Z,,2026-09-25T00:06:57Z,,
@TRADINGCENTRALGLOBAL,53789,2026-09-24T21:55:19Z,,2026-09-25T00:06:57Z,,
@TRADINGCENTRALGLOBAL,53790,2026-09-24T21:55:19Z,,2026-09-25T00:06:57Z,,
@TRADINGCENTRALGLOBAL,53791,2026-09-24T21:55:19Z,,2026-09-25T00:06:57Z,,
@TRADINGCENTRALGLOBAL,53792,2026-09-24T21:59:01Z,"I’m approving 50 of you immediately before the day is over. 

You can request to join my private community for free using this link:
• https://t.me/m/UY_GFjjLZmE0",2026-09-25T00:06:57Z,2026-09-24T21:59:03Z,
@fxtradingvision,86128,2026-09-25T02:55:40Z,Whatsup legends! Are we ready for the LAST DAY of the regular trading week?!,2026-09-25T04:58:47Z,2026-09-25T02:55:42Z,
@fxtradingvision,86129,2026-09-25T02:58:43Z,"Let's finish strong guys 💪🏻 But also make sure to not waste the profits you made... We had a very profitable week so far in my VIP, now I aim to finish strong!

Fridays are my favorite 🚀🚀 People that have been in this channel for a while know... LETS GET TO WORK 🤑",2026-09-25T04:58:47Z,2026-09-25T02:58:43Z,
@fxtradingvision,86130,2026-09-25T03:31:01Z,,2026-09-25T04:58:47Z,2026-09-25T03:31:02Z,
@fxtradingvision,86131,2026-09-25T03:57:01Z,"✅ Back to the charts! I’m offering FREE ACCESS to the next 23 action takers that want to join my VIP team. 

Send me a private message and I will help you get started & personally guide you in your forex journey 🤝

CLICK HERE TO START TRADING IN MY VIP (free)",2026-09-25T04:58:47Z,2026-09-25T03:57:02Z,
@fxtradingvision,86132,2026-09-25T04:13:01Z,[only 23 spots for today],2026-09-25T04:58:47Z,2026-09-25T04:13:02Z,
@fxtradingvision,86133,2026-09-25T04:32:46Z,LETS WORK LADS,2026-09-25T04:58:47Z,2026-09-25T04:32:46Z,
@fxtradingvision,86134,2026-09-25T04:35:57Z,,2026-09-25T04:58:47Z,2026-09-25T04:35:58Z,
@TAURUSTRADERSSIGNALE,39953,2026-09-25T02:55:04Z,"Was geht, Legenden! Sind wir bereit für den LETZTEN TAG der regulären Handelswoche?!",2026-09-25T04:58:59Z,2026-09-25T02:55:51Z,
@TAURUSTRADERSSIGNALE,39954,2026-09-25T02:58:04Z,"Lasst uns stark abschließen, Leute 💪🏻 Aber achtet auch darauf, die Gewinne, die ihr gemacht habt, nicht wieder zu verspielen... Wir hatten bisher eine sehr profitable Woche in meinem VIP, jetzt will ich sie stark beenden!

Freitage sind meine Lieblingstage 🚀🚀 Wer schon eine Weile in diesem Channel ist, weiß Bescheid... LASST UNS LOSLEGEN 🤑",2026-09-25T04:58:59Z,2026-09-25T02:58:34Z,
@TAURUSTRADERSSIGNALE,39955,2026-09-25T03:44:04Z,,2026-09-25T04:58:59Z,,
@TAURUSTRADERSSIGNALE,39956,2026-09-25T03:56:04Z,"✅ Zurück zu den Charts! Ich biete den nächsten 23 Leuten, die direkt loslegen möchten, KOSTENLOSEN ZUGANG zu meinem VIP-Team an.

Schreibt mir eine private Nachricht und ich helfe euch beim Einstieg & begleite euch persönlich auf eurer Forex-Reise 🤝

 HIER KLICKEN, UM MIT MEINEM VIP ZU STARTEN (kostenlos)",2026-09-25T04:58:59Z,,
@TAURUSTRADERSSIGNALE,39957,2026-09-25T04:22:04Z,[nur 13 Plätze für heute],2026-09-25T04:58:59Z,,
@TAURUSTRADERSSIGNALE,39958,2026-09-25T04:42:04Z,"LASST UNS RAN, JUNGS",2026-09-25T04:58:59Z,2026-09-25T04:53:49Z,
@TAURUSTRADERSSIGNALE,39959,2026-09-25T04:57:04Z,,2026-09-25T04:58:59Z,,
@FREESIGNALSTOTRADEBYLENNART,60703,2026-09-25T02:02:23Z,"🚀 Freitag, 25. August 🚀

Letzter Handelstag der Woche und wir nehmen gezielt mit was der Markt uns gibt. Wir haben jetzt die Chance die letzten starken volatilen Stunden zu nutzen um uns Profite zu sichern.

Mit einem ruhigen Kopf und einer guten Strategie lässt es sich entspannt starten.

Jeden Tag 1 % besser 🏆",2026-09-25T04:59:02Z,,
@FREESIGNALSTOTRADEBYLENNART,60704,2026-09-25T03:15:13Z,,2026-09-25T04:59:02Z,,
@FREESIGNALSTOTRADEBYLENNART,60705,2026-09-25T03:25:06Z,✍️ schreibt gerade...,2026-09-25T04:59:02Z,,
@FREESIGNALSTOTRADEBYLENNART,60706,2026-09-25T03:25:06Z,"Diese Nachricht von Markus ist genau das, was ich mit dieser Community meine: gegenseitige Unterstützung und gemeinsamer Erfolg. Das ist unsere Mission. Vielen Dank für euer Vertrauen! 🤝",2026-09-25T04:59:02Z,,
@FREESIGNALSTOTRADEBYLENNART,60707,2026-09-25T03:25:06Z,👉 Klicke hier und kopiere meine Trades vollautomatisch.,2026-09-25T04:59:02Z,,
@FREESIGNALSTOTRADEBYLENNART,60708,2026-09-25T03:25:06Z,"Wenn du mir schreibst, ohne es ernst zu meinen, verliert jemand, der es wirklich braucht, seinen Platz. Also schreibe mir bitte nur, wenn du es wirklich brauchst. ❗️",2026-09-25T04:59:02Z,,
@FREESIGNALSTOTRADEBYLENNART,60709,2026-09-25T03:25:06Z,Bist du wach?,2026-09-25T04:59:02Z,,
@FREESIGNALSTOTRADEBYLENNART,60710,2026-09-25T03:40:12Z,"Freunde...das war heute morgen mein Büro und Trading hat es möglich gemacht 💯

Du wirst sehen, es ist viel leichter als du denkst. Ich bin heute nur hier weil ich damals die Entscheidung getroffen habe mich mit Trading zu beschäftigen und habe einfach nicht aufgegeben. Rückblickend war das die beste Entscheidung meines Lebens! 💵

Schreib mir 👉 @S2TSupport wenn du auch endlich ein Leben in Freiheit möchtest!",2026-09-25T04:59:02Z,,
@FREESIGNALSTOTRADEBYLENNART,60711,2026-09-25T04:30:34Z,"⭐️ Erfolge aus unserer VIP Community ⭐️

Danke für dein Feedback! Das zeigt dass wir auf dem richtigen Weg sind. Wir geben jeden Tag gas um dir starke Signale, Struktur und Ergebnisse zu liefern.

Weiter so S2T Community. Gemeinsam wachsen wir weiter.
👉@S2TSupport",2026-09-25T04:59:02Z,,
@TRADINGCENTRALGLOBAL,53793,2026-09-25T04:59:01Z,"It’s Friday, the last day of the regular trading week; good morning everyone! ✅

I’m about to hop behind the charts where I’ll be analyzing the markets alongside my private trading room.

I always wear my POV glasses and  use simple terms to explain why we’re taking a trade at a certain price.

More importantly… are you ready for today?",2026-09-25T04:59:07Z,2026-09-25T04:59:03Z,
@fxtradingvision,86131,2026-09-25T03:57:01Z,"✅ Back to the charts! I’m offering FREE ACCESS to the next 23 action takers that want to join my VIP team. 

Send me a private message and I will help you get started & personally guide you in your forex journey 🤝",2026-09-25T09:58:49Z,2026-09-25T08:38:25Z,
@fxtradingvision,86135,2026-09-25T05:36:21Z,"Can’t stress it enough.. Make sure to follow the instructions so you can be inside before the next trade is sent out

You see the results for yourself! How does that not wake you up????",2026-09-25T09:58:49Z,2026-09-25T05:36:22Z,
@fxtradingvision,86136,2026-09-25T06:13:46Z,,2026-09-25T09:58:49Z,2026-09-25T06:13:46Z,
@fxtradingvision,86137,2026-09-25T06:17:35Z,"No wrong answers here! Everyone has their own reasonings for things.

Priority 1 = Get food on the table.

If you got that covered, you can do anything you desire. Personally I always like to keep pushing, no matter how comfortable I am in my situation. That's also what I try to tell y'all day in, day out. You can't expect to be driving expensive cars and be able to go to expensive restaurants if you don't want to put in the work.

Let that be a lesson. Now back to the charts. Time to put words into action 🤑🏆",2026-09-25T09:58:49Z,2026-09-25T06:17:36Z,
@fxtradingvision,86138,2026-09-25T06:43:01Z,"Mitch copied my GOLD trades in the VIP and made €3,880 profit yesterday 💸",2026-09-25T09:58:49Z,2026-09-25T06:43:02Z,
@fxtradingvision,86139,2026-09-25T06:43:01Z,,2026-09-25T09:58:49Z,,
@fxtradingvision,86140,2026-09-25T06:46:01Z,"Check it out, made a nice €3,742 withdrawal too 🤑🤑 awesome payday isn’t it?! 

What’s the point of making all these profits if you can’t withdraw? That’s why we only use solid brokers in my VIP, no BS unregulated stuff :) 

FXTV is the real deal buddyyyy",2026-09-25T09:58:49Z,2026-09-25T06:46:02Z,
@fxtradingvision,86141,2026-09-25T07:21:01Z,,2026-09-25T09:58:49Z,2026-09-25T07:21:02Z,
@fxtradingvision,86142,2026-09-25T08:38:18Z,"THIS WEEK'S RESULTS IN MY VIP GROUP (so far)
Week 39, 2026

📊 Trades shared: 32
✅ Win: 25
❌ Loss: 7

>> Win-ratio: 78.1%

Another day, another opportunity to print! Don't miss today's trades 🔔

WANT TO COPY ALL MY TRADES? Click the button below to get FREE ACCESS to my VIP 👇🏻",2026-09-25T09:58:49Z,2026-09-25T08:38:19Z,
@fxtradingvision,86143,2026-09-25T08:38:48Z,,2026-09-25T09:58:49Z,,
@fxtradingvision,86144,2026-09-25T09:06:01Z,"Mitch copied my GOLD trades in the VIP and made €7,300 profit this week (€2,929 profit in 1 day) 💸",2026-09-25T09:58:49Z,2026-09-25T09:06:02Z,
@fxtradingvision,86145,2026-09-25T09:06:01Z,,2026-09-25T09:58:49Z,,
@phenexbillions,7156,2026-09-25T06:40:02Z,"☀️ Guten Morgen Leute, neuer Tag – neue Möglichkeiten. Wer vorbereitet startet, erkennt Chancen früher und setzt sauber um. Profite entstehen nicht durch Hoffnung, sondern durch klare Setups und konsequentes Handeln. Trading belohnt Fokus, Timing und Disziplin. Heute geht’s darum, präsent zu sein und umzusetzen.

Wenn du meinen kostenlosen Service kennenlernen willst und die Chancen aktiv nutzen möchtest, schreib mir ""START"".

➡ @billions_vitus",2026-09-25T09:58:51Z,,
@phenexbillions,7157,2026-09-25T07:39:32Z,"✅ NEUER PREMIUM TRADE! ✅

Solltest du noch nicht Mitglied meiner VIP Gruppe sein, hast du soeben ein kostenloses Signal verpasst.

Schreib mir jetzt ""START"" und sichere dir deinen kostenlosen Zugang zur VIP mit 2-4 präzisen Signalen am Tag❗️

➡ @billions_vitus",2026-09-25T09:58:51Z,,
@phenexbillions,7158,2026-09-25T07:48:02Z,"TP1 hit, that’s +500 pips 🚀✅

SL nach Belieben auf Break Even…",2026-09-25T09:58:51Z,,
@phenexbillions,7159,2026-09-25T08:19:10Z,"TP1 hit, that’s +500 pips 🚀✅

SL nach Belieben auf Break Even…",2026-09-25T09:58:51Z,,
@phenexbillions,7160,2026-09-25T08:19:15Z,"TP2 hit, that’s +1000 pips 🚀✅",2026-09-25T09:58:51Z,,
@phenexbillions,7161,2026-09-25T08:43:38Z,Meine Discretion 📈,2026-09-25T09:58:51Z,,
@phenexbillions,7162,2026-09-25T08:44:55Z,,2026-09-25T09:58:51Z,,
@phenexbillions,7163,2026-09-25T08:53:01Z,,2026-09-25T09:58:51Z,,
@phenexbillions,7164,2026-09-25T09:06:50Z,"TP3 hit, that’s +2300 pips 🚀✅",2026-09-25T09:58:51Z,,
@phenexbillions,7165,2026-09-25T09:43:06Z,"TP1, TP2 und TP3 sind alle dabei 😍 jetzt kann ich in Ruhe arbeiten gehen 🔥",2026-09-25T09:58:51Z,,
@WOLFXSIGNALS_FREEGROUP,11722,2026-09-25T07:05:30Z,,2026-09-25T09:58:54Z,,
@WOLFXSIGNALS_FREEGROUP,11723,2026-09-25T07:06:39Z,"❗️❗️❗️❗️❗️❗️❗️❗️

📌TOP 8 BENEFITS OF BEING A WOLFXSIGNALS VIP MEMBER⬇️

1️⃣/ Forex/Gold VIP: 8-15 Forex/Gold Signals per Week.

2️⃣/ Crypto VIP: 8-15 Crypto Signals per Week.
 
3️⃣/ AutoTrading Tools supported to follow our signals automatically.

4️⃣/ CopyTrading Service⭐️⭐️⭐️⭐️
 
➜ 100% Automated. More info here↗.

5️⃣/ Funded Accounts Service

➜ We pass prop firm exams. For clients who want to get funded.

6️⃣/ Secure Website to avoid scams: wolfxsignals.com 🔂

7️⃣/ Secure Payment Methods: PayPal, Debit Card, Apple Pay, Google Pay, USDT & BTC 📱

8️⃣/ Stop your subscription anytime.
 
    
    ❗️❗️❗️❗️❗️❗️❗️❗️❗️❗️

                             ⬇️",2026-09-25T09:58:54Z,2026-09-25T07:16:00Z,
@FXFARO_FREEGROUP,13683,2026-09-25T06:08:04Z,"Hey there.. the trading week is almost over, and today is shaping up to be an exciting one.",2026-09-25T09:58:57Z,2026-09-25T06:08:04Z,
@FXFARO_FREEGROUP,13684,2026-09-25T06:29:04Z,"Do your analysis ✅
Mark your key levels — these are essential parts of your trading plan.

Of course, there’s more to it…
But it all starts with having a clear plan before you even think about entering.

@fxfaro",2026-09-25T09:58:57Z,2026-09-25T06:29:04Z,
@FXFARO_FREEGROUP,13685,2026-09-25T07:22:04Z,"When creating your PLAN and doing your ANALYSIS, make sure you stick to ONE SINGLE TP 💸

No TP1 TP2 TP3
No splitting your position too early

If you still use multiple TPs…

You’ll notice over time that you’re NOT PROFITABLE.

You cut winners too fast
You keep losses full

Fix this, and everything changes. @fxfaro",2026-09-25T09:58:57Z,2026-09-25T07:22:04Z,
@FXFARO_FREEGROUP,13686,2026-09-25T07:48:17Z,"TODAY IS GOING TO BE ANOTHER IMPORTANT DAY FOR GOLD. 

I’ve already mapped out the key areas and potential setups I’m watching.

If you’re inside VIP:

STAY READY.
KEEP YOUR NOTIFICATIONS ON.
DON’T CHASE THE MOVE.

We wait for the right confirmation and then execute.",2026-09-25T09:58:57Z,2026-09-25T07:48:17Z,
@FXFARO_FREEGROUP,13687,2026-09-25T07:58:04Z,"When creating your PLAN and doing your ANALYSIS, make sure you stick to ONE SINGLE TP 💸

No TP1 TP2 TP3
No splitting your position too early

If you still use multiple TPs…

You’ll notice over time that you’re NOT PROFITABLE.

You cut winners too fast
You keep losses full

Fix this, and everything changes. @fxfaro",2026-09-25T09:58:57Z,2026-09-25T07:58:04Z,
@FXFARO_FREEGROUP,13688,2026-09-25T09:28:34Z,GOOD NEWS: I WILL SHARE A PUBLIC TRADE SOON.,2026-09-25T09:58:57Z,2026-09-25T09:28:34Z,
@FXFARO_FREEGROUP,13689,2026-09-25T09:29:33Z,"Sell NOW GBPAUD @ 1.88305
SL @ 1.88870
TP @ 1.87178",2026-09-25T09:58:57Z,2026-09-25T09:29:34Z,
@FXFARO_FREEGROUP,13690,2026-09-25T09:29:51Z,LIVE TRADE,2026-09-25T09:58:57Z,2026-09-25T09:29:52Z,
@TOPNOTCHFOREXFREE,23862,2026-09-25T06:32:11Z,"Good morning, traders! ☕️

My premium members woke up with INSANE PROFITS

I will send the first free GOLD TRADE of the day soon 🔥🥇

Turn on your notifications 🔔",2026-09-25T09:58:59Z,2026-09-25T06:32:12Z,
@TOPNOTCHFOREXFREE,23863,2026-09-25T07:24:46Z,Are you ready? 🔔,2026-09-25T09:58:59Z,2026-09-25T07:24:47Z,
@TOPNOTCHFOREXFREE,23864,2026-09-25T07:25:26Z,"🌎 SIGNAL ALERT!

💰 SELL XAUUSD 4275.1

🛩 TP1: 4273.0
🛩 TP2: 4270.3
🛩 TP3: 4261.4

⛔️ SL: 4288.8",2026-09-25T09:58:59Z,2026-09-25T07:25:28Z,
@TOPNOTCHFOREXFREE,23865,2026-09-25T07:36:37Z,"✅ TP1 hit: +210 pips 

Manage your trades, team 🫡🔥",2026-09-25T09:58:59Z,2026-09-25T07:36:39Z,
@TOPNOTCHFOREXFREE,23866,2026-09-25T09:37:25Z,"🌎 SIGNAL ALERT!

💰 SELL XAUUSD 4295.7

🛩 TP1: 4293.5
🛩 TP2: 4290.5
🛩 TP3: 4280.8

⛔️ SL: 4310.6",2026-09-25T09:58:59Z,2026-09-25T09:37:25Z,
@TOPNOTCHFOREXFREE,23867,2026-09-25T09:41:05Z,"✅ TP1 hit: +220 pips 

Manage your trades, team 🫡🔥",2026-09-25T09:58:59Z,2026-09-25T09:41:06Z,
@TAURUSTRADERSSIGNALE,39960,2026-09-25T05:36:04Z,"Ich kann es gar nicht oft genug betonen.. Haltet euch unbedingt an die Anweisungen, damit ihr vor dem nächsten Trade dabei sein könnt, bevor er verschickt wird.

Ihr seht die Ergebnisse doch selbst! Wie kann euch das bitte nicht wachrütteln????",2026-09-25T09:59:02Z,,
@TAURUSTRADERSSIGNALE,39961,2026-09-25T06:38:04Z,,2026-09-25T09:59:02Z,,
@TAURUSTRADERSSIGNALE,39962,2026-09-25T07:21:04Z,"Hier gibt es keine falschen Antworten! Jeder hat seine eigenen Gründe für seine Entscheidungen.

Priorität Nummer 1 = Essen auf den Tisch bringen.

Wenn das bei euch abgedeckt ist, könnt ihr alles tun, was ihr euch wünscht. Persönlich möchte ich mich immer weiter verbessern, egal wie komfortabel meine Situation gerade ist. Genau das versuche ich euch Tag für Tag zu vermitteln. Ihr könnt nicht erwarten, teure Autos zu fahren und in teuren Restaurants essen zu gehen, wenn ihr nicht bereit seid, die nötige Arbeit dafür zu investieren.

Nehmt das als Lektion. Und jetzt zurück zu den Charts. Zeit, Worten Taten folgen zu lassen 🤑🏆",2026-09-25T09:59:02Z,2026-09-25T07:30:02Z,
@TAURUSTRADERSSIGNALE,39963,2026-09-25T07:57:04Z,Noch 15€ und ich bin vorerst wieder bei +|- 0,2026-09-25T09:59:02Z,,
@TAURUSTRADERSSIGNALE,39964,2026-09-25T08:33:04Z,"…. ich habe heute von morgens bis abends alles gegeben, Risikobereitschaft gezeigt und in meinen Augen gewonnen. Danke Taurus Team❤️❤️❤️❤️❤️❤️❤️❤️❤️❤️",2026-09-25T09:59:02Z,2026-09-25T08:34:02Z,
@TAURUSTRADERSSIGNALE,39965,2026-09-25T09:05:48Z,"TP 1 hier schließen

+80 Pips Gewinn

SL auf Break-even setzen",2026-09-25T09:59:02Z,,
@TAURUSTRADERSSIGNALE,39966,2026-09-25T09:49:04Z,,2026-09-25T09:59:02Z,,
@FREESIGNALSTOTRADEBYLENNART,60712,2026-09-25T05:04:26Z,"⚠️Bei den folgenden Nachrichten handelt es sich um ein Ergebnis aus unserer Premium Gruppe, nicht um ein umzusetzendes Signal⚠️",2026-09-25T09:59:04Z,,
@FREESIGNALSTOTRADEBYLENNART,60713,2026-09-25T05:10:01Z,"🚀EURAUD - SELL🚀

Entry: 1.61878

Stopp-Loss: 1.62178

Take-Profit 1: 1.61728
Take-Profit 2: 1.61578
Take-Profit 3: 1.60978

📊3:1 Risk Reward 📊",2026-09-25T09:59:04Z,,
@FREESIGNALSTOTRADEBYLENNART,60714,2026-09-25T05:10:01Z,EURAUD TP1 HIT ✔️,2026-09-25T09:59:04Z,,
@FREESIGNALSTOTRADEBYLENNART,60715,2026-09-25T05:20:17Z,,2026-09-25T09:59:04Z,,
@FREESIGNALSTOTRADEBYLENNART,60716,2026-09-25T05:20:17Z,TP1 abgeholt 📈,2026-09-25T09:59:04Z,,
@FREESIGNALSTOTRADEBYLENNART,60717,2026-09-25T05:20:17Z,Der Einstieg war perfekt und genauso arbeiten Profis! Jetzt heißt es Risk sauber managen. Stop Loss auf Break Even und einfach weiter laufen lassen. TP2 ist schon in Sicht. 🔥,2026-09-25T09:59:04Z,,
@FREESIGNALSTOTRADEBYLENNART,60718,2026-09-25T05:20:17Z,"Sei beim nächsten Signal live dabei in der VIP Gruppe. 
👉@S2TSupport",2026-09-25T09:59:04Z,,
@FREESIGNALSTOTRADEBYLENNART,60719,2026-09-25T05:40:17Z,"Der Markt bewegt sich plötzlich stark und du weißt nicht warum?

Genau hier hilft unser News Bot.

Wichtige Nachrichten und Ereignisse bekommst du direkt mit, statt erst später nach dem Grund für eine Bewegung suchen zu müssen.

Natürlich nur für die Assets und Themen, die du selbst ausgewählt hast.

Den Zugang bekommst du über @S2TSupport",2026-09-25T09:59:04Z,,
@FREESIGNALSTOTRADEBYLENNART,60720,2026-09-25T06:03:10Z,"Ihr wisst, wie profitabel US DOLLAR für uns war 🚀

Die komplette Historie und alle Video-Analysen zu unseren größten Gewinnern findet ihr auf meinem YouTube-Kanal.

KLICK HIER UM DIR DIE ANALYSEN ANZUSCHAUEN

Dort seht ihr, dass das kein Zufall ist, sondern das Ergebnis eines Systems, das sich immer wieder bewährt. 🔥

Wenn du auch von diesen Analysen kostenlos profitieren willst schreib ""VIP"" an @S2TSupport",2026-09-25T09:59:04Z,,
@FREESIGNALSTOTRADEBYLENNART,60721,2026-09-25T06:34:45Z,"Ich habe euch etwas Besonderes beim Broker geklärt.

Ihr habt ab jetzt genau 120 Minuten Zeit um eure Einzahlung zu verdoppeln.

Das ist besser als jede Rendite, die ihr durch Trading erreichen könnt.

100% Gewinn ohne Risiko 💯

Nur die Schnellen kommen dran. Schreib ""DOPPELT"" an @S2TSupport.",2026-09-25T09:59:04Z,,
@FREESIGNALSTOTRADEBYLENNART,60722,2026-09-25T07:10:19Z,"Wir bieten dir exklusiv Live Trading Sessions an 📊

Diese finden in der VIP Gruppe statt. Hier tradet unser erfahrenster Trader Live vor der Kamera mit euch gemeinsam. Du kannst in Echtzeit die Trades übernehmen, dir Profite sichern und einiges dazulernen.

Verpasse keine Live Session mehr und aktiviert die Glocke in Telegram um benachrichtigt zu werden 🔔

Schreib mir eine Nachricht wenn du auch bei unseren Live Online Sessions dabei sein willst.

📱 @S2TSupport",2026-09-25T09:59:04Z,,
@FREESIGNALSTOTRADEBYLENNART,60723,2026-09-25T07:40:17Z,"VIP Signal ist LIVE und du bist nicht drin ❗️

Andere handeln gerade. Willst du weiter zusehen oder mitverdienen?

👉Jetzt kostenlosen Zugang sichern!",2026-09-25T09:59:04Z,,
@FREESIGNALSTOTRADEBYLENNART,60724,2026-09-25T08:46:57Z,"Welches deiner Produkte performt aktuell am besten? 📊

Unser Profitability Bot zeigt es dir jeden Tag.

Du entscheidest selbst, welche Produkte du verfolgen möchtest und bekommst deren aktuelle Entwicklung automatisch auf Telegram.

So weißt du jederzeit, was gerade läuft und was nicht.

👉 Zugang über @S2TSupport",2026-09-25T09:59:04Z,,
@FREESIGNALSTOTRADEBYLENNART,60725,2026-09-25T09:06:23Z,"⚠️Bei den folgenden Nachrichten handelt es sich um ein Ergebnis aus unserer Premium Gruppe, nicht um ein umzusetzendes Signal⚠️",2026-09-25T09:59:04Z,,
@FREESIGNALSTOTRADEBYLENNART,60726,2026-09-25T09:06:48Z,"🚀AUDUSD - BUY🚀

Entry: 0.70118

Stopp-Loss: 0.69918

Take-Profit 1: 0.70218
Take-Profit 2: 0.70318
Take-Profit 3: 0.70718

📊3:1 Risk Reward 📊",2026-09-25T09:59:04Z,,
@FREESIGNALSTOTRADEBYLENNART,60727,2026-09-25T09:06:48Z,AUDUSD TP1 HIT ✔️,2026-09-25T09:59:04Z,,
@FREESIGNALSTOTRADEBYLENNART,60728,2026-09-25T09:07:22Z,,2026-09-25T09:59:04Z,,
@FREESIGNALSTOTRADEBYLENNART,60729,2026-09-25T09:07:22Z,Ein weiterer sauberer Take Profit Treffer 🔥,2026-09-25T09:59:04Z,,
@FREESIGNALSTOTRADEBYLENNART,60730,2026-09-25T09:07:23Z,Unser Setup von wurde wie geplant ausgeführt. TP1 wurde mit technischer Präzision getroffen. Diese Bewegungen passieren nicht einfach so. Sie kommen zu denen die vorbereitet sind. 📈,2026-09-25T09:59:04Z,,
@FREESIGNALSTOTRADEBYLENNART,60731,2026-09-25T09:07:23Z,Jetzt Zugang sichern 📱 @S2TSupport,2026-09-25T09:59:04Z,,
@FREESIGNALSTOTRADEBYLENNART,60732,2026-09-25T09:10:20Z,"Alles wird klar und professionell erklärt, wodurch es viel angenehmer ist, jeden Trade zu verfolgen. 🎯",2026-09-25T09:59:04Z,,
@FREESIGNALSTOTRADEBYLENNART,60733,2026-09-25T09:20:30Z,"Unfassbar aber real! 🔥

Ein VIP Mitglied hat heute mit nur einem Entry mehr verdient als andere in einer Woche in seinem Job! 💯

Das Setup kam aus unserer Community. Du bekommst alles vorbereitet. Du musst nur noch umsetzen.

Du rennst seit Jahren im Kreis vielleicht ist es Zeit endlich auszubrechen.

📲Schreib mir direkt @S2TSupport bevor du wieder den nächsten Trade verpasst!",2026-09-25T09:59:04Z,,
@FREESIGNALSTOTRADEBYLENNART,60734,2026-09-25T09:31:35Z,"🚨S2T VIP - Einblick in die letzte Woche🚨

Im Free-Channel seht ihr nur einen Bruchteil der gesamten S2T Performance.

Im VIP haben wir letzte Woche +7k€ Gewinn für alle Mitglieder erzielt.✔️

Wie? Professionelle Analyse, multiple Märkte und durchgehenden Support

📲 Schreib @S2TSupport wenn du die Details wissen willst",2026-09-25T09:59:04Z,,
@FREESIGNALSTOTRADEBYLENNART,60735,2026-09-25T09:45:30Z,"Im MetaTrader kannst du Preisalarme setzen. So musst du nicht ständig die Charts beobachten. 

Im Chart einfach lange auf den gewünschten Preis tippen und „Alarm setzen“ auswählen ✔️

Besonders hilfreich für schnelle Reaktionen auf Breakouts, Unterstützungen oder Widerstände.

Nutze Alarme um auch nebenbei immer up to date zu bleiben und keine Chance zu verpassen!

Kein Bock mehr auf Verluste wegen schlechten Einstiegen? 

Schreibe 📱@S2TSupport",2026-09-25T09:59:04Z,,
@REALNATEFXC,5161,2026-09-25T06:18:24Z,MORNING TRADERS 👋,2026-09-25T09:59:07Z,2026-09-25T06:18:31Z,
@REALNATEFXC,5162,2026-09-25T06:19:00Z,"LAST DAY OF THE WEEK! Still plenty of time to catch winning trades ✔️

⏳Claim your FREE Premium Community spot today.",2026-09-25T09:59:07Z,2026-09-25T06:30:17Z,
@REALNATEFXC,5163,2026-09-25T06:19:00Z,,2026-09-25T09:59:07Z,,
@TRADINGCENTRALGLOBAL,53794,2026-09-25T05:05:05Z,,2026-09-25T09:59:09Z,2026-09-25T05:05:13Z,
@TRADINGCENTRALGLOBAL,53795,2026-09-25T05:10:06Z,💬 CLICK HERE TO ALSO GET LIMIT ORDERS FOR FREE IN MY PRIVATE COMMUNITY,2026-09-25T09:59:09Z,2026-09-25T05:10:13Z,
@TRADINGCENTRALGLOBAL,53796,2026-09-25T07:00:48Z,,2026-09-25T09:59:09Z,2026-09-25T07:00:53Z,
@TRADINGCENTRALGLOBAL,53797,2026-09-25T09:33:06Z,"Posted Mukit August 16th, he joined in April & here he is again… he made +$838,- in one day and you can achieve the exact same 👇

Consistency at its finest. Many communities never repost a member, simply because that member is already gone.

Blew his account after a few trades, because their trades are not profitable.

At this side, with our limit orders, analysis, livestreams and open community chat, profitability is paired with consistency ✅

That’s why I can post members multiple times a year. That’s why Mukit made +$838,- today and he will do the same tomorrow.",2026-09-25T09:59:09Z,2026-09-25T09:33:08Z,
@TRADINGCENTRALGLOBAL,53798,2026-09-25T09:33:06Z,,2026-09-25T09:59:09Z,,
@TRADINGCENTRALGLOBAL,53799,2026-09-25T09:41:01Z,"Just send “READY” & I’ll show you, for free, how to get results like Mukit and 1000’s of others who are doing the same:
💬@tradingcentralhelpdesk",2026-09-25T09:59:09Z,2026-09-25T09:41:03Z,
